{
    "name": "ac130_overlay_grain",
    "techniqueSet->name": "grain_overlay_h2",
    "gameFlags": 0,
    "sortKey": 52,
    "renderFlags": 0,
    "textureAtlasRowCount": 1,
    "textureAtlasColumnCount": 1,
    "textureAtlasFrameBlend": 0,
    "textureAtlasAsArray": 0,
    "surfaceTypeBits": 0,
    "cameraRegion": 12,
    "materialType": 0,
    "assetFlags": 0,
    "constantTable": null,
    "textureTable": [
        {
            "image": "h1_ac130_overlay_grain",
            "semantic": 0,
            "samplerState": 2,
            "lastCharacter": 112,
            "firstCharacter": 99,
            "typeHash": 2695565377
        }
    ]
}