{
    "name": "camo_h2m_poly_red",
    "techniqueSet->name": "l_sm_lmpb_dc1dn1ds1dg1_r0c0n0sd0_nfwpf",
    "gameFlags": 144,
    "sortKey": 38,
    "renderFlags": 0,
    "textureAtlasRowCount": 1,
    "textureAtlasColumnCount": 1,
    "textureAtlasFrameBlend": 0,
    "textureAtlasAsArray": 0,
    "surfaceTypeBits": 0,
    "cameraRegion": 12,
    "materialType": 0,
    "assetFlags": 0,
    "constantTable": [
        {
            "name": "decalParams1",
            "nameHash": 406666434,
            "literal": [
                1.0,
                1.0,
                0.0,
                0.0
            ]
        },
        {
            "name": "envMapParms",
            "nameHash": 1033475292,
            "literal": [
                0.03999999910593033,
                1.0,
                5.0,
                1.0
            ]
        }
    ],
    "textureTable": [
        {
            "image": "wpn_h2m_camo_poly_red_col",
            "semantic": 2,
            "samplerState": 19,
            "lastCharacter": 49,
            "firstCharacter": 100,
            "typeHash": 659983135
        },
        {
            "image": "~wpn_h2m_camo_poly_red_spc-rgb&wpn~ade72811",
            "semantic": 8,
            "samplerState": 19,
            "lastCharacter": 112,
            "firstCharacter": 115,
            "typeHash": 887934131
        },
        {
            "image": "wpn_h2m_camo_poly_red_nml",
            "semantic": 5,
            "samplerState": 19,
            "lastCharacter": 112,
            "firstCharacter": 110,
            "typeHash": 1507003663
        },
        {
            "image": "wpn_h2m_camo_poly_red_nml",
            "semantic": 5,
            "samplerState": 19,
            "lastCharacter": 49,
            "firstCharacter": 100,
            "typeHash": 1518176625
        },
        {
            "image": "camo_reference_col",
            "semantic": 2,
            "samplerState": 19,
            "lastCharacter": 112,
            "firstCharacter": 99,
            "typeHash": 2695565377
        },
        {
            "image": "fp_black_col",
            "semantic": 2,
            "samplerState": 19,
            "lastCharacter": 49,
            "firstCharacter": 100,
            "typeHash": 3135443286
        },
        {
            "image": "~wpn_h2m_camo_poly_red_spc-rgb&wpn~ade72811",
            "semantic": 8,
            "samplerState": 19,
            "lastCharacter": 49,
            "firstCharacter": 100,
            "typeHash": 3426233914
        },
        {
            "image": "~envbrdflut_ggx_16-rg",
            "semantic": 15,
            "samplerState": 226,
            "lastCharacter": 116,
            "firstCharacter": 101,
            "typeHash": 3447584578
        }
    ]
}