{
    "name": "cloud_spark_rndhit_64_sort_outdoor",
    "techniqueSet->name": "particle_cloud_outdoor_add_ga_h2",
    "gameFlags": 0,
    "sortKey": 56,
    "renderFlags": 0,
    "textureAtlasRowCount": 1,
    "textureAtlasColumnCount": 1,
    "textureAtlasFrameBlend": 0,
    "textureAtlasAsArray": 0,
    "surfaceTypeBits": 0,
    "cameraRegion": 4,
    "materialType": 0,
    "assetFlags": 0,
    "constantTable": null,
    "textureTable": [
        {
            "image": "sparks_rndhit_64",
            "semantic": 2,
            "samplerState": 2,
            "lastCharacter": 112,
            "firstCharacter": 99,
            "typeHash": 2695565377
        }
    ]
}