{
    "name": "distort_wave_crossbow_string_nodepth",
    "techniqueSet->name": "distortion_scale_ua_legacydst_eo_mask_mra_dat",
    "gameFlags": 32,
    "sortKey": 48,
    "renderFlags": 0,
    "textureAtlasRowCount": 1,
    "textureAtlasColumnCount": 1,
    "textureAtlasFrameBlend": 0,
    "textureAtlasAsArray": 0,
    "surfaceTypeBits": 0,
    "cameraRegion": 4,
    "materialType": 0,
    "assetFlags": 2,
    "constantTable": [
        {
            "name": "eyeOffsetPar",
            "nameHash": 135446697,
            "literal": [
                8.0,
                0.0,
                0.0,
                0.0
            ]
        },
        {
            "name": "uvAnimParms",
            "nameHash": 1894494101,
            "literal": [
                -4.37113897078234e-07,
                10.0,
                0.0,
                0.0
            ]
        },
        {
            "name": "distortionSc",
            "nameHash": 4084951315,
            "literal": [
                0.0,
                1.0,
                0.0,
                0.0
            ]
        }
    ],
    "textureTable": [
        {
            "image": "distort_exo_punch_mask",
            "semantic": 2,
            "samplerState": 19,
            "lastCharacter": 112,
            "firstCharacter": 109,
            "typeHash": 2658902024
        },
        {
            "image": "distort_vertical_gradient",
            "semantic": 2,
            "samplerState": 51,
            "lastCharacter": 112,
            "firstCharacter": 99,
            "typeHash": 2695565377
        }
    ]
}