{
    "name": "distort_ring_thin_s20",
    "techniqueSet->name": "distortion_scale_legacydst_dat_h2",
    "gameFlags": 0,
    "sortKey": 48,
    "renderFlags": 0,
    "textureAtlasRowCount": 1,
    "textureAtlasColumnCount": 1,
    "textureAtlasFrameBlend": 0,
    "textureAtlasAsArray": 0,
    "surfaceTypeBits": 0,
    "cameraRegion": 4,
    "materialType": 0,
    "assetFlags": 0,
    "constantTable": [
        {
            "name": "distortionSc",
            "nameHash": 4084951315,
            "literal": [
                20.0,
                20.0,
                0.0,
                0.0
            ]
        }
    ],
    "textureTable": [
        {
            "image": "distortion_ring_thin",
            "semantic": 2,
            "samplerState": 19,
            "lastCharacter": 112,
            "firstCharacter": 99,
            "typeHash": 2695565377
        }
    ]
}