{
    "name": "fx_debris_metal_scrap_1_blend_atlas",
    "techniqueSet->name": "effect_blend_ndw_h2",
    "gameFlags": 128,
    "sortKey": 53,
    "renderFlags": 0,
    "textureAtlasRowCount": 2,
    "textureAtlasColumnCount": 4,
    "textureAtlasFrameBlend": 0,
    "textureAtlasAsArray": 0,
    "surfaceTypeBits": 0,
    "cameraRegion": 4,
    "materialType": 0,
    "assetFlags": 0,
    "constantTable": null,
    "textureTable": [
        {
            "image": "metal_scrap_1",
            "semantic": 2,
            "samplerState": 19,
            "lastCharacter": 112,
            "firstCharacter": 99,
            "typeHash": 2695565377
        }
    ]
}