{
    "name": "fx_flare_line_glow_ylw_1_add_z0_fog0",
    "techniqueSet->name": "effect_hss_add_nofog_ndw_h2",
    "gameFlags": 0,
    "sortKey": 53,
    "renderFlags": 0,
    "textureAtlasRowCount": 1,
    "textureAtlasColumnCount": 1,
    "textureAtlasFrameBlend": 0,
    "textureAtlasAsArray": 0,
    "surfaceTypeBits": 0,
    "cameraRegion": 4,
    "materialType": 0,
    "assetFlags": 0,
    "constantTable": null,
    "textureTable": [
        {
            "image": "flare_line_glow_gray_02_hdr",
            "semantic": 2,
            "samplerState": 19,
            "lastCharacter": 112,
            "firstCharacter": 99,
            "typeHash": 2695565377
        }
    ]
}