{
    "name": "fx_fireball_03_add_atlas_z3_tip",
    "techniqueSet->name": "effect_zf_add_ndw_h2",
    "gameFlags": 0,
    "sortKey": 53,
    "renderFlags": 0,
    "textureAtlasRowCount": 4,
    "textureAtlasColumnCount": 8,
    "textureAtlasFrameBlend": 0,
    "textureAtlasAsArray": 0,
    "surfaceTypeBits": 0,
    "cameraRegion": 4,
    "materialType": 0,
    "assetFlags": 0,
    "constantTable": [
        {
            "name": "featherParms",
            "nameHash": 1300144692,
            "literal": [
                0.3333333432674408,
                3.0,
                0.0,
                0.0
            ]
        }
    ],
    "textureTable": [
        {
            "image": "fireball_03_tip",
            "semantic": 2,
            "samplerState": 19,
            "lastCharacter": 112,
            "firstCharacter": 99,
            "typeHash": 2695565377
        }
    ]
}