{
    "name": "fx_glare_hotspot_rays7_add_z30_e10",
    "techniqueSet->name": "effect_zf_add_ga_nofog_eo_ndw_h2",
    "gameFlags": 4,
    "sortKey": 53,
    "renderFlags": 0,
    "textureAtlasRowCount": 1,
    "textureAtlasColumnCount": 1,
    "textureAtlasFrameBlend": 0,
    "textureAtlasAsArray": 0,
    "surfaceTypeBits": 0,
    "cameraRegion": 4,
    "materialType": 0,
    "assetFlags": 0,
    "constantTable": [
        {
            "name": "eyeOffsetPar",
            "nameHash": 135446697,
            "literal": [
                10.0,
                0.0,
                0.0,
                0.0
            ]
        },
        {
            "name": "featherParms",
            "nameHash": 1300144692,
            "literal": [
                0.03333333507180214,
                30.0,
                0.0,
                0.0
            ]
        }
    ],
    "textureTable": [
        {
            "image": "flare_hotspot_rays_08",
            "semantic": 2,
            "samplerState": 19,
            "lastCharacter": 112,
            "firstCharacter": 99,
            "typeHash": 2695565377
        }
    ]
}