{
    "name": "fx_muzzle_flash_02_add_atlas_god045_z40_tip",
    "techniqueSet->name": "effect_zf_falloff_add_ndw_h2",
    "gameFlags": 0,
    "sortKey": 53,
    "renderFlags": 0,
    "textureAtlasRowCount": 1,
    "textureAtlasColumnCount": 4,
    "textureAtlasFrameBlend": 0,
    "textureAtlasAsArray": 0,
    "surfaceTypeBits": 0,
    "cameraRegion": 4,
    "materialType": 0,
    "assetFlags": 0,
    "constantTable": [
        {
            "name": "falloffBegin",
            "nameHash": 1023779314,
            "literal": [
                1.0,
                1.0,
                1.0,
                1.0
            ]
        },
        {
            "name": "featherParms",
            "nameHash": 1300144692,
            "literal": [
                0.02500000037252903,
                40.0,
                0.0,
                0.0
            ]
        },
        {
            "name": "falloffEndCo",
            "nameHash": 1797105402,
            "literal": [
                0.5,
                0.5,
                0.5,
                0.5
            ]
        },
        {
            "name": "falloffParms",
            "nameHash": 3185466613,
            "literal": [
                0.005263158120214939,
                -0.05263157933950424,
                1.9999998807907104,
                -0.9999999403953552
            ]
        }
    ],
    "textureTable": [
        {
            "image": "muzzle_flash_02_tip",
            "semantic": 2,
            "samplerState": 19,
            "lastCharacter": 112,
            "firstCharacter": 99,
            "typeHash": 2695565377
        }
    ]
}