{
    "name": "fx_muzzle_flash_glow_01_add_atlas_z40_tip",
    "techniqueSet->name": "effect_zf_add_ndw",
    "gameFlags": 0,
    "sortKey": 53,
    "renderFlags": 0,
    "textureAtlasRowCount": 2,
    "textureAtlasColumnCount": 2,
    "textureAtlasFrameBlend": 0,
    "textureAtlasAsArray": 0,
    "surfaceTypeBits": 0,
    "cameraRegion": 4,
    "materialType": 0,
    "assetFlags": 0,
    "constantTable": [
        {
            "name": "featherParms",
            "nameHash": 1300144692,
            "literal": [
                0.02500000037252903,
                40.0,
                0.0,
                0.0
            ]
        }
    ],
    "textureTable": [
        {
            "image": "muzzle_flash_glow_01",
            "semantic": 2,
            "samplerState": 19,
            "lastCharacter": 112,
            "firstCharacter": 99,
            "typeHash": 2695565377
        }
    ]
}