{
    "name": "fx_nuke_cap_atlas_godray_add",
    "techniqueSet->name": "2d",
    "gameFlags": 0,
    "sortKey": 38,
    "renderFlags": 0,
    "textureAtlasRowCount": 1,
    "textureAtlasColumnCount": 1,
    "textureAtlasFrameBlend": 0,
    "textureAtlasAsArray": 0,
    "surfaceTypeBits": 0,
    "cameraRegion": 12,
    "materialType": 0,
    "assetFlags": 0,
    "constantTable": [
        {
            "name": "uvScale",
            "nameHash": 3809220315,
            "literal": [
                1.0,
                1.0,
                0.0,
                0.0
            ]
        }
    ],
    "textureTable": [
        {
            "image": "default",
            "semantic": 2,
            "samplerState": 1,
            "lastCharacter": 112,
            "firstCharacter": 99,
            "typeHash": 2695565377
        }
    ]
}