{
    "name": "fx_post_light_sprite",
    "techniqueSet->name": "post_spritelight_h2",
    "gameFlags": 0,
    "sortKey": 49,
    "renderFlags": 0,
    "textureAtlasRowCount": 1,
    "textureAtlasColumnCount": 1,
    "textureAtlasFrameBlend": 0,
    "textureAtlasAsArray": 0,
    "surfaceTypeBits": 0,
    "cameraRegion": 4,
    "materialType": 0,
    "assetFlags": 0,
    "constantTable": [
        {
            "name": "uvScale",
            "nameHash": 3809220315,
            "literal": [
                1.0,
                1.0,
                0.0,
                0.0
            ]
        }
    ],
    "textureTable": [
        {
            "image": "post_spritelight",
            "semantic": 2,
            "samplerState": 19,
            "lastCharacter": 112,
            "firstCharacter": 99,
            "typeHash": 2695565377
        }
    ]
}