{
    "name": "fx_smk_missile_trail_01_god_z40_mask_dis_mp",
    "techniqueSet->name": "effect_gtfalloff_trailfade_blend_ndw_disintegrate_mask_h2",
    "gameFlags": 128,
    "sortKey": 53,
    "renderFlags": 0,
    "textureAtlasRowCount": 1,
    "textureAtlasColumnCount": 1,
    "textureAtlasFrameBlend": 0,
    "textureAtlasAsArray": 0,
    "surfaceTypeBits": 0,
    "cameraRegion": 4,
    "materialType": 0,
    "assetFlags": 0,
    "constantTable": [
        {
            "name": "falloffBegin",
            "nameHash": 1023779314,
            "literal": [
                1.0,
                1.0,
                1.0,
                1.0
            ]
        },
        {
            "name": "falloffEndCo",
            "nameHash": 1797105402,
            "literal": [
                1.0,
                1.0,
                1.0,
                0.5019609928131104
            ]
        },
        {
            "name": "disintegrate",
            "nameHash": 2706530801,
            "literal": [
                1.0,
                1.0,
                0.0,
                0.0
            ]
        },
        {
            "name": "falloffParms",
            "nameHash": 3185466613,
            "literal": [
                0.0010000000474974513,
                -9.0,
                1.9236806631088257,
                -0.1288621425628662
            ]
        }
    ],
    "textureTable": [
        {
            "image": "smk_missile_trail_mask",
            "semantic": 2,
            "samplerState": 19,
            "lastCharacter": 112,
            "firstCharacter": 109,
            "typeHash": 2658902024
        },
        {
            "image": "smk_missile_trail_01",
            "semantic": 2,
            "samplerState": 19,
            "lastCharacter": 112,
            "firstCharacter": 99,
            "typeHash": 2695565377
        }
    ]
}