{
    "name": "fx_smk_white_whisp_02_blend_atlas_tip",
    "techniqueSet->name": "effect_blend_ndw_h2",
    "gameFlags": 128,
    "sortKey": 53,
    "renderFlags": 0,
    "textureAtlasRowCount": 4,
    "textureAtlasColumnCount": 8,
    "textureAtlasFrameBlend": 0,
    "textureAtlasAsArray": 0,
    "surfaceTypeBits": 0,
    "cameraRegion": 4,
    "materialType": 0,
    "assetFlags": 0,
    "constantTable": null,
    "textureTable": [
        {
            "image": "smk_white_whisp_02_tip",
            "semantic": 2,
            "samplerState": 19,
            "lastCharacter": 112,
            "firstCharacter": 99,
            "typeHash": 2695565377
        }
    ]
}