{
    "name": "fx_smk_missile_trail_01_god8088_z40_sort",
    "techniqueSet->name": "effect_zf_gtfalloff_trailfade_blend_ndw_h2",
    "gameFlags": 128,
    "sortKey": 56,
    "renderFlags": 0,
    "textureAtlasRowCount": 1,
    "textureAtlasColumnCount": 1,
    "textureAtlasFrameBlend": 0,
    "textureAtlasAsArray": 0,
    "surfaceTypeBits": 0,
    "cameraRegion": 4,
    "materialType": 0,
    "assetFlags": 0,
    "constantTable": [
        {
            "name": "falloffBegin",
            "nameHash": 1023779314,
            "literal": [
                1.0,
                1.0,
                1.0,
                1.0
            ]
        },
        {
            "name": "featherParms",
            "nameHash": 1300144692,
            "literal": [
                0.02500000037252903,
                40.0,
                0.0,
                0.0
            ]
        },
        {
            "name": "falloffEndCo",
            "nameHash": 1797105402,
            "literal": [
                1.0,
                1.0,
                1.0,
                0.5019609928131104
            ]
        },
        {
            "name": "falloffParms",
            "nameHash": 3185466613,
            "literal": [
                0.0015384615398943424,
                -0.23076923191547394,
                34.55937957763672,
                -0.042092353105545044
            ]
        }
    ],
    "textureTable": [
        {
            "image": "smk_missile_trail_01",
            "semantic": 2,
            "samplerState": 19,
            "lastCharacter": 112,
            "firstCharacter": 99,
            "typeHash": 2695565377
        }
    ]
}