{
    "name": "fx_smk_white_loop_03_blend_atlas_z80_frmbld",
    "techniqueSet->name": "effect_zf_blend_tab_ndw_h2",
    "gameFlags": 128,
    "sortKey": 53,
    "renderFlags": 0,
    "textureAtlasRowCount": 8,
    "textureAtlasColumnCount": 8,
    "textureAtlasFrameBlend": 1,
    "textureAtlasAsArray": 0,
    "surfaceTypeBits": 0,
    "cameraRegion": 4,
    "materialType": 0,
    "assetFlags": 0,
    "constantTable": [
        {
            "name": "featherParms",
            "nameHash": 1300144692,
            "literal": [
                0.012500000186264515,
                80.0,
                0.0,
                0.0
            ]
        },
        {
            "name": "atlasBlendPa",
            "nameHash": 1921794295,
            "literal": [
                0.0,
                0.0,
                0.0,
                0.0
            ]
        }
    ],
    "textureTable": [
        {
            "image": "smk_white_loop_3",
            "semantic": 2,
            "samplerState": 19,
            "lastCharacter": 112,
            "firstCharacter": 99,
            "typeHash": 2695565377
        }
    ]
}