{
    "name": "fx_tracer",
    "techniqueSet->name": "effect_cso_hss_add_slf_ct_nofog_ndw",
    "gameFlags": 0,
    "sortKey": 56,
    "renderFlags": 0,
    "textureAtlasRowCount": 1,
    "textureAtlasColumnCount": 1,
    "textureAtlasFrameBlend": 0,
    "textureAtlasAsArray": 0,
    "surfaceTypeBits": 0,
    "cameraRegion": 4,
    "materialType": 0,
    "assetFlags": 0,
    "constantTable": [
        {
            "name": "colorTint",
            "nameHash": 3054254906,
            "literal": [
                10.0,
                10.0,
                10.0,
                1.0
            ]
        },
        {
            "name": "hdrColorParm",
            "nameHash": 3379990750,
            "literal": [
                24.0,
                0.0,
                0.0,
                0.0
            ]
        },
        {
            "name": "sceneLumParm",
            "nameHash": 3719717047,
            "literal": [
                1.0,
                0.0,
                0.0,
                0.0
            ]
        }
    ],
    "textureTable": [
        {
            "image": "tracer#0",
            "semantic": 2,
            "samplerState": 20,
            "lastCharacter": 112,
            "firstCharacter": 99,
            "typeHash": 2695565377
        }
    ]
}