{
    "name": "gfx_distortion_ring_light",
    "techniqueSet->name": "distortion_scale_legacydst_zf_dat",
    "gameFlags": 0,
    "sortKey": 48,
    "renderFlags": 0,
    "textureAtlasRowCount": 1,
    "textureAtlasColumnCount": 1,
    "textureAtlasFrameBlend": 0,
    "textureAtlasAsArray": 0,
    "surfaceTypeBits": 0,
    "cameraRegion": 4,
    "materialType": 0,
    "assetFlags": 0,
    "constantTable": [
        {
            "name": "featherParms",
            "nameHash": 1300144692,
            "literal": [
                0.02500000037252903,
                40.0,
                0.0,
                0.0
            ]
        },
        {
            "name": "distortionSc",
            "nameHash": 4084951315,
            "literal": [
                15.0,
                15.0,
                0.0,
                0.0
            ]
        }
    ],
    "textureTable": [
        {
            "image": "h1_og_distortion_ring",
            "semantic": 2,
            "samplerState": 2,
            "lastCharacter": 112,
            "firstCharacter": 99,
            "typeHash": 2695565377
        }
    ]
}