{
    "name": "gfx_flare_clr_a",
    "techniqueSet->name": "effect_zf_add_ndw_h2",
    "gameFlags": 0,
    "sortKey": 52,
    "renderFlags": 0,
    "textureAtlasRowCount": 1,
    "textureAtlasColumnCount": 1,
    "textureAtlasFrameBlend": 0,
    "textureAtlasAsArray": 0,
    "surfaceTypeBits": 0,
    "cameraRegion": 4,
    "materialType": 0,
    "assetFlags": 0,
    "constantTable": [
        {
            "name": "featherParms",
            "nameHash": 1300144692,
            "literal": [
                0.5,
                2.0,
                0.0,
                0.0
            ]
        }
    ],
    "textureTable": [
        {
            "image": "h1_og_flare_clr_a",
            "semantic": 2,
            "samplerState": 2,
            "lastCharacter": 112,
            "firstCharacter": 99,
            "typeHash": 2695565377
        }
    ]
}