{
    "name": "gfx_rockdebri_02",
    "techniqueSet->name": "effect_blend_ndw_h2",
    "gameFlags": 128,
    "sortKey": 53,
    "renderFlags": 0,
    "textureAtlasRowCount": 1,
    "textureAtlasColumnCount": 1,
    "textureAtlasFrameBlend": 0,
    "textureAtlasAsArray": 0,
    "surfaceTypeBits": 0,
    "cameraRegion": 4,
    "materialType": 0,
    "assetFlags": 0,
    "constantTable": null,
    "textureTable": [
        {
            "image": "h1_og_rockdebri_02",
            "semantic": 2,
            "samplerState": 2,
            "lastCharacter": 112,
            "firstCharacter": 99,
            "typeHash": 2695565377
        }
    ]
}