{
    "name": "gfx_muzflash_m16",
    "techniqueSet->name": "effect_add_ct_nofog_ndw",
    "gameFlags": 0,
    "sortKey": 53,
    "renderFlags": 0,
    "textureAtlasRowCount": 1,
    "textureAtlasColumnCount": 4,
    "textureAtlasFrameBlend": 0,
    "textureAtlasAsArray": 0,
    "surfaceTypeBits": 0,
    "cameraRegion": 4,
    "materialType": 0,
    "assetFlags": 0,
    "constantTable": [
        {
            "name": "colorTint",
            "nameHash": 3054254906,
            "literal": [
                5.0,
                5.0,
                5.0,
                1.0
            ]
        }
    ],
    "textureTable": [
        {
            "image": "m16_flares",
            "semantic": 2,
            "samplerState": 19,
            "lastCharacter": 112,
            "firstCharacter": 99,
            "typeHash": 2695565377
        }
    ]
}