{
    "name": "gfx_spotlight_lensflare_nuke",
    "techniqueSet->name": "effect_zf_add_nofog_ndw_h2",
    "gameFlags": 4,
    "sortKey": 53,
    "renderFlags": 0,
    "textureAtlasRowCount": 1,
    "textureAtlasColumnCount": 1,
    "textureAtlasFrameBlend": 0,
    "textureAtlasAsArray": 0,
    "surfaceTypeBits": 0,
    "cameraRegion": 4,
    "materialType": 0,
    "assetFlags": 0,
    "constantTable": [
        {
            "name": "featherParms",
            "nameHash": 1300144692,
            "literal": [
                0.012500000186264515,
                80.0,
                0.0,
                0.0
            ]
        }
    ],
    "textureTable": [
        {
            "image": "h1_og_spotlight_lensflare",
            "semantic": 2,
            "samplerState": 19,
            "lastCharacter": 112,
            "firstCharacter": 99,
            "typeHash": 2695565377
        }
    ]
}