{
    "name": "h1_javelin_overlay_distort",
    "techniqueSet->name": "distortion_scale_dat",
    "gameFlags": 0,
    "sortKey": 48,
    "renderFlags": 0,
    "textureAtlasRowCount": 1,
    "textureAtlasColumnCount": 1,
    "textureAtlasFrameBlend": 0,
    "textureAtlasAsArray": 0,
    "surfaceTypeBits": 0,
    "cameraRegion": 4,
    "materialType": 0,
    "assetFlags": 0,
    "constantTable": [
        {
            "name": "distortionSc",
            "nameHash": 4084951315,
            "literal": [
                50.0,
                50.0,
                0.0,
                0.0
            ]
        }
    ],
    "textureTable": [
        {
            "image": "h1_hud_javelin_distortion",
            "semantic": 2,
            "samplerState": 226,
            "lastCharacter": 112,
            "firstCharacter": 99,
            "typeHash": 2695565377
        }
    ]
}