{
    "name": "h1_ui_loader_emblem",
    "techniqueSet->name": "2d_ua",
    "gameFlags": 0,
    "sortKey": 52,
    "renderFlags": 0,
    "textureAtlasRowCount": 1,
    "textureAtlasColumnCount": 1,
    "textureAtlasFrameBlend": 0,
    "textureAtlasAsArray": 0,
    "surfaceTypeBits": 0,
    "cameraRegion": 12,
    "materialType": 0,
    "assetFlags": 2,
    "constantTable": [
        {
            "name": "uvAnimParms",
            "nameHash": 1894494101,
            "literal": [
                0.0,
                0.0,
                -6.28318452835083,
                0.0
            ]
        }
    ],
    "textureTable": [
        {
            "image": "h1_deco_ui_spinner_square",
            "semantic": 0,
            "samplerState": 226,
            "lastCharacter": 112,
            "firstCharacter": 99,
            "typeHash": 2695565377
        }
    ]
}