{
    "name": "h2m_headicon_opfor",
    "techniqueSet->name": "effect_cso_hss_blend_ndw",
    "gameFlags": 128,
    "sortKey": 55,
    "renderFlags": 0,
    "textureAtlasRowCount": 1,
    "textureAtlasColumnCount": 1,
    "textureAtlasFrameBlend": 0,
    "textureAtlasAsArray": 0,
    "surfaceTypeBits": 0,
    "cameraRegion": 4,
    "materialType": 0,
    "assetFlags": 0,
    "constantTable": [
        {
            "name": "hdrColorParm",
            "nameHash": 3379990750,
            "literal": [
                15.0,
                0.0,
                0.0,
                0.0
            ]
        }
    ],
    "textureTable": [
        {
            "image": "h2m_faction_opfor",
            "semantic": 2,
            "samplerState": 226,
            "lastCharacter": 112,
            "firstCharacter": 99,
            "typeHash": 2695565377
        }
    ]
}