{
    "name": "default_vlb",
    "id": 0,
    "id2": 0,
    "xpColId": -1,
    "prestigeColId": -1,
    "updateType": 0,
    "trackTypes": 1,
    "columns": [
        {
            "name": "Rank",
            "id": 65535,
            "propertyId": 268468225,
            "hidden": false,
            "statsGroup": 7,
            "statName": "",
            "type": 0,
            "precision": 0,
            "agg": 3,
            "uiCalColX": 0,
            "uiCalColY": 0
        },
        {
            "name": "Gamer Name",
            "id": 65533,
            "propertyId": 1073774594,
            "hidden": false,
            "statsGroup": 7,
            "statName": "",
            "type": 0,
            "precision": 0,
            "agg": 3,
            "uiCalColX": 0,
            "uiCalColY": 0
        }
    ],
    "pad": 0
}