{
    "name": "lb_mp_gm_os",
    "id": 15,
    "id2": 0,
    "xpColId": 0,
    "prestigeColId": 0,
    "updateType": 0,
    "trackTypes": 0,
    "columns": [
        {
            "name": "Rank",
            "id": 65535,
            "propertyId": 0,
            "hidden": false,
            "statsGroup": 7,
            "statName": "",
            "type": 0,
            "precision": 0,
            "agg": 3,
            "uiCalColX": 0,
            "uiCalColY": 0
        },
        {
            "name": "Prestige Level",
            "id": 0,
            "propertyId": 0,
            "hidden": false,
            "statsGroup": 0,
            "statName": "prestige",
            "type": 3,
            "precision": 0,
            "agg": 3,
            "uiCalColX": 0,
            "uiCalColY": 0
        },
        {
            "name": "Total XP",
            "id": 1,
            "propertyId": 0,
            "hidden": false,
            "statsGroup": 0,
            "statName": "experience",
            "type": 2,
            "precision": 0,
            "agg": 3,
            "uiCalColX": 0,
            "uiCalColY": 0
        },
        {
            "name": "Gamer Name",
            "id": 65533,
            "propertyId": 0,
            "hidden": false,
            "statsGroup": 7,
            "statName": "",
            "type": 0,
            "precision": 0,
            "agg": 3,
            "uiCalColX": 0,
            "uiCalColY": 0
        },
        {
            "name": "Score",
            "id": 2,
            "propertyId": 0,
            "hidden": false,
            "statsGroup": 0,
            "statName": "lbstats war_OS score",
            "type": 0,
            "precision": 0,
            "agg": 3,
            "uiCalColX": 0,
            "uiCalColY": 0
        },
        {
            "name": "Time Played",
            "id": 3,
            "propertyId": 0,
            "hidden": false,
            "statsGroup": 0,
            "statName": "lbstats war_OS timePlayed",
            "type": 1,
            "precision": 0,
            "agg": 3,
            "uiCalColX": 0,
            "uiCalColY": 0
        },
        {
            "name": "Games Played",
            "id": 4,
            "propertyId": 0,
            "hidden": false,
            "statsGroup": 0,
            "statName": "lbstats war_OS gamesPlayed",
            "type": 0,
            "precision": 0,
            "agg": 3,
            "uiCalColX": 0,
            "uiCalColY": 0
        },
        {
            "name": "Kills",
            "id": 5,
            "propertyId": 0,
            "hidden": false,
            "statsGroup": 0,
            "statName": "lbstats war_OS kills",
            "type": 0,
            "precision": 0,
            "agg": 3,
            "uiCalColX": 0,
            "uiCalColY": 0
        },
        {
            "name": "Deaths",
            "id": 6,
            "propertyId": 0,
            "hidden": false,
            "statsGroup": 0,
            "statName": "lbstats war_OS deaths",
            "type": 0,
            "precision": 0,
            "agg": 3,
            "uiCalColX": 0,
            "uiCalColY": 0
        },
        {
            "name": "Assists",
            "id": 7,
            "propertyId": 0,
            "hidden": false,
            "statsGroup": 0,
            "statName": "lbstats war_OS assists",
            "type": 0,
            "precision": 0,
            "agg": 3,
            "uiCalColX": 0,
            "uiCalColY": 0
        },
        {
            "name": "Score",
            "id": 8,
            "propertyId": 0,
            "hidden": false,
            "statsGroup": 0,
            "statName": "lbstats dm_OS score",
            "type": 0,
            "precision": 0,
            "agg": 3,
            "uiCalColX": 0,
            "uiCalColY": 0
        },
        {
            "name": "Time Played",
            "id": 9,
            "propertyId": 0,
            "hidden": false,
            "statsGroup": 0,
            "statName": "lbstats dm_OS timePlayed",
            "type": 1,
            "precision": 0,
            "agg": 3,
            "uiCalColX": 0,
            "uiCalColY": 0
        },
        {
            "name": "Games Played",
            "id": 10,
            "propertyId": 0,
            "hidden": false,
            "statsGroup": 0,
            "statName": "lbstats dm_OS gamesPlayed",
            "type": 0,
            "precision": 0,
            "agg": 3,
            "uiCalColX": 0,
            "uiCalColY": 0
        },
        {
            "name": "Kills",
            "id": 11,
            "propertyId": 0,
            "hidden": false,
            "statsGroup": 0,
            "statName": "lbstats dm_OS kills",
            "type": 0,
            "precision": 0,
            "agg": 3,
            "uiCalColX": 0,
            "uiCalColY": 0
        },
        {
            "name": "Deaths",
            "id": 12,
            "propertyId": 0,
            "hidden": false,
            "statsGroup": 0,
            "statName": "lbstats dm_OS deaths",
            "type": 0,
            "precision": 0,
            "agg": 3,
            "uiCalColX": 0,
            "uiCalColY": 0
        },
        {
            "name": "Headshots",
            "id": 13,
            "propertyId": 0,
            "hidden": false,
            "statsGroup": 0,
            "statName": "lbstats dm_OS headshots",
            "type": 0,
            "precision": 0,
            "agg": 3,
            "uiCalColX": 0,
            "uiCalColY": 0
        },
        {
            "name": "Score",
            "id": 14,
            "propertyId": 0,
            "hidden": false,
            "statsGroup": 0,
            "statName": "lbstats conf_OS score",
            "type": 0,
            "precision": 0,
            "agg": 3,
            "uiCalColX": 0,
            "uiCalColY": 0
        },
        {
            "name": "Time Played",
            "id": 15,
            "propertyId": 0,
            "hidden": false,
            "statsGroup": 0,
            "statName": "lbstats conf_OS timePlayed",
            "type": 1,
            "precision": 0,
            "agg": 3,
            "uiCalColX": 0,
            "uiCalColY": 0
        },
        {
            "name": "Games Played",
            "id": 16,
            "propertyId": 0,
            "hidden": false,
            "statsGroup": 0,
            "statName": "lbstats conf_OS gamesPlayed",
            "type": 0,
            "precision": 0,
            "agg": 3,
            "uiCalColX": 0,
            "uiCalColY": 0
        },
        {
            "name": "Kills",
            "id": 17,
            "propertyId": 0,
            "hidden": false,
            "statsGroup": 0,
            "statName": "lbstats conf_OS kills",
            "type": 0,
            "precision": 0,
            "agg": 3,
            "uiCalColX": 0,
            "uiCalColY": 0
        },
        {
            "name": "Deaths",
            "id": 18,
            "propertyId": 0,
            "hidden": false,
            "statsGroup": 0,
            "statName": "lbstats conf_OS deaths",
            "type": 0,
            "precision": 0,
            "agg": 3,
            "uiCalColX": 0,
            "uiCalColY": 0
        },
        {
            "name": "Confirms",
            "id": 19,
            "propertyId": 0,
            "hidden": false,
            "statsGroup": 0,
            "statName": "lbstats conf_OS confirms",
            "type": 0,
            "precision": 0,
            "agg": 3,
            "uiCalColX": 0,
            "uiCalColY": 0
        },
        {
            "name": "Denies",
            "id": 20,
            "propertyId": 0,
            "hidden": false,
            "statsGroup": 0,
            "statName": "lbstats conf_OS denies",
            "type": 0,
            "precision": 0,
            "agg": 3,
            "uiCalColX": 0,
            "uiCalColY": 0
        },
        {
            "name": "Score",
            "id": 21,
            "propertyId": 0,
            "hidden": false,
            "statsGroup": 0,
            "statName": "lbstats sd_OS score",
            "type": 0,
            "precision": 0,
            "agg": 3,
            "uiCalColX": 0,
            "uiCalColY": 0
        },
        {
            "name": "Time Played",
            "id": 22,
            "propertyId": 0,
            "hidden": false,
            "statsGroup": 0,
            "statName": "lbstats sd_OS timePlayed",
            "type": 1,
            "precision": 0,
            "agg": 3,
            "uiCalColX": 0,
            "uiCalColY": 0
        },
        {
            "name": "Games Played",
            "id": 23,
            "propertyId": 0,
            "hidden": false,
            "statsGroup": 0,
            "statName": "lbstats sd_OS gamesPlayed",
            "type": 0,
            "precision": 0,
            "agg": 3,
            "uiCalColX": 0,
            "uiCalColY": 0
        },
        {
            "name": "Kills",
            "id": 24,
            "propertyId": 0,
            "hidden": false,
            "statsGroup": 0,
            "statName": "lbstats sd_OS kills",
            "type": 0,
            "precision": 0,
            "agg": 3,
            "uiCalColX": 0,
            "uiCalColY": 0
        },
        {
            "name": "Deaths",
            "id": 25,
            "propertyId": 0,
            "hidden": false,
            "statsGroup": 0,
            "statName": "lbstats sd_OS deaths",
            "type": 0,
            "precision": 0,
            "agg": 3,
            "uiCalColX": 0,
            "uiCalColY": 0
        },
        {
            "name": "Plants",
            "id": 26,
            "propertyId": 0,
            "hidden": false,
            "statsGroup": 0,
            "statName": "lbstats sd_OS plants",
            "type": 0,
            "precision": 0,
            "agg": 3,
            "uiCalColX": 0,
            "uiCalColY": 0
        },
        {
            "name": "Defuses",
            "id": 27,
            "propertyId": 0,
            "hidden": false,
            "statsGroup": 0,
            "statName": "lbstats sd_OS defuses",
            "type": 0,
            "precision": 0,
            "agg": 3,
            "uiCalColX": 0,
            "uiCalColY": 0
        },
        {
            "name": "Defends",
            "id": 28,
            "propertyId": 0,
            "hidden": false,
            "statsGroup": 0,
            "statName": "lbstats sd_OS defends",
            "type": 0,
            "precision": 0,
            "agg": 3,
            "uiCalColX": 0,
            "uiCalColY": 0
        },
        {
            "name": "Score",
            "id": 29,
            "propertyId": 0,
            "hidden": false,
            "statsGroup": 0,
            "statName": "lbstats dom_OS score",
            "type": 0,
            "precision": 0,
            "agg": 3,
            "uiCalColX": 0,
            "uiCalColY": 0
        },
        {
            "name": "Time Played",
            "id": 30,
            "propertyId": 0,
            "hidden": false,
            "statsGroup": 0,
            "statName": "lbstats dom_OS timePlayed",
            "type": 1,
            "precision": 0,
            "agg": 3,
            "uiCalColX": 0,
            "uiCalColY": 0
        },
        {
            "name": "Games Played",
            "id": 31,
            "propertyId": 0,
            "hidden": false,
            "statsGroup": 0,
            "statName": "lbstats dom_OS gamesPlayed",
            "type": 0,
            "precision": 0,
            "agg": 3,
            "uiCalColX": 0,
            "uiCalColY": 0
        },
        {
            "name": "Kills",
            "id": 32,
            "propertyId": 0,
            "hidden": false,
            "statsGroup": 0,
            "statName": "lbstats dom_OS kills",
            "type": 0,
            "precision": 0,
            "agg": 3,
            "uiCalColX": 0,
            "uiCalColY": 0
        },
        {
            "name": "Deaths",
            "id": 33,
            "propertyId": 0,
            "hidden": false,
            "statsGroup": 0,
            "statName": "lbstats dom_OS deaths",
            "type": 0,
            "precision": 0,
            "agg": 3,
            "uiCalColX": 0,
            "uiCalColY": 0
        },
        {
            "name": "Captures",
            "id": 34,
            "propertyId": 0,
            "hidden": false,
            "statsGroup": 0,
            "statName": "lbstats dom_OS captures",
            "type": 0,
            "precision": 0,
            "agg": 3,
            "uiCalColX": 0,
            "uiCalColY": 0
        },
        {
            "name": "Defends",
            "id": 35,
            "propertyId": 0,
            "hidden": false,
            "statsGroup": 0,
            "statName": "lbstats dom_OS defends",
            "type": 0,
            "precision": 0,
            "agg": 3,
            "uiCalColX": 0,
            "uiCalColY": 0
        },
        {
            "name": "Score",
            "id": 36,
            "propertyId": 0,
            "hidden": false,
            "statsGroup": 0,
            "statName": "lbstats koth_OS score",
            "type": 0,
            "precision": 0,
            "agg": 3,
            "uiCalColX": 0,
            "uiCalColY": 0
        },
        {
            "name": "Time Played",
            "id": 37,
            "propertyId": 0,
            "hidden": false,
            "statsGroup": 0,
            "statName": "lbstats koth_OS timePlayed",
            "type": 1,
            "precision": 0,
            "agg": 3,
            "uiCalColX": 0,
            "uiCalColY": 0
        },
        {
            "name": "Games Played",
            "id": 38,
            "propertyId": 0,
            "hidden": false,
            "statsGroup": 0,
            "statName": "lbstats koth_OS gamesPlayed",
            "type": 0,
            "precision": 0,
            "agg": 3,
            "uiCalColX": 0,
            "uiCalColY": 0
        },
        {
            "name": "Kills",
            "id": 39,
            "propertyId": 0,
            "hidden": false,
            "statsGroup": 0,
            "statName": "lbstats koth_OS kills",
            "type": 0,
            "precision": 0,
            "agg": 3,
            "uiCalColX": 0,
            "uiCalColY": 0
        },
        {
            "name": "Deaths",
            "id": 40,
            "propertyId": 0,
            "hidden": false,
            "statsGroup": 0,
            "statName": "lbstats koth_OS deaths",
            "type": 0,
            "precision": 0,
            "agg": 3,
            "uiCalColX": 0,
            "uiCalColY": 0
        },
        {
            "name": "Captures",
            "id": 41,
            "propertyId": 0,
            "hidden": false,
            "statsGroup": 0,
            "statName": "lbstats koth_OS captures",
            "type": 0,
            "precision": 0,
            "agg": 3,
            "uiCalColX": 0,
            "uiCalColY": 0
        },
        {
            "name": "Defends",
            "id": 42,
            "propertyId": 0,
            "hidden": false,
            "statsGroup": 0,
            "statName": "lbstats koth_OS defends",
            "type": 0,
            "precision": 0,
            "agg": 3,
            "uiCalColX": 0,
            "uiCalColY": 0
        },
        {
            "name": "Destructions",
            "id": 43,
            "propertyId": 0,
            "hidden": false,
            "statsGroup": 0,
            "statName": "lbstats koth_OS destructions",
            "type": 0,
            "precision": 0,
            "agg": 3,
            "uiCalColX": 0,
            "uiCalColY": 0
        },
        {
            "name": "Score",
            "id": 44,
            "propertyId": 0,
            "hidden": false,
            "statsGroup": 0,
            "statName": "lbstats sab_OS score",
            "type": 0,
            "precision": 0,
            "agg": 3,
            "uiCalColX": 0,
            "uiCalColY": 0
        },
        {
            "name": "Time Played",
            "id": 45,
            "propertyId": 0,
            "hidden": false,
            "statsGroup": 0,
            "statName": "lbstats sab_OS timePlayed",
            "type": 1,
            "precision": 0,
            "agg": 3,
            "uiCalColX": 0,
            "uiCalColY": 0
        },
        {
            "name": "Games Played",
            "id": 46,
            "propertyId": 0,
            "hidden": false,
            "statsGroup": 0,
            "statName": "lbstats sab_OS gamesPlayed",
            "type": 0,
            "precision": 0,
            "agg": 3,
            "uiCalColX": 0,
            "uiCalColY": 0
        },
        {
            "name": "Kills",
            "id": 47,
            "propertyId": 0,
            "hidden": false,
            "statsGroup": 0,
            "statName": "lbstats sab_OS kills",
            "type": 0,
            "precision": 0,
            "agg": 3,
            "uiCalColX": 0,
            "uiCalColY": 0
        },
        {
            "name": "Deaths",
            "id": 48,
            "propertyId": 0,
            "hidden": false,
            "statsGroup": 0,
            "statName": "lbstats sab_OS deaths",
            "type": 0,
            "precision": 0,
            "agg": 3,
            "uiCalColX": 0,
            "uiCalColY": 0
        },
        {
            "name": "Plants",
            "id": 49,
            "propertyId": 0,
            "hidden": false,
            "statsGroup": 0,
            "statName": "lbstats sab_OS plants",
            "type": 0,
            "precision": 0,
            "agg": 3,
            "uiCalColX": 0,
            "uiCalColY": 0
        },
        {
            "name": "Defuses",
            "id": 50,
            "propertyId": 0,
            "hidden": false,
            "statsGroup": 0,
            "statName": "lbstats sab_OS defuses",
            "type": 0,
            "precision": 0,
            "agg": 3,
            "uiCalColX": 0,
            "uiCalColY": 0
        },
        {
            "name": "Defends",
            "id": 51,
            "propertyId": 0,
            "hidden": false,
            "statsGroup": 0,
            "statName": "lbstats sab_OS defends",
            "type": 0,
            "precision": 0,
            "agg": 3,
            "uiCalColX": 0,
            "uiCalColY": 0
        },
        {
            "name": "Score",
            "id": 52,
            "propertyId": 0,
            "hidden": false,
            "statsGroup": 0,
            "statName": "lbstats ctf_OS score",
            "type": 0,
            "precision": 0,
            "agg": 3,
            "uiCalColX": 0,
            "uiCalColY": 0
        },
        {
            "name": "Time Played",
            "id": 53,
            "propertyId": 0,
            "hidden": false,
            "statsGroup": 0,
            "statName": "lbstats ctf_OS timePlayed",
            "type": 1,
            "precision": 0,
            "agg": 3,
            "uiCalColX": 0,
            "uiCalColY": 0
        },
        {
            "name": "Games Played",
            "id": 54,
            "propertyId": 0,
            "hidden": false,
            "statsGroup": 0,
            "statName": "lbstats ctf_OS gamesPlayed",
            "type": 0,
            "precision": 0,
            "agg": 3,
            "uiCalColX": 0,
            "uiCalColY": 0
        },
        {
            "name": "Kills",
            "id": 55,
            "propertyId": 0,
            "hidden": false,
            "statsGroup": 0,
            "statName": "lbstats ctf_OS kills",
            "type": 0,
            "precision": 0,
            "agg": 3,
            "uiCalColX": 0,
            "uiCalColY": 0
        },
        {
            "name": "Deaths",
            "id": 56,
            "propertyId": 0,
            "hidden": false,
            "statsGroup": 0,
            "statName": "lbstats ctf_OS deaths",
            "type": 0,
            "precision": 0,
            "agg": 3,
            "uiCalColX": 0,
            "uiCalColY": 0
        },
        {
            "name": "Captures",
            "id": 57,
            "propertyId": 0,
            "hidden": false,
            "statsGroup": 0,
            "statName": "lbstats ctf_OS captures",
            "type": 0,
            "precision": 0,
            "agg": 3,
            "uiCalColX": 0,
            "uiCalColY": 0
        },
        {
            "name": "Returns",
            "id": 58,
            "propertyId": 0,
            "hidden": false,
            "statsGroup": 0,
            "statName": "lbstats ctf_OS returns",
            "type": 0,
            "precision": 0,
            "agg": 3,
            "uiCalColX": 0,
            "uiCalColY": 0
        },
        {
            "name": "Defends",
            "id": 59,
            "propertyId": 0,
            "hidden": false,
            "statsGroup": 0,
            "statName": "lbstats ctf_OS defends",
            "type": 0,
            "precision": 0,
            "agg": 3,
            "uiCalColX": 0,
            "uiCalColY": 0
        },
        {
            "name": "Score",
            "id": 60,
            "propertyId": 0,
            "hidden": false,
            "statsGroup": 0,
            "statName": "lbstats gun_OS score",
            "type": 0,
            "precision": 0,
            "agg": 3,
            "uiCalColX": 0,
            "uiCalColY": 0
        },
        {
            "name": "Time Played",
            "id": 61,
            "propertyId": 0,
            "hidden": false,
            "statsGroup": 0,
            "statName": "lbstats gun_OS timePlayed",
            "type": 1,
            "precision": 0,
            "agg": 3,
            "uiCalColX": 0,
            "uiCalColY": 0
        },
        {
            "name": "Games Played",
            "id": 62,
            "propertyId": 0,
            "hidden": false,
            "statsGroup": 0,
            "statName": "lbstats gun_OS gamesPlayed",
            "type": 0,
            "precision": 0,
            "agg": 3,
            "uiCalColX": 0,
            "uiCalColY": 0
        },
        {
            "name": "Kills",
            "id": 63,
            "propertyId": 0,
            "hidden": false,
            "statsGroup": 0,
            "statName": "lbstats gun_OS kills",
            "type": 0,
            "precision": 0,
            "agg": 3,
            "uiCalColX": 0,
            "uiCalColY": 0
        },
        {
            "name": "Deaths",
            "id": 64,
            "propertyId": 0,
            "hidden": false,
            "statsGroup": 0,
            "statName": "lbstats gun_OS deaths",
            "type": 0,
            "precision": 0,
            "agg": 3,
            "uiCalColX": 0,
            "uiCalColY": 0
        },
        {
            "name": "Score",
            "id": 65,
            "propertyId": 0,
            "hidden": false,
            "statsGroup": 0,
            "statName": "lbstats hp_OS score",
            "type": 0,
            "precision": 0,
            "agg": 3,
            "uiCalColX": 0,
            "uiCalColY": 0
        },
        {
            "name": "Time Played",
            "id": 66,
            "propertyId": 0,
            "hidden": false,
            "statsGroup": 0,
            "statName": "lbstats hp_OS timePlayed",
            "type": 1,
            "precision": 0,
            "agg": 3,
            "uiCalColX": 0,
            "uiCalColY": 0
        },
        {
            "name": "Games Played",
            "id": 67,
            "propertyId": 0,
            "hidden": false,
            "statsGroup": 0,
            "statName": "lbstats hp_OS gamesPlayed",
            "type": 0,
            "precision": 0,
            "agg": 3,
            "uiCalColX": 0,
            "uiCalColY": 0
        },
        {
            "name": "Kills",
            "id": 68,
            "propertyId": 0,
            "hidden": false,
            "statsGroup": 0,
            "statName": "lbstats hp_OS kills",
            "type": 0,
            "precision": 0,
            "agg": 3,
            "uiCalColX": 0,
            "uiCalColY": 0
        },
        {
            "name": "Deaths",
            "id": 69,
            "propertyId": 0,
            "hidden": false,
            "statsGroup": 0,
            "statName": "lbstats hp_OS deaths",
            "type": 0,
            "precision": 0,
            "agg": 3,
            "uiCalColX": 0,
            "uiCalColY": 0
        },
        {
            "name": "Captures",
            "id": 70,
            "propertyId": 0,
            "hidden": false,
            "statsGroup": 0,
            "statName": "lbstats hp_OS captures",
            "type": 0,
            "precision": 0,
            "agg": 3,
            "uiCalColX": 0,
            "uiCalColY": 0
        },
        {
            "name": "Defends",
            "id": 71,
            "propertyId": 0,
            "hidden": false,
            "statsGroup": 0,
            "statName": "lbstats hp_OS defends",
            "type": 0,
            "precision": 0,
            "agg": 3,
            "uiCalColX": 0,
            "uiCalColY": 0
        },
        {
            "name": "Score",
            "id": 72,
            "propertyId": 0,
            "hidden": false,
            "statsGroup": 0,
            "statName": "lbstats dd_OS score",
            "type": 0,
            "precision": 0,
            "agg": 3,
            "uiCalColX": 0,
            "uiCalColY": 0
        },
        {
            "name": "Time Played",
            "id": 73,
            "propertyId": 0,
            "hidden": false,
            "statsGroup": 0,
            "statName": "lbstats dd_OS timePlayed",
            "type": 1,
            "precision": 0,
            "agg": 3,
            "uiCalColX": 0,
            "uiCalColY": 0
        },
        {
            "name": "Games Played",
            "id": 74,
            "propertyId": 0,
            "hidden": false,
            "statsGroup": 0,
            "statName": "lbstats dd_OS gamesPlayed",
            "type": 0,
            "precision": 0,
            "agg": 3,
            "uiCalColX": 0,
            "uiCalColY": 0
        },
        {
            "name": "Kills",
            "id": 75,
            "propertyId": 0,
            "hidden": false,
            "statsGroup": 0,
            "statName": "lbstats dd_OS kills",
            "type": 0,
            "precision": 0,
            "agg": 3,
            "uiCalColX": 0,
            "uiCalColY": 0
        },
        {
            "name": "Deaths",
            "id": 76,
            "propertyId": 0,
            "hidden": false,
            "statsGroup": 0,
            "statName": "lbstats dd_OS deaths",
            "type": 0,
            "precision": 0,
            "agg": 3,
            "uiCalColX": 0,
            "uiCalColY": 0
        },
        {
            "name": "Plants",
            "id": 77,
            "propertyId": 0,
            "hidden": false,
            "statsGroup": 0,
            "statName": "lbstats dd_OS plants",
            "type": 0,
            "precision": 0,
            "agg": 3,
            "uiCalColX": 0,
            "uiCalColY": 0
        },
        {
            "name": "Defuses",
            "id": 78,
            "propertyId": 0,
            "hidden": false,
            "statsGroup": 0,
            "statName": "lbstats dd_OS defuses",
            "type": 0,
            "precision": 0,
            "agg": 3,
            "uiCalColX": 0,
            "uiCalColY": 0
        },
        {
            "name": "Defends",
            "id": 79,
            "propertyId": 0,
            "hidden": false,
            "statsGroup": 0,
            "statName": "lbstats dd_OS defends",
            "type": 0,
            "precision": 0,
            "agg": 3,
            "uiCalColX": 0,
            "uiCalColY": 0
        },
        {
            "name": "Humiliations",
            "id": 80,
            "propertyId": 0,
            "hidden": false,
            "statsGroup": 0,
            "statName": "lbstats gun_OS humiliations",
            "type": 0,
            "precision": 0,
            "agg": 3,
            "uiCalColX": 0,
            "uiCalColY": 0
        },
        {
            "name": "Setbacks",
            "id": 81,
            "propertyId": 0,
            "hidden": false,
            "statsGroup": 0,
            "statName": "lbstats gun_OS setbacks",
            "type": 0,
            "precision": 0,
            "agg": 3,
            "uiCalColX": 0,
            "uiCalColY": 0
        },
        {
            "name": "Capture Time",
            "id": 82,
            "propertyId": 0,
            "hidden": false,
            "statsGroup": 0,
            "statName": "lbstats hp_OS captureTime",
            "type": 0,
            "precision": 0,
            "agg": 3,
            "uiCalColX": 0,
            "uiCalColY": 0
        }
    ],
    "pad": 0
}