{
    "name": "lb_mp_mr",
    "id": 15,
    "id2": 0,
    "xpColId": 0,
    "prestigeColId": 0,
    "updateType": 0,
    "trackTypes": 0,
    "columns": [
        {
            "name": "Rank",
            "id": 65535,
            "propertyId": 0,
            "hidden": false,
            "statsGroup": 7,
            "statName": "",
            "type": 0,
            "precision": 0,
            "agg": 3,
            "uiCalColX": 0,
            "uiCalColY": 0
        },
        {
            "name": "Prestige Level",
            "id": 0,
            "propertyId": 0,
            "hidden": false,
            "statsGroup": 0,
            "statName": "prestige",
            "type": 3,
            "precision": 0,
            "agg": 3,
            "uiCalColX": 0,
            "uiCalColY": 0
        },
        {
            "name": "Total XP",
            "id": 1,
            "propertyId": 0,
            "hidden": false,
            "statsGroup": 0,
            "statName": "experience",
            "type": 2,
            "precision": 0,
            "agg": 3,
            "uiCalColX": 0,
            "uiCalColY": 0
        },
        {
            "name": "Gamer Name",
            "id": 65533,
            "propertyId": 0,
            "hidden": false,
            "statsGroup": 7,
            "statName": "",
            "type": 0,
            "precision": 0,
            "agg": 3,
            "uiCalColX": 0,
            "uiCalColY": 0
        },
        {
            "name": "Score",
            "id": 2,
            "propertyId": 0,
            "hidden": false,
            "statsGroup": 0,
            "statName": "score",
            "type": 0,
            "precision": 0,
            "agg": 3,
            "uiCalColX": 0,
            "uiCalColY": 0
        },
        {
            "name": "Time Played",
            "id": 3,
            "propertyId": 0,
            "hidden": false,
            "statsGroup": 0,
            "statName": "timePlayedTotal",
            "type": 1,
            "precision": 0,
            "agg": 3,
            "uiCalColX": 0,
            "uiCalColY": 0
        },
        {
            "name": "Games Played",
            "id": 4,
            "propertyId": 0,
            "hidden": false,
            "statsGroup": 0,
            "statName": "gamesPlayed",
            "type": 0,
            "precision": 0,
            "agg": 3,
            "uiCalColX": 0,
            "uiCalColY": 0
        },
        {
            "name": "Wins",
            "id": 5,
            "propertyId": 0,
            "hidden": false,
            "statsGroup": 0,
            "statName": "wins",
            "type": 0,
            "precision": 0,
            "agg": 3,
            "uiCalColX": 0,
            "uiCalColY": 0
        },
        {
            "name": "Losses",
            "id": 6,
            "propertyId": 0,
            "hidden": false,
            "statsGroup": 0,
            "statName": "losses",
            "type": 0,
            "precision": 0,
            "agg": 3,
            "uiCalColX": 0,
            "uiCalColY": 0
        },
        {
            "name": "Win Streak",
            "id": 7,
            "propertyId": 0,
            "hidden": false,
            "statsGroup": 0,
            "statName": "winStreak",
            "type": 0,
            "precision": 0,
            "agg": 3,
            "uiCalColX": 0,
            "uiCalColY": 0
        },
        {
            "name": "Kills",
            "id": 8,
            "propertyId": 0,
            "hidden": false,
            "statsGroup": 0,
            "statName": "kills",
            "type": 0,
            "precision": 0,
            "agg": 3,
            "uiCalColX": 0,
            "uiCalColY": 0
        },
        {
            "name": "Deaths",
            "id": 9,
            "propertyId": 0,
            "hidden": false,
            "statsGroup": 0,
            "statName": "deaths",
            "type": 0,
            "precision": 0,
            "agg": 3,
            "uiCalColX": 0,
            "uiCalColY": 0
        },
        {
            "name": "Kill Streak",
            "id": 10,
            "propertyId": 0,
            "hidden": false,
            "statsGroup": 0,
            "statName": "killStreak",
            "type": 0,
            "precision": 0,
            "agg": 3,
            "uiCalColX": 0,
            "uiCalColY": 0
        },
        {
            "name": "Assists",
            "id": 11,
            "propertyId": 0,
            "hidden": false,
            "statsGroup": 0,
            "statName": "assists",
            "type": 0,
            "precision": 0,
            "agg": 3,
            "uiCalColX": 0,
            "uiCalColY": 0
        },
        {
            "name": "Headshots",
            "id": 12,
            "propertyId": 0,
            "hidden": false,
            "statsGroup": 0,
            "statName": "headshots",
            "type": 0,
            "precision": 0,
            "agg": 3,
            "uiCalColX": 0,
            "uiCalColY": 0
        },
        {
            "name": "Accuracy",
            "id": 13,
            "propertyId": 0,
            "hidden": false,
            "statsGroup": 0,
            "statName": "accuracy",
            "type": 5,
            "precision": 2,
            "agg": 3,
            "uiCalColX": 0,
            "uiCalColY": 0
        },
        {
            "name": "Hits",
            "id": 14,
            "propertyId": 0,
            "hidden": false,
            "statsGroup": 0,
            "statName": "hits",
            "type": 0,
            "precision": 0,
            "agg": 3,
            "uiCalColX": 0,
            "uiCalColY": 0
        },
        {
            "name": "Misses",
            "id": 15,
            "propertyId": 0,
            "hidden": false,
            "statsGroup": 0,
            "statName": "misses",
            "type": 0,
            "precision": 0,
            "agg": 3,
            "uiCalColX": 0,
            "uiCalColY": 0
        }
    ],
    "pad": 0
}