{
    "baseAsset": "glpre",
    "internalName": "glpre",
    "displayName": "",
    "type": 3,
    "weaponType": 0,
    "weaponClass": 0,
    "greebleType": 0,
    "shareAmmoWithAlt": false,
    "riotShield": false,
    "worldModels": [
        "",
        ""
    ],
    "viewModels": [
        "",
        ""
    ],
    "reticleViewModels": null,
    "bounceSounds": null,
    "rollingSounds": null,
    "stringArray1": [
        "",
        "",
        "",
        ""
    ],
    "stringArray2": [
        "",
        "",
        "",
        ""
    ],
    "waFields": [
        {
            "name": "szXAnims",
            "type": 12,
            "anim": "IDLE",
            "code": 1,
            "value": "_idle _gl_idle"
        },
        {
            "name": "szXAnims",
            "type": 12,
            "anim": "EMPTY_IDLE",
            "code": 1,
            "value": "_idle _gl_idle"
        },
        {
            "name": "szXAnims",
            "type": 12,
            "anim": "FIRE",
            "code": 1,
            "value": "_fire _gl_fire"
        },
        {
            "name": "szXAnims",
            "type": 12,
            "anim": "LASTSHOT",
            "code": 1,
            "value": "_fire _gl_fire"
        },
        {
            "name": "szXAnims",
            "type": 12,
            "anim": "RELOAD",
            "code": 1,
            "value": "_reload _gl_reload"
        },
        {
            "name": "szXAnims",
            "type": 12,
            "anim": "RELOAD_EMPTY",
            "code": 1,
            "value": "_reload_empty _gl_reload_empty"
        },
        {
            "name": "szXAnims",
            "type": 12,
            "anim": "RAISE",
            "code": 1,
            "value": "_raise _gl_raise"
        },
        {
            "name": "szXAnims",
            "type": 12,
            "anim": "FIRST_RAISE",
            "code": 1,
            "value": "_raise _gl_raise"
        },
        {
            "name": "szXAnims",
            "type": 12,
            "anim": "DROP",
            "code": 1,
            "value": "_drop _gl_drop"
        },
        {
            "name": "szXAnims",
            "type": 12,
            "anim": "ALT_RAISE",
            "code": 1,
            "value": "_idle _gl_grenade_2_bullet"
        },
        {
            "name": "szXAnims",
            "type": 12,
            "anim": "QUICK_RAISE",
            "code": 1,
            "value": "_raise _gl_raise"
        },
        {
            "name": "szXAnims",
            "type": 12,
            "anim": "QUICK_DROP",
            "code": 1,
            "value": "_drop _gl_drop"
        },
        {
            "name": "szXAnims",
            "type": 12,
            "anim": "EMPTY_RAISE",
            "code": 1,
            "value": "_raise _gl_raise"
        },
        {
            "name": "szXAnims",
            "type": 12,
            "anim": "EMPTY_DROP",
            "code": 1,
            "value": "_drop _gl_drop"
        },
        {
            "name": "szXAnims",
            "type": 12,
            "anim": "SPRINT_IN",
            "code": 1,
            "value": "_sprint_in _gl_sprint_in"
        },
        {
            "name": "szXAnims",
            "type": 12,
            "anim": "SPRINT_LOOP",
            "code": 1,
            "value": "_sprint_loop _gl_sprint_loop"
        },
        {
            "name": "szXAnims",
            "type": 12,
            "anim": "SPRINT_OUT",
            "code": 1,
            "value": "_sprint_out _gl_sprint_out"
        },
        {
            "name": "szXAnims",
            "type": 12,
            "anim": "ADS_FIRE",
            "code": 1,
            "value": "_fire_ads _gl_fire_ads"
        },
        {
            "name": "szXAnims",
            "type": 12,
            "anim": "ADS_LASTSHOT",
            "code": 1,
            "value": "_fire_ads_last _gl_fire_ads_last"
        },
        {
            "name": "szXAnims",
            "type": 12,
            "anim": "INSPECTION",
            "code": 1,
            "value": "_inspect _gl_inspect"
        },
        {
            "name": "meleeSwipeSoundPlayer",
            "type": 15,
            "index": 0,
            "code": 0,
            "value": "melee_m16_swing_plr"
        },
        {
            "name": "stateTimers.raiseTime",
            "type": 9,
            "index": 0,
            "code": 3,
            "value": 660
        },
        {
            "name": "stateTimers.altRaiseTime",
            "type": 9,
            "index": 0,
            "code": 3,
            "value": 700
        },
        {
            "name": "stateTimers.quickDropTime",
            "type": 9,
            "index": 0,
            "code": 3,
            "value": 250
        },
        {
            "name": "stateTimers.emptyRaiseTime",
            "type": 9,
            "index": 0,
            "code": 3,
            "value": 660
        },
        {
            "name": "swayHorizScale",
            "type": 7,
            "index": 0,
            "code": 3,
            "value": 0.15000000596046448
        },
        {
            "name": "adsGunKickReducedKickPercent",
            "type": 7,
            "index": 0,
            "code": 3,
            "value": 50.0
        },
        {
            "name": "adsGunKickYawMax",
            "type": 7,
            "index": 0,
            "code": 3,
            "value": -10.0
        }
    ]
}