{
    "baseAsset": "mars",
    "internalName": "mars",
    "displayName": "Red Dot Sight",
    "type": 0,
    "weaponType": 0,
    "weaponClass": 0,
    "greebleType": 0,
    "shareAmmoWithAlt": false,
    "riotShield": false,
    "worldModels": [
        "attach_h2_mars_npc",
        ""
    ],
    "viewModels": [
        "attach_h2_mars_vm",
        ""
    ],
    "reticleViewModels": [
        "reticle_h1_optic_reflex",
        "reticle_h1_reflex_transparent",
        "",
        "",
        "",
        "",
        "",
        "",
        "",
        "",
        "",
        "",
        "",
        "",
        "",
        "",
        "",
        "",
        "",
        "",
        "",
        "",
        "",
        "",
        "",
        "",
        "",
        "",
        "",
        "",
        "",
        "",
        "",
        "",
        "",
        "",
        "",
        "",
        "",
        "",
        "",
        "",
        "",
        "",
        "",
        "",
        "",
        "",
        "",
        "",
        "",
        "",
        "",
        "",
        "",
        "",
        "",
        "",
        "",
        "",
        "",
        "",
        "",
        ""
    ],
    "bounceSounds": null,
    "rollingSounds": null,
    "stringArray1": [
        "tag_sight_front_on",
        "",
        "",
        ""
    ],
    "stringArray2": [
        "",
        "",
        "",
        ""
    ],
    "waFields": [
        {
            "name": "szXAnims",
            "type": 12,
            "anim": "ADS_UP",
            "code": 1,
            "value": "_ads _mars_ads"
        },
        {
            "name": "szXAnims",
            "type": 12,
            "anim": "ADS_DOWN",
            "code": 1,
            "value": "_ads _mars_ads"
        }
    ]
}