{
    "baseAsset": "shopre",
    "internalName": "shopre",
    "displayName": "",
    "type": 3,
    "weaponType": 0,
    "weaponClass": 0,
    "greebleType": 0,
    "shareAmmoWithAlt": false,
    "riotShield": false,
    "worldModels": [
        "",
        ""
    ],
    "viewModels": [
        "",
        ""
    ],
    "reticleViewModels": null,
    "bounceSounds": null,
    "rollingSounds": null,
    "stringArray1": [
        "",
        "",
        "",
        ""
    ],
    "stringArray2": [
        "",
        "",
        "",
        ""
    ],
    "waFields": [
        {
            "name": "szXAnims",
            "type": 12,
            "anim": "IDLE",
            "code": 1,
            "value": "_idle _shopre_idle"
        },
        {
            "name": "szXAnims",
            "type": 12,
            "anim": "EMPTY_IDLE",
            "code": 1,
            "value": "_idle _shopre_idle"
        },
        {
            "name": "szXAnims",
            "type": 12,
            "anim": "FIRE",
            "code": 1,
            "value": "_fire _shopre_fire"
        },
        {
            "name": "szXAnims",
            "type": 12,
            "anim": "LASTSHOT",
            "code": 1,
            "value": "_fire _shopre_fire"
        },
        {
            "name": "szXAnims",
            "type": 12,
            "anim": "RELOAD",
            "code": 1,
            "value": "_reload _shopre_reload"
        },
        {
            "name": "szXAnims",
            "type": 12,
            "anim": "RELOAD_EMPTY",
            "code": 1,
            "value": "_reload_empty _shopre_reload_empty"
        },
        {
            "name": "szXAnims",
            "type": 12,
            "anim": "RAISE",
            "code": 1,
            "value": "_raise _shopre_raise"
        },
        {
            "name": "szXAnims",
            "type": 12,
            "anim": "FIRST_RAISE",
            "code": 1,
            "value": "_raise_first _shopre_raise_first"
        },
        {
            "name": "szXAnims",
            "type": 12,
            "anim": "DROP",
            "code": 1,
            "value": "_drop _shopre_drop"
        },
        {
            "name": "szXAnims",
            "type": 12,
            "anim": "ALT_RAISE",
            "code": 1,
            "value": "_idle _sho_shotgun_2_bullet"
        },
        {
            "name": "szXAnims",
            "type": 12,
            "anim": "QUICK_RAISE",
            "code": 1,
            "value": "_raise _shopre_raise"
        },
        {
            "name": "szXAnims",
            "type": 12,
            "anim": "QUICK_DROP",
            "code": 1,
            "value": "_drop _shopre_drop"
        },
        {
            "name": "szXAnims",
            "type": 12,
            "anim": "EMPTY_RAISE",
            "code": 1,
            "value": "_raise _shopre_raise"
        },
        {
            "name": "szXAnims",
            "type": 12,
            "anim": "EMPTY_DROP",
            "code": 1,
            "value": "_drop _shopre_drop"
        },
        {
            "name": "szXAnims",
            "type": 12,
            "anim": "SPRINT_IN",
            "code": 1,
            "value": "_sprint_in _shopre_sprint_in"
        },
        {
            "name": "szXAnims",
            "type": 12,
            "anim": "SPRINT_LOOP",
            "code": 1,
            "value": "_sprint_loop _shopre_sprint_loop"
        },
        {
            "name": "szXAnims",
            "type": 12,
            "anim": "SPRINT_OUT",
            "code": 1,
            "value": "_sprint_out _shopre_sprint_out"
        },
        {
            "name": "szXAnims",
            "type": 12,
            "anim": "ADS_FIRE",
            "code": 1,
            "value": "_fire_ads _shopre_fire_ads"
        },
        {
            "name": "szXAnims",
            "type": 12,
            "anim": "ADS_LASTSHOT",
            "code": 1,
            "value": "_fire_ads_last _shopre_fire_ads_last"
        },
        {
            "name": "szXAnims",
            "type": 12,
            "anim": "INSPECTION",
            "code": 1,
            "value": "_inspect _shopre_inspect"
        },
        {
            "name": "meleeSwipeSoundPlayer",
            "type": 15,
            "index": 0,
            "code": 0,
            "value": "melee_m16_swing_plr"
        },
        {
            "name": "stateTimers.raiseTime",
            "type": 9,
            "index": 0,
            "code": 3,
            "value": 660
        },
        {
            "name": "stateTimers.altRaiseTime",
            "type": 9,
            "index": 0,
            "code": 3,
            "value": 700
        },
        {
            "name": "stateTimers.quickDropTime",
            "type": 9,
            "index": 0,
            "code": 3,
            "value": 250
        },
        {
            "name": "stateTimers.emptyRaiseTime",
            "type": 9,
            "index": 0,
            "code": 3,
            "value": 660
        },
        {
            "name": "swayHorizScale",
            "type": 7,
            "index": 0,
            "code": 3,
            "value": 0.15000000596046448
        },
        {
            "name": "dpadIcon",
            "type": 13,
            "index": 0,
            "code": 0,
            "value": "hud_icon_underbarrel_shotgun"
        },
        {
            "name": "adsGunKickReducedKickPercent",
            "type": 7,
            "index": 0,
            "code": 3,
            "value": 50.0
        },
        {
            "name": "adsGunKickYawMax",
            "type": 7,
            "index": 0,
            "code": 3,
            "value": -10.0
        }
    ]
}