vertexshader,position_only.hlsl
pixelshader,null.hlsl
vertexshader,vertcol_simple_zp_rvel_nc_noatest.hlsl
pixelshader,vertcol_simple_zp_vel_nc.hlsl
vertexshader,vertcol_simple_zp_svel_nc_noatest.hlsl
vertexshader,vertcol_simple_zp_hidir_nc_noatest.hlsl
pixelshader,vertcol_simple_zp_hidir_nc.hlsl
vertexshader,vertcol_simple_zp_hidir_rvel_nc_noatest.hlsl
pixelshader,vertcol_simple_zp_hidir_vel_nc.hlsl
vertexshader,vertcol_simple_zp_hidir_svel_nc_noatest.hlsl
vertexshader,vertcol_simple_mtlclr_nofog_nc.hlsl
pixelshader,vertcol_shaded_nofog_lin_dc1dn1ds1dg1dna1_nc.hlsl
vertexshader,lpo_sm_nofog_dn_ds_l0n_s_tc0n0_nc.hlsl
pixelshader,lpo_sm_nofog_dc1dn1ds1dg1dna1_lmpb_l0n_r0c0n0s0om0_nc.hlsl
pixelshader,lpo_sm_nofog_dc1dn1ds1dg1dna1_lmpb_l0d_r0c0n0s0om0_nc.hlsl
vertexshader,lpo_sm_nofog_dn_ds_l0d_l0sd_s_tc0n0_nc.hlsl
pixelshader,lpo_sm_nofog_dc1dn1ds1dg1dna1_lmpb_l0d_l0sd_r0c0n0s0om0_nc.hlsl
pixelshader,lpo_sm_nofog_dc1dn1ds1dg1dna1_lmpb_l0s_r0c0n0s0om0_nc.hlsl
pixelshader,lpo_sm_nofog_dc1dn1ds1dg1dna1_lmpb_l0s_l0ss_r0c0n0s0om0_nc.hlsl
pixelshader,lpo_sm_nofog_dc1dn1ds1dg1dna1_lmpb_l0s_l0sc_cuc_r0c0n0s0om0_nc.hlsl
pixelshader,lpo_sm_nofog_dc1dn1ds1dg1dna1_lmpb_l0o_r0c0n0s0om0_nc.hlsl
pixelshader,lpo_sm_nofog_dc1dn1ds1dg1dna1_lmpb_l0o_l0ss_r0c0n0s0om0_nc.hlsl
vertexshader,lpo_sm_nofog_dn_ds_ldbsm_cuc_s_tc0n0_nc.hlsl
pixelshader,lpo_sm_nofog_dc1dn1ds1dg1dna1_lmpb_ldbsm_cuc_r0c0n0s0om0_nc.hlsl
pixelshader,lpo_sm_nofog_dc1dn1ds1dg1dna1_lmpb_ldb_sunsm_cuc_r0c0n0s0om0_nc.hlsl
pixelshader,lpo_sm_nofog_dc1dn1ds1dg1dna1_lmpb_ldbsm_r0c0n0s0om0_nc.hlsl
pixelshader,lpo_sm_nofog_dc1dn1ds1dg1dna1_lmpb_ldb_sunsm_r0c0n0s0om0_nc.hlsl
vertexshader,l_point_feo_s_tc0n0_nc.hlsl
pixelshader,l_spot_feo_dc1dn1ds1dg1dna1_lmpb_r0c0n0s0om0_nc.hlsl
pixelshader,l_omni_feo_dc1dn1ds1dg1dna1_lmpb_r0c0n0s0om0_nc.hlsl
vertexshader,l_point_feo_l0s2_sm_s_tc0n0_nc.hlsl
pixelshader,l_spot_feo_dc1dn1ds1dg1dna1_lmpb_l0s2_sm_r0c0n0s0om0_nc.hlsl
pixelshader,l_spot_feo_dc1dn1ds1dg1dna1_lmpb_l0s3_cuc_sm_r0c0n0s0om0_nc.hlsl
vertexshader,l_point_s_tc0n0_nc.hlsl
pixelshader,l_spot_dc1dn1ds1dg1dna1_lmpb_r0c0n0s0om0_nc.hlsl
pixelshader,l_omni_dc1dn1ds1dg1dna1_lmpb_r0c0n0s0om0_nc.hlsl
vertexshader,l_point_l0s2_sm_s_tc0n0_nc.hlsl
pixelshader,l_spot_dc1dn1ds1dg1dna1_lmpb_l0s2_sm_r0c0n0s0om0_nc.hlsl
pixelshader,l_spot_dc1dn1ds1dg1dna1_lmpb_l0s3_cuc_sm_r0c0n0s0om0_nc.hlsl
vertexshader,vertcol_untextured_nc_nofog.hlsl
pixelshader,vertcol_untextured_lin_nofog.hlsl
vertexshader,velocity_sm_vrigid.hlsl
pixelshader,velocity_sm_vrigid.hlsl
vertexshader,velocity_sm_vskinned.hlsl
vertexshader,debug_normals_nc.hlsl
pixelshader,debug_normals_ps.hlsl
vertexshader,instanced_position_only.hlsl
vertexshader,vertcol_simple_zp_i_rvel_nc_noatest.hlsl
vertexshader,vertcol_simple_zp_i_svel_nc_noatest.hlsl
vertexshader,vertcol_simple_zp_i_hidir_nc_noatest.hlsl
vertexshader,vertcol_simple_zp_i_hidir_rvel_nc_noatest.hlsl
vertexshader,vertcol_simple_zp_i_hidir_svel_nc_noatest.hlsl
vertexshader,vertcol_simple_i_mtlclr_nofog_nc.hlsl
vertexshader,lpo_sm_i_nofog_dn_ds_l0n_s_tc0n0_nc.hlsl
vertexshader,lpo_sm_i_nofog_dn_ds_l0d_l0sd_s_tc0n0_nc.hlsl
vertexshader,lpo_sm_i_nofog_dn_ds_ldbsm_cuc_s_tc0n0_nc.hlsl
vertexshader,l_point_feo_i_s_tc0n0_nc.hlsl
vertexshader,l_point_feo_l0s2_i_sm_s_tc0n0_nc.hlsl
vertexshader,l_point_i_s_tc0n0_nc.hlsl
vertexshader,l_point_l0s2_i_sm_s_tc0n0_nc.hlsl
vertexshader,vertcol_untextured_i_nc_nofog.hlsl
vertexshader,debug_normals_i_nc.hlsl
vertexdecl,pp.7
vertexdecl,pp.f
vertexdecl,pp.fnn.7
vertexdecl,pp.ft0t0.3
vertexdecl,pp.ft0t0.3nn.ftt2.f
vertexdecl,pp.ft0t0.3nn.7tt1.7
techset,m_l_sm_lmpb_dc1dn1ds1dg1dna1_r0c0n0sd0om0_nfwpf
image,camo_transparent_col
image,i_h2_ak47_mount_s
image,i_h2_ak47_mount_n
image,camo_nml
image,i_h2_ak47_mount_o
image,i_h2_ak47_mount_c
image,i_h2_ak47_mount_m
image,~camo_spcmaps_01_spc-rgb&camo~b29a8732
image,~envbrdflut_ggx_16-rg
material,m/mtl_h2_ak47_mount_camo
image,i_h2_ak47_sights_s
image,i_h2_ak47_sights_n
image,i_h2_ak47_sights_o
image,i_h2_ak47_sights_c
image,i_h2_ak47_sights_m
material,m/mtl_h2_ak47_sights_camo
pixelshader,vertcol_shaded_nofog_lin_nc.hlsl
vertexshader,cloak_nofog_l0n_tc0n0_nc_tmq.hlsl
pixelshader,lpo_sm_nofog_lmpb_l0n_r0c0n0s0om0_nc.hlsl
pixelshader,lpo_sm_nofog_lmpb_l0d_r0c0n0s0om0_nc.hlsl
vertexshader,lpo_sm_nofog_l0d_l0sd_s_tc0n0ssr_nc.hlsl
pixelshader,lpo_sm_nofog_lmpb_l0d_l0sd_r0c0n0s0om0_nc.hlsl
pixelshader,lpo_sm_nofog_lmpb_l0s_r0c0n0s0om0_nc.hlsl
pixelshader,lpo_sm_nofog_lmpb_l0s_l0ss_r0c0n0s0om0_nc.hlsl
pixelshader,lpo_sm_nofog_lmpb_l0s_l0sc_cuc_r0c0n0s0om0_nc.hlsl
pixelshader,lpo_sm_nofog_lmpb_l0o_r0c0n0s0om0_nc.hlsl
pixelshader,lpo_sm_nofog_lmpb_l0o_l0ss_r0c0n0s0om0_nc.hlsl
vertexshader,lpo_sm_nofog_ldbsm_cuc_s_tc0n0ssr_nc.hlsl
pixelshader,lpo_sm_nofog_lmpb_ldbsm_cuc_r0c0n0s0om0_nc.hlsl
pixelshader,lpo_sm_nofog_lmpb_ldb_sunsm_cuc_r0c0n0s0om0_nc.hlsl
pixelshader,lpo_sm_nofog_lmpb_ldbsm_r0c0n0s0om0_nc.hlsl
pixelshader,lpo_sm_nofog_lmpb_ldb_sunsm_r0c0n0s0om0_nc.hlsl
pixelshader,l_spot_feo_lmpb_r0c0n0s0om0_nc.hlsl
pixelshader,l_omni_feo_lmpb_r0c0n0s0om0_nc.hlsl
pixelshader,l_spot_feo_lmpb_l0s2_sm_r0c0n0s0om0_nc.hlsl
pixelshader,l_spot_feo_lmpb_l0s3_cuc_sm_r0c0n0s0om0_nc.hlsl
pixelshader,l_spot_lmpb_r0c0n0s0om0_nc.hlsl
pixelshader,l_omni_lmpb_r0c0n0s0om0_nc.hlsl
pixelshader,l_spot_lmpb_l0s2_sm_r0c0n0s0om0_nc.hlsl
pixelshader,l_spot_lmpb_l0s3_cuc_sm_r0c0n0s0om0_nc.hlsl
vertexshader,cloak_i_nofog_l0n_tc0n0_nc_tmq.hlsl
vertexshader,lpo_sm_i_nofog_l0d_l0sd_s_tc0n0ssr_nc.hlsl
vertexshader,lpo_sm_i_nofog_ldbsm_cuc_s_tc0n0ssr_nc.hlsl
techset,m_l_sm_lmpb_r0c0n0sd0om0_nfwpf
image,i_h2_ak47_mag_s
image,i_h2_ak47_mag_n
image,i_h2_ak47_mag_o
image,i_h2_ak47_mag_c
material,m/mtl_h2_ak47_mag
image,i_h2_ak47_receiver_s
image,i_h2_ak47_receiver_n
image,i_h2_ak47_receiver_o
image,i_h2_ak47_receiver_c
image,i_h2_ak47_receiver_m
material,m/mtl_h2_ak47_receiver_camo
image,i_h2_ak47_stock_s
image,i_h2_ak47_stock_n
image,i_h2_ak47_stock_o
image,i_h2_ak47_stock_c
image,i_h2_ak47_stock_m
material,m/mtl_h2_ak47_stock_camo
image,i_h2_ak47_handguard_s
image,i_h2_ak47_handguard_n
image,i_h2_ak47_handguard_o
image,i_h2_ak47_handguard_c
image,i_h2_ak47_handguard_m
material,m/mtl_h2_ak47_handguard_camo
image,i_h2_ak47_grip_s
image,i_h2_ak47_grip_n
image,i_h2_ak47_grip_o
image,i_h2_ak47_grip_c
image,i_h2_ak47_grip_m
material,m/mtl_h2_ak47_grip_camo
xmodelsurfs,wpn_h2_ak47_vm_lod0
xmodel,wpn_h2_ak47_vm
xmodelsurfs,wpn_h2_ak47_npc_lod0
xmodel,wpn_h2_ak47_npc
vertexshader,vs_vertcol_simple_flf_nofog_ems_nc.hlsl
pixelshader,vertcol_simple_hss_flf_tsm_nofog_ndw_ems_nc.hlsl
pixelshader,vertcol_simple_hss_flf_nofog_ndw_ems_nc.hlsl
techset,m_effect_blend_nofog_ndw
image,h1_og_missing_fx
material,m/gfx_missing_fx
xmodelsurfs,empty_model000
xmodel,viewmodel_base_viewhands
xmodel,wpn_h1_melee_combat_knife_vm
xmodel,wpn_h1_melee_combat_knife_npc
xanim,vm_h2_ak47_idle
xanim,vm_h2_ak47_fire
xanim,h1_wpn_knife_melee_slice
xanim,h1_wpn_knife_melee_stab
xanim,vm_h2_ak47_reload
xanim,vm_h2_ak47_reload_empty
xanim,vm_h2_ak47_raise
xanim,vm_h2_ak47_raise_first
xanim,vm_h2_ak47_drop
xanim,vm_h2_ak47_raise_quick
xanim,vm_h2_ak47_drop_quick
xanim,vm_h2_ak47_sprint_in
xanim,vm_h2_ak47_sprint_loop
xanim,vm_h2_ak47_sprint_out
xanim,vm_h2_ak47_fire_ads
xanim,h1_vm_mp_mantle_57_up
xanim,h1_vm_mp_mantle_51_up
xanim,h1_vm_mp_mantle_45_up
xanim,h1_vm_mp_mantle_39_up
xanim,h1_vm_mp_mantle_33_up
xanim,h1_vm_mp_mantle_57_over
xanim,h1_vm_mp_mantle_51_over
xanim,h1_vm_mp_mantle_45_over
xanim,h1_vm_mp_mantle_39_over
xanim,h1_vm_mp_mantle_33_over
xanim,vm_h2_ak47_inspect
xanim,vm_h2_ak47_ads_up
xanim,vm_h2_ak47_ads_down
xanim,vm_h2_ak47_recoil
xanim,vm_jump
xanim,vm_land
xanim,vm_land_heavy
xanim,h1_wpn_generic_walk_f
xanim,vm_crawl_in
xanim,h1_wpn_generic_crawl_f
xanim,h1_wpn_generic_crawl_b
xanim,vm_prone_drop
xanim,h1_vm_mp_mantle_27_up
xanim,h1_vm_mp_mantle_21_up
xanim,h1_vm_mp_mantle_27_over
xanim,h1_vm_mp_mantle_21_over
attachment,glak47
attachment,glpre
attachment,reflex
attachment,silencerar
attachment,acog
attachment,fmj
attachment,sho
attachment,shopre
attachment,holo
attachment,thermal
attachment,xmag
attachment,foregrip
sndcurve,$default
lpfcurve,$default
reverbsendcurve,$default
loaded_sound,h1_weapons/melee/h2h_knife_stab1
loaded_sound,h1_weapons/melee/h2h_knife_stab2
sound,melee_knife_stab
loaded_sound,null
sound,attach_shotty_fly_chamber
sound,attach_shotty_fly_end
sound,attach_shotty_fly_loop
sound,attach_shotty_fly_start
sndcurve,weapon2
loaded_sound,h1_foley/wpfoly_ak47_reload_chamber_v4
sound,weap_ak47_chamber_plr
loaded_sound,h1_foley/wpfoly_ak47_reload_clipin_v4
sound,weap_ak47_clipin_plr
loaded_sound,h1_foley/wpfoly_ak47_reload_clipout_v5
sound,weap_ak47_clipout_plr
loaded_sound,h1_foley/wpfoly_ak47_reload_lift_v4
sound,weap_ak47_lift_plr
loaded_sound,h1_foley/wpfoly_ak47gp25_grnd_chamber_v1
sound,weap_gp25_chamber_plr
loaded_sound,h1_foley/wpfoly_ak47gp25_grnd_lift_v1
sound,weap_gp25_lift_plr
loaded_sound,weapons/h2/ak47/chamber
sound,wpn_ak47_fly_chamber
loaded_sound,weapons/h2/ak47/inspect_look1
sound,wpn_ak47_fly_inspect_look1
loaded_sound,weapons/h2/ak47/inspect_look2
sound,wpn_ak47_fly_inspect_look2
loaded_sound,weapons/h2/ak47/inspect_rest
sound,wpn_ak47_fly_inspect_rest
loaded_sound,weapons/h2/ak47/lift
sound,wpn_ak47_fly_lift
loaded_sound,weapons/h2/ak47/mag_in
sound,wpn_ak47_fly_mag_in
loaded_sound,weapons/h2/ak47/mag_out
sound,wpn_ak47_fly_mag_out
loaded_sound,h1_weapons/wpn/inspect/wpn_h1_ak47_ins_look_01
sound,wpn_h1_ak47_ins_look_01
loaded_sound,h1_weapons/wpn/inspect/wpn_h1_ak47_ins_look_02
sound,wpn_h1_ak47_ins_look_02
loaded_sound,h1_weapons/wpn/inspect/wpn_h1_ak47_ins_rest
sound,wpn_h1_ak47_ins_rest
loaded_sound,weapons/h2/med_raise_plr
sound,wpn_med_raise_plr
sound,
sound,
sound,
sound,
sound,
sound,
sound,
sound,
sound,
sound,
sound,
sound,
sound,
vertexshader,vs_vertcol_simple_flf_fog_ems.hlsl
pixelshader,ice_vertcol_simple_hss_flf_tsm_fog_ndw_ems.hlsl
pixelshader,ice_vertcol_simple_hss_flf_fog_ndw_ems.hlsl
vertexshader,vs_vertcol_simple_flf_dfog_ems.hlsl
pixelshader,ice_vertcol_simple_hss_flf_dfog_ndw_ems.hlsl
vertexshader,vertcol_untextured_nofog.hlsl
vertexdecl,pp.fcc0.ft0t0.3
vertexdecl,pp.fcc0.f
techset,effect_blend_ndw_ice
image,shrinking_pebbles_1
material,fx_shrinking_pebbles_1_blend_z0
fx,
fx,
fx,
fx,
fx,
fx,
fx,
fx,
fx,
fx,
fx,
fx,
fx,
fx,
fx,
fx,
vertexshader,particle_cloud_sparkf_flf_l0n.hlsl
pixelshader,particle_cloud_sparkf_flf_l0n_premul_ga_lcm.hlsl
techset,particle_cloud_lcm_hss_sparkf_add_ga
image,sparks_blur_hdr
material,sparkfountain_blur_hdr_add_atlas
vertexshader,vertcol_simple_flf_ems.hlsl
pixelshader,vertcol_simple_hss_flf_add_addblend_ndw_ems.hlsl
vertexshader,zfeather_l0s_flf.hlsl
pixelshader,zfeather_l0s_hss_flf_premul_addblend_ndw.hlsl
techset,effect_zf_add_nofog_ndw
image,explosion_flash_atlas
material,gfx_explosion_flash_atlas
image,h1_og_glow_org
material,gfx_glow_org
fx,fx/muzzleflashes/flash_light_fv_child
vertexshader,zfeather_l0s_flf_tsm_fog_tab.hlsl
pixelshader,zfeather_l0s_hss_flf_tsm_fog_tab_ndw.hlsl
vertexshader,vs_vertcol_simple_flf_fog_tab_ems.hlsl
pixelshader,vertcol_simple_hss_flf_fog_ndw_tab_ems.hlsl
vertexshader,zfeather_l0s_flf_fog_tab.hlsl
pixelshader,zfeather_l0s_hss_flf_fog_tab_ndw.hlsl
vertexshader,zfeather_l0s_flf_dfog_tab.hlsl
pixelshader,zfeather_l0s_hss_flf_dfog_tab_ndw.hlsl
vertexdecl,pp.fcc0.ft0t0.3nn.7tt1.7
techset,effect_zf_blend_tab_ndw
image,smk_white_muzzle_tip
material,fx_smk_white_muzzle_blend_atlas_z40_fb_tip
vertexshader,zfeather_l0s_flf_tsm_fog.hlsl
pixelshader,zfeather_l0s_hss_flf_tsm_fog_ndw.hlsl
pixelshader,vertcol_simple_hss_flf_fog_ndw_ems.hlsl
vertexshader,zfeather_l0s_flf_fog.hlsl
pixelshader,zfeather_l0s_hss_flf_fog_ndw.hlsl
vertexshader,zfeather_l0s_flf_dfog.hlsl
pixelshader,zfeather_l0s_hss_flf_dfog_ndw.hlsl
techset,effect_zf_blend_ndw
image,smk_white_atlas
material,gfx_smk_white_atlas
vertexshader,vertcol_simple_flf_fog_feo_ems.hlsl
pixelshader,vertcol_simple_hss_flf_add_fog_feo_addblend_ndw_ems.hlsl
vertexshader,zfeather_l0s_flf_fog_feo.hlsl
pixelshader,zfeather_l0s_hss_flf_premul_fog_feo_addblend_ndw.hlsl
pixelshader,zfeather_l0s_hss_flf_premul_dfog_addblend_ndw.hlsl
techset,effect_zf_add_ndw
image,muzzle_flash_round_01_tip
material,fx_muzzle_flash_round_01_add_atlas_z40_tip
vertexshader,distortion_scale_legacydst_zf_ui.hlsl
pixelshader,distortion_scale_dat_legacydst_zf_ui.hlsl
vertexshader,distortion_scale_legacydst_zf.hlsl
pixelshader,distortion_scale_dat_legacydst_zf.hlsl
vertexdecl,pp.fcc0.ft0t0.3nn.7
techset,distortion_scale_legacydst_zf_dat
image,h1_og_distortion_heat
material,gfx_distortion_heat_far
fx,fx/muzzleflashes/flash_smoke_fv_child
fx,fx/muzzleflashes/ak47_flshview_a
fx,fx/muzzleflashes/ak47_flshview_b
fx,fx/muzzleflashes/ak47_flash_view
image,muzzle_flash_glow_01
material,fx_muzzle_flash_glow_01_add_atlas_z40_tip
fx,fx/muzzleflashes/light_flash_wv_a
fx,fx/muzzleflashes/light_flash_wv_b
fx,fx/muzzleflashes/light_flash_wv_c
fx,fx/muzzleflashes/ak47_flash_wv_a
techset,effect_add_nofog_ndw
image,h1_og_ak47_flares
material,gfx_muzflash_ak47
fx,fx/muzzleflashes/ak47_flash_wv_b
fx,fx/muzzleflashes/ak47_flash_wv_c
fx,fx/muzzleflashes/ak47_flash_wv
fx,fx/muzzleflashes/flash_light_ads_child
fx,fx/muzzleflashes/ak47_adsview_a
fx,fx/muzzleflashes/ak47_adsview_b
fx,fx/muzzleflashes/ak47_ads_view
loaded_sound,foley/weapmvmt/wpn_med_pick_up_01
loaded_sound,foley/weapmvmt/wpn_med_pick_up_02
loaded_sound,foley/weapmvmt/wpn_med_pick_up_03
sound,wpn_med_pickup
sound,wpn_med_pickup_plr
loaded_sound,foley/weapmvmt/wpn_ammo_pickup_01
loaded_sound,foley/weapmvmt/wpn_ammo_pickup_02
loaded_sound,foley/weapmvmt/wpn_ammo_pickup_03
sound,wpn_ammo_pickup
sound,wpn_ammo_pickup_plr
sndcurve,weapon4
loaded_sound,weapons/h2/ak47/fire_npc
sound,wpn_ak47_fire_npc
loaded_sound,weapons/h2/ak47/fire_plr
sound,wpn_ak47_fire_plr
sndcurve,exponential_40db
loaded_sound,weapon/dryfire/wpn_dryfire_ar_01
loaded_sound,weapon/dryfire/wpn_dryfire_ar_02
loaded_sound,weapon/dryfire/wpn_dryfire_ar_03
loaded_sound,weapon/dryfire/wpn_dryfire_ar_04
sound,wpn_dryfire_ar_npc
sound,wpn_dryfire_ar_plr
loaded_sound,h1_weapons/melee/melee_swing01
loaded_sound,h1_weapons/melee/melee_swing03
sound,melee_swing_large
sound,h2_ar_melee_hit
sound,h2_ar_melee_miss
loaded_sound,h1_items/night_vision_on
sound,item_nightvision_on_mp
loaded_sound,h1_items/night_vision_off
sound,item_nightvision_off_mp
loaded_sound,foley/weapmvmt/wpn_med_raise_01
loaded_sound,foley/weapmvmt/wpn_med_raise_02
loaded_sound,foley/weapmvmt/wpn_med_raise_03
sound,wpn_med_raise
loaded_sound,foley/weapmvmt/wpn_med_holster_01
loaded_sound,foley/weapmvmt/wpn_med_holster_02
loaded_sound,foley/weapmvmt/wpn_med_holster_03
sound,wpn_med_holster
sound,wpn_med_holster_plr
loaded_sound,foley/weapmvmt/wpn_med_ads_up_01
loaded_sound,foley/weapmvmt/wpn_med_ads_up_02
sound,wpn_med_ads_up_plr
loaded_sound,foley/weapmvmt/wpn_med_ads_down_01
loaded_sound,foley/weapmvmt/wpn_med_ads_down_02
sound,wpn_med_ads_down_plr
xmodel,wpn_h1_shell_556x45_npc
loaded_sound,h1_weapons/wpn/shell/shell_rifle_default_01
loaded_sound,h1_weapons/wpn/shell/shell_rifle_default_02
loaded_sound,h1_weapons/wpn/shell/shell_rifle_default_03
loaded_sound,h1_weapons/wpn/shell/shell_rifle_default_04
loaded_sound,h1_weapons/wpn/shell/shell_rifle_default_05
loaded_sound,h1_weapons/wpn/shell/shell_rifle_default_06
loaded_sound,h1_weapons/wpn/shell/shell_rifle_default_07
loaded_sound,h1_weapons/wpn/shell/shell_rifle_default_08
loaded_sound,h1_weapons/wpn/shell/shell_rifle_default_09
loaded_sound,h1_weapons/wpn/shell/shell_rifle_default_10
sound,shell_rifle_default
fx,vfx/shelleject/rifle_resting
fx,vfx/shelleject/rifle_view_blurred01
fx,vfx/shelleject/rifle_view_blurred02
fx,vfx/shelleject/rifle_view_blurred03
fx,vfx/shelleject/rifle_view
xmodel,wpn_h1_shell_762x51_npc
fx,vfx/shelleject/rifle_762x51
vertexshader,unlit_2d_pw.hlsl
pixelshader,unlit_2d.hlsl
techset,2d
image,h1_side_small
material,reticle_side_small
image,h2_weaponicons_ak47
material,hud_icon_ak472
image,h1_weaponicons_ak47
material,hud_icon_ak47
phys_collmap,wpn_h1_asl_ak47_npc
physpreset,weapon_heavy
vertexshader,trivial_vertcol_simple.hlsl
pixelshader,vertcol_simple_cso_hss_slf_flf_add_ct_addblend_ndw_ems.hlsl
techset,effect_cso_hss_add_slf_ct_nofog_ndw
image,tracer#0
material,fx_tracer
tracer,defaulttracer
weapon,h2_ak47_mp
image,i_h2_fal_grip_s
image,i_h2_fal_grip_n
image,i_h2_fal_grip_o
image,i_h2_fal_grip_c
image,i_h2_fal_grip_m
material,m/mtl_h2_fal_grip_camo
image,i_h2_fal_mag_s
image,i_h2_fal_mag_n
image,i_h2_fal_mag_o
image,i_h2_fal_mag_c
material,m/mtl_h2_fal_mag
image,i_h2_fal_barrel_s
image,i_h2_fal_barrel_n
image,i_h2_fal_barrel_o
image,i_h2_fal_barrel_c
image,i_h2_fal_barrel_m
material,m/mtl_h2_fal_barrel_camo
image,i_h2_fal_stock_s
image,i_h2_fal_stock_n
image,i_h2_fal_stock_o
image,i_h2_fal_stock_c
image,i_h2_fal_stock_m
material,m/mtl_h2_fal_stock_camo
image,i_h2_fal_receiver_s
image,i_h2_fal_receiver_n
image,i_h2_fal_receiver_o
image,i_h2_fal_receiver_c
image,i_h2_fal_receiver_m
material,m/mtl_h2_fal_receiver_camo
xmodelsurfs,wpn_h2_fal_vm_lod0
xmodel,wpn_h2_fal_vm
xmodelsurfs,wpn_h2_fal_npc_lod0
xmodel,wpn_h2_fal_npc
xanim,vm_h2_fal_idle
xanim,vm_h2_fal_fire
xanim,vm_h2_fal_reload
xanim,vm_h2_fal_reload_empty
xanim,vm_h2_fal_raise
xanim,vm_h2_fal_raise_first
xanim,vm_h2_fal_drop
xanim,vm_h2_fal_sprint_in
xanim,vm_h2_fal_sprint_loop
xanim,vm_h2_fal_sprint_out
xanim,vm_h2_fal_fire_ads
xanim,vm_h2_fal_inspect
xanim,vm_h2_fal_ads_up
xanim,vm_h2_fal_ads_down
xanim,vm_h2_fal_recoil
xanim,vm_h2_fal_empty_additive
sound,weap_fn2000_lift_plr
loaded_sound,weapons/h2/fal/chamber
sound,wpn_fal_fly_chamber
loaded_sound,weapons/h2/fal/inspect_look1
sound,wpn_fal_fly_inspect_look1
loaded_sound,weapons/h2/fal/inspect_look2
sound,wpn_fal_fly_inspect_look2
loaded_sound,weapons/h2/fal/inspect_rest
sound,wpn_fal_fly_inspect_rest
loaded_sound,weapons/h2/fal/lift
sound,wpn_fal_fly_lift
loaded_sound,weapons/h2/fal/mag_in
sound,wpn_fal_fly_mag_in
loaded_sound,weapons/h2/fal/mag_out
sound,wpn_fal_fly_mag_out
sound,wpn_h1_fmfal_ins_rest
sound,wpn_h1_fmfal_inspect_rest
sound,wpn_h1_fnfal_ins_look_01
sound,wpn_h1_fnfal_ins_look_02
sound,
sound,
sound,
sound,
sound,
sound,
sound,
sound,
sound,
sound,
sound,
sound,
sound,
sound,
sound,
sound,
sound,
sound,
sound,
fx,
fx,
fx,
fx,
fx,
fx,
fx,
fx,
fx,
fx,
fx,
fx,
fx,
fx,
fx,
fx,
vertexshader,vertcol_eyeofs_flf_fog_feo_foa_ems.hlsl
vertexshader,zfeather_l0s_flf_foa_fog_feo_eo.hlsl
vertexshader,zfeather_l0s_flf_foa_dfog_eo.hlsl
techset,effect_zf_falloff_add_eo_ndw
material,fx_muzzle_flash_round_01_add_atlas_god_z10_e5_tip
vertexshader,vertcol_simple_flf_fog_feo_foa_ems.hlsl
vertexshader,zfeather_l0s_flf_foa_fog_feo.hlsl
vertexshader,zfeather_l0s_flf_foa_dfog.hlsl
techset,effect_zf_falloff_add_ndw
image,muzzle_flash_02_tip
material,fx_muzzle_flash_02_add_2sided_atlas_god6585_z40_tip
fx,fx/muzzleflashes/heavy_view
fx,fx/muzzleflashes/heavy
loaded_sound,weapons/h2/fal/fire_npc
sound,wpn_fal_fire_npc
loaded_sound,weapons/h2/fal/fire_plr
sound,wpn_fal_fire_plr
fx,vfx/shelleject/rifle
vertexshader,unlit_2d_pw.hlsl_h2
pixelshader,unlit_2d.hlsl_h2
vertexdecl,pp.fcc0.ft0t0.3_h2
techset,2d_h2
image,h2_weapon_fal
material,hud_icon_fnfal
phys_collmap,weapon_fn_fal
tracer,assaultrifle
weapon,h2_fal_mp
image,i_h2_famas_stock_s
image,i_h2_famas_stock_n
image,i_h2_famas_stock_o
image,i_h2_famas_stock_c
image,i_h2_famas_stock_m
material,m/mtl_h2_famas_stock_camo
image,i_h2_famas_base_s
image,i_h2_famas_base_n
image,i_h2_famas_base_o
image,i_h2_famas_base_c
image,i_h2_famas_base_m
material,m/mtl_h2_famas_receiver_camo
image,i_h2_famas_sights_s
image,i_h2_famas_sights_n
image,i_h2_famas_sights_o
image,i_h2_famas_sights_c
material,m/mtl_h2_famas_sights_camo
image,i_h2_famas_mag_s
image,i_h2_famas_mag_n
image,i_h2_famas_mag_o
image,i_h2_famas_mag_c
material,m/mtl_h2_famas_mag
xmodelsurfs,wpn_h2_famas_vm_lod0
xmodel,wpn_h2_famas_vm
xmodelsurfs,wpn_h2_famas_npc_lod0
xmodel,wpn_h2_famas_npc
xanim,vm_h2_famas_idle
xanim,vm_h2_famas_fire
xanim,vm_h2_famas_reload
xanim,vm_h2_famas_reload_empty
xanim,vm_h2_famas_raise
xanim,vm_h2_famas_raise_first
xanim,vm_h2_famas_drop
xanim,vm_h2_famas_sprint_in
xanim,vm_h2_famas_sprint_loop
xanim,vm_h2_famas_sprint_out
xanim,vm_h2_famas_fire_ads
xanim,vm_h2_famas_inspect
xanim,vm_h2_famas_ads_up
xanim,vm_h2_famas_ads_down
xanim,vm_h2_m4a1_recoil
xanim,vm_h2_famas_empty_additive
loaded_sound,weapons/h2/famas/mag_out
sound,wpn_famas_fly_mag_out
loaded_sound,weapons/h2/famas/mag_in
sound,wpn_famas_fly_mag_in
loaded_sound,weapons/h2/famas/lift
sound,wpn_famas_fly_lift
loaded_sound,weapons/h2/famas/inspect_rest
sound,wpn_famas_fly_inspect_rest
loaded_sound,weapons/h2/famas/inspect_look2
sound,wpn_famas_fly_inspect_look2
loaded_sound,weapons/h2/famas/inspect_look1
sound,wpn_famas_fly_inspect_look1
loaded_sound,weapons/h2/famas/chamber
sound,wpn_famas_fly_chamber
sound,
sound,
sound,
sound,
sound,
sound,
sound,
sound,
sound,
sound,
sound,
sound,
sound,
sound,
sound,
sound,
sound,
sound,
sound,
sound,
sound,
sound,
sound,
sound,
sound,
sound,
sound,
sound,
fx,
fx,
fx,
fx,
fx,
fx,
fx,
fx,
fx,
fx,
fx,
fx,
fx,
fx,
fx,
fx,
fx,fx/muzzleflashes/mp16_flshview_a
fx,fx/muzzleflashes/mp16_flshview_b
fx,fx/muzzleflashes/mp16_flshview_c
fx,fx/muzzleflashes/mp16_flash_view
vertexshader,vs_vertcol_simple_flf_nofog_ems.hlsl
pixelshader,vertcol_simple_hss_flf_add_ct_addblend_ndw_ems.hlsl
techset,effect_add_ct_nofog_ndw
image,m16_flares
material,gfx_muzflash_m16
fx,fx/muzzleflashes/m16_flash_wv_a
fx,fx/muzzleflashes/m16_flash_wv_b
fx,fx/muzzleflashes/m16_flash_wv_c
fx,fx/muzzleflashes/m16_flash_wv
loaded_sound,weapons/h2/famas/fire_npc
sound,wpn_famas_fire_npc
loaded_sound,weapons/h2/famas/fire_plr
sound,wpn_famas_fire_plr
image,h2_weapon_famas
material,hud_icon_famas
phys_collmap,weapon_famas
weapon,h2_famas_mp
image,i_h2_f2000_details_s
image,i_h2_f2000_details_n
image,i_h2_f2000_details_o
image,i_h2_f2000_details_c
image,i_h2_f2000_details_m
image,camo_spc
material,m/mtl_h2_f2000_details_camo
image,i_h2_f2000_rail_s
image,i_h2_f2000_rail_n
image,i_h2_f2000_rail_o
image,i_h2_f2000_rail_c
material,m/mtl_h2_f2000_rail_camo
image,i_h2_f2000_body_s
image,i_h2_f2000_body_n
image,i_h2_f2000_body_o
image,i_h2_f2000_body_c
image,i_h2_f2000_body_m
material,m/mtl_h2_f2000_body_camo
image,i_h2_f2000_base_s
image,i_h2_f2000_base_n
image,i_h2_f2000_base_o
image,i_h2_f2000_base_c
image,i_h2_f2000_base_m
material,m/mtl_h2_f2000_base_camo
xmodelsurfs,wpn_h2_f2000_vm_lod0
xmodel,wpn_h2_f2000_vm
xmodelsurfs,wpn_h2_f2000_npc_lod0
xmodel,wpn_h2_f2000_npc
xanim,vm_h2_f2000_idle
xanim,vm_h2_f2000_fire
xanim,vm_h2_f2000_reload
xanim,vm_h2_f2000_reload_empty
xanim,vm_h2_f2000_raise
xanim,vm_h2_f2000_raise_first
xanim,vm_h2_f2000_drop
xanim,vm_h2_f2000_sprint_in
xanim,vm_h2_f2000_sprint_loop
xanim,vm_h2_f2000_sprint_out
xanim,vm_h2_f2000_fire_ads
xanim,vm_h2_f2000_inspect
xanim,vm_h2_f2000_ads_up
xanim,vm_h2_f2000_ads_down
xanim,vm_h2_f2000_recoil
xanim,vm_h2_f2000_empty_additive
attachment,f2000scope
loaded_sound,weapons/h2/f2000/lift
sound,wpn_f2000_fly_lift
loaded_sound,weapons/h2/f2000/mag_out
sound,wpn_f2000_fly_mag_out
loaded_sound,weapons/h2/f2000/mag_in
sound,wpn_f2000_fly_mag_in
loaded_sound,weapons/h2/f2000/chamber
sound,wpn_f2000_fly_chamber
loaded_sound,weapons/h2/f2000/inspect_look1
sound,wpn_f2000_fly_inspect_look1
loaded_sound,weapons/h2/f2000/inspect_look2
sound,wpn_f2000_fly_inspect_look2
loaded_sound,weapons/h2/f2000/inspect_rest
sound,wpn_f2000_fly_inspect_rest
sound,
sound,
sound,
sound,
sound,
sound,
sound,
sound,
sound,
sound,
sound,
sound,
sound,
sound,
sound,
sound,
sound,
sound,
sound,
sound,
sound,
sound,
sound,
sound,
sound,
sound,
sound,
sound,
fx,
fx,
fx,
fx,
fx,
fx,
fx,
fx,
fx,
fx,
fx,
fx,
fx,
fx,
fx,
fx,
loaded_sound,weapons/h2/f2000/fire_npc
sound,wpn_f2000_fire_npc
loaded_sound,weapons/h2/f2000/fire_plr
sound,wpn_f2000_fire_plr
image,h2_weapon_fn2000
material,hud_icon_fn2000
phys_collmap,weapon_fn2000
weapon,h2_fn2000_mp
image,i_h2_m16_rail_s
image,i_h2_m16_rail_n
image,i_h2_m16_rail_o
image,i_h2_m16_rail_c
image,i_h2_m16_rail_m
material,m/mtl_h2_m16_rail_camo
image,i_h2_m16_sights_s
image,i_h2_m16_sights_n
image,i_h2_m16_sights_o
image,i_h2_m16_sights_c
image,i_h2_m16_sights_m
material,m/mtl_h2_m16_sights_camo
image,i_h2_m16_ammo_s
image,i_h2_m16_ammo_n
image,i_h2_m16_ammo_o
image,i_h2_m16_ammo_c
material,m/mtl_h2_m16_ammo
image,i_h2_m16_handguard_s
image,i_h2_m16_handguard_n
image,i_h2_m16_handguard_o
image,i_h2_m16_handguard_c
image,i_h2_m16_handguard_m
material,m/mtl_h2_m16_handguard_camo
image,i_h2_m16_furniture_s
image,i_h2_m16_furniture_n
image,i_h2_m16_furniture_o
image,i_h2_m16_furniture_c
image,i_h2_m16_furniture_m
material,m/mtl_h2_m16_furniture_camo
image,i_h2_m16_receiver_s
image,i_h2_m16_receiver_n
image,i_h2_m16_receiver_o
image,i_h2_m16_receiver_c
image,i_h2_m16_receiver_m
material,m/mtl_h2_m16_receiver_camo
image,i_h2_m16_sight_s
image,i_h2_m16_sight_n
image,i_h2_m16_sight_o
image,i_h2_m16_sight_c
image,i_h2_m16_sight_m
material,m/mtl_h2_m16_sight_camo
xmodelsurfs,wpn_h2_asl_m16_lodvm100
xmodel,wpn_h2_m16_vm
xmodelsurfs,wpn_h2_asl_m16_lod0100
xmodelsurfs,wpn_h2_asl_m16_lod3100
xmodelsurfs,wpn_h2_asl_m16_lod4100
xmodel,wpn_h2_m16_npc
xanim,vm_h2_m16_idle
xanim,vm_h2_m16_fire
xanim,vm_h2_m16_reload
xanim,vm_h2_m16_reload_empty
xanim,vm_h2_m16_raise
xanim,vm_h2_m16_raise_first
xanim,vm_h2_m16_drop
xanim,vm_h2_m16_raise_quick
xanim,vm_h2_m16_sprint_in
xanim,vm_h2_m16_sprint_loop
xanim,vm_h2_m16_sprint_out
xanim,vm_h2_m16_fire_ads
xanim,vm_h2_m16_inspect
xanim,vm_h2_m16_ads_up
xanim,vm_h2_m16_ads_down
xanim,vm_h2_m16_recoil
xanim,vm_h2_m16_empty_additive
attachment,gl
loaded_sound,h1_foley/wpfoly_m4_reload_lift
sound,weap_m16_lift_plr
loaded_sound,h1_foley/wpfoly_m203_chamber_close_v12
sound,weap_m203_chamber_close_plr
loaded_sound,h1_foley/wpfoly_m203_chamber_open_v12
sound,weap_m203_chamber_open_plr
loaded_sound,h1_foley/wpfoly_m203_load_v12
sound,weap_m203_load_plr
sound,wpn_h1_m16_ins_look_01
sound,wpn_h1_m16_ins_look_02
sound,wpn_h1_m16_ins_rest
sound,wpn_h1_m4_ins_look_02
sound,wpn_h1_m4_ins_rest
loaded_sound,weapons/h2/m16/chamber_close
sound,wpn_m16_fly_chamber_close
loaded_sound,weapons/h2/m16/first_chamber
sound,wpn_m16_fly_first_chamber
loaded_sound,weapons/h2/m16/lift
sound,wpn_m16_fly_lift
loaded_sound,weapons/h2/m16/mag_in
sound,wpn_m16_fly_mag_in
loaded_sound,weapons/h2/m16/mag_out
sound,wpn_m16_fly_mag_out
sound,
sound,
sound,
sound,
sound,
sound,
sound,
sound,
sound,
sound,
sound,
sound,
sound,
sound,
sound,
sound,
sound,
sound,
sound,
sound,
fx,
fx,
fx,
fx,
fx,
fx,
fx,
fx,
fx,
fx,
fx,
fx,
fx,
fx,
fx,
fx,
fx,fx/muzzleflashes/mp16_adsview_a
fx,fx/muzzleflashes/mp16_adsview_b
fx,fx/muzzleflashes/mp16_adsview_c
fx,fx/muzzleflashes/mp16_ads_view
loaded_sound,weapons/h2/m16/fire_npc
sound,wpn_m16_fire_npc
loaded_sound,weapons/h2/m16/fire_plr
sound,wpn_m16_fire_plr
image,h2_weapon_m16
material,hud_icon_m16a4
phys_collmap,wpn_h1_asl_m16a4_npc
weapon,h2_m16_mp
image,i_h2_m4a1_foregrip_s
image,i_h2_m4a1_foregrip_n
image,i_h2_m4a1_foregrip_o
image,i_h2_m4a1_foregrip_c
material,m/mtl_h2_m4a1_foregrip
image,i_h2_m4a1_grip_s
image,i_h2_m4a1_grip_n
image,i_h2_m4a1_grip_o
image,i_h2_m4a1_grip_c
image,i_h2_m4a1_grip_m
material,m/mtl_h2_m4a1_grip_camo
image,i_h2_m4a1_stock_s
image,i_h2_m4a1_stock_n
image,i_h2_m4a1_stock_o
image,i_h2_m4a1_stock_c
image,i_h2_m4a1_stock_m
material,m/mtl_h2_m4a1_stock_camo
image,i_h2_m4a1_receiver_s
image,i_h2_m4a1_receiver_n
image,i_h2_m4a1_receiver_o
image,i_h2_m4a1_receiver_c
image,i_h2_m4a1_receiver_m
material,m/mtl_h2_m4a1_receiver_camo
image,i_h2_m4a1_handguard_s
image,i_h2_m4a1_handguard_n
image,i_h2_m4a1_handguard_o
image,i_h2_m4a1_handguard_c
image,i_h2_m4a1_handguard_m
material,m/mtl_h2_m4a1_handguard_camo
image,i_h2_m4a1_ammo_s
image,i_h2_m4a1_ammo_n
image,i_h2_m4a1_ammo_o
image,i_h2_m4a1_ammo_c
material,m/mtl_h2_m4a1_ammo
xmodelsurfs,wpn_h2_m4a1_vm_lod0
xmodel,wpn_h2_m4a1_vm
xmodelsurfs,wpn_h2_m4a1_npc_lod0
xmodel,wpn_h2_m4a1_npc
xanim,vm_h2_m4a1_idle
xanim,vm_h2_m4a1_fire
xanim,vm_h2_m4a1_reload
xanim,vm_h2_m4a1_reload_empty
xanim,vm_h2_m4a1_raise
xanim,vm_h2_m4a1_raise_first
xanim,vm_h2_m4a1_drop
xanim,vm_h2_m4a1_raise_quick
xanim,vm_h2_m4a1_drop_quick
xanim,vm_h2_m4a1_sprint_in
xanim,vm_h2_m4a1_sprint_loop
xanim,vm_h2_m4a1_sprint_out
xanim,vm_h2_m4a1_fire_ads
xanim,vm_h2_m4a1_inspect
xanim,vm_h2_m4a1_ads_up
xanim,vm_h2_m4a1_ads_down
xanim,vm_h2_m4a1_empty_additive
loaded_sound,weapons/h2/m4a1/chamber
sound,wpn_m4a1_fly_chamber
loaded_sound,weapons/h2/m4a1/inspect_look1
sound,wpn_m4a1_fly_inspect_look1
loaded_sound,weapons/h2/m4a1/inspect_look2
sound,wpn_m4a1_fly_inspect_look2
loaded_sound,weapons/h2/m4a1/inspect_rest
sound,wpn_m4a1_fly_inspect_rest
loaded_sound,weapons/h2/m4a1/lift
sound,wpn_m4a1_fly_lift
loaded_sound,weapons/h2/m4a1/mag_in
sound,wpn_m4a1_fly_mag_in
loaded_sound,weapons/h2/m4a1/mag_out
sound,wpn_m4a1_fly_mag_out
sound,
sound,
sound,
sound,
sound,
sound,
sound,
sound,
sound,
sound,
sound,
sound,
sound,
sound,
sound,
sound,
sound,
sound,
sound,
sound,
sound,
sound,
sound,
sound,
fx,
fx,
fx,
fx,
fx,
fx,
fx,
fx,
fx,
fx,
fx,
fx,
fx,
fx,
fx,
fx,
loaded_sound,weapons/h2/m4a1/fire_npc
sound,wpn_m4a1_fire_npc
loaded_sound,weapons/h2/m4a1/fire_plr
sound,wpn_m4a1_fire_plr
image,h2_weapon_m4_grunt
material,hud_icon_m4_grunt
phys_collmap,wpn_h1_asl_m4a1_npc
weapon,h2_m4_mp
image,i_h2_acr_grip_s
image,i_h2_acr_grip_n
image,i_h2_acr_grip_o
image,i_h2_acr_grip_c
image,i_h2_acr_grip_m
material,m/mtl_h2_acr_grip_camo
image,i_h2_acr_mag_s
image,i_h2_acr_mag_n
image,i_h2_acr_mag_o
image,i_h2_acr_mag_c
material,m/mtl_h2_acr_magazine
image,i_h2_acr_ironsight_s
image,i_h2_acr_ironsight_n
image,i_h2_acr_ironsight_o
image,i_h2_acr_ironsight_c
image,i_h2_acr_ironsight_m
material,m/mtl_h2_acr_ironsight_camo
image,i_h2_acr_stock_s
image,i_h2_acr_stock_n
image,i_h2_acr_stock_o
image,i_h2_acr_stock_c
image,i_h2_acr_stock_m
material,m/mtl_h2_acr_stock_camo
image,i_h2_acr_handguard_s
image,i_h2_acr_handguard_n
image,i_h2_acr_handguard_o
image,i_h2_acr_handguard_c
image,i_h2_acr_handguard_m
material,m/mtl_h2_acr_handguard_camo
image,i_h2_acr_base_s
image,i_h2_acr_base_n
image,i_h2_acr_base_o
image,i_h2_acr_base_c
image,i_h2_acr_base_m
material,m/mtl_h2_acr_body_camo
xmodelsurfs,wpn_h2_acr_vm_lod0
xmodel,wpn_h2_acr_vm
xmodelsurfs,wpn_h2_acr_npc_lod0
xmodel,wpn_h2_acr_npc
xanim,vm_h2_acr_idle
xanim,vm_h2_acr_fire
xanim,vm_h2_acr_reload
xanim,vm_h2_acr_reload_empty
xanim,vm_h2_acr_raise
xanim,vm_h2_acr_raise_first
xanim,vm_h2_acr_drop
xanim,vm_h2_acr_sprint_in
xanim,vm_h2_acr_sprint_loop
xanim,vm_h2_acr_sprint_out
xanim,vm_h2_acr_fire_ads
xanim,vm_h2_acr_inspect
xanim,vm_h2_acr_ads_up
xanim,vm_h2_acr_ads_down
xanim,vm_h2_acr_recoil
loaded_sound,weapons/h2/acr/chamber
sound,wpn_acr_fly_chamber
loaded_sound,weapons/h2/acr/inspect_look1
sound,wpn_acr_fly_inspect_look1
loaded_sound,weapons/h2/acr/inspect_look2
sound,wpn_acr_fly_inspect_look2
loaded_sound,weapons/h2/acr/inspect_rest
sound,wpn_acr_fly_inspect_rest
loaded_sound,weapons/h2/acr/lift
sound,wpn_acr_fly_lift
loaded_sound,weapons/h2/acr/mag_in
sound,wpn_acr_fly_mag_in
loaded_sound,weapons/h2/acr/mag_out
sound,wpn_acr_fly_mag_out
sound,
sound,
sound,
sound,
sound,
sound,
sound,
sound,
sound,
sound,
sound,
sound,
sound,
sound,
sound,
sound,
sound,
sound,
sound,
sound,
sound,
sound,
sound,
sound,
sound,
sound,
fx,
fx,
fx,
fx,
fx,
fx,
fx,
fx,
fx,
fx,
fx,
fx,
fx,
fx,
fx,
fx,
loaded_sound,weapons/h2/acr/fire_npc
sound,wpn_acr_fire_npc
loaded_sound,weapons/h2/acr/fire_plr
sound,wpn_acr_fire_plr
image,h2_weapon_masada
material,hud_icon_masada
phys_collmap,wpn_h2_masada
weapon,h2_masada_mp
image,i_h2_scar_rec_u_s
image,i_h2_scar_rec_u_n
image,i_h2_scar_rec_u_o
image,i_h2_scar_rec_u_c
image,i_h2_scar_rec_u_m
material,m/mtl_h2_scar_receiver_u_camo
image,i_h2_scar_rec_d_s
image,i_h2_scar_rec_d_n
image,i_h2_scar_rec_d_o
image,i_h2_scar_rec_d_c
image,i_h2_scar_rec_d_m
material,m/mtl_h2_scar_receiver_d_camo
material,m/mtl_h2_scar_mag
image,i_h2_scar_stock_s
image,i_h2_scar_stock_n
image,i_h2_scar_stock_o
image,i_h2_scar_stock_c
image,i_h2_scar_stock_m
material,m/mtl_h2_scar_stock_camo
image,i_h2_scar_grip_s
image,i_h2_scar_grip_n
image,i_h2_scar_grip_o
image,i_h2_scar_grip_c
image,i_h2_scar_grip_m
material,m/mtl_h2_scar_grip_camo
image,i_h2_scar_rearsight_s
image,i_h2_scar_rearsight_n
image,i_h2_scar_rearsight_o
image,i_h2_scar_rearsight_c
image,i_h2_scar_rearsight_m
material,m/mtl_h2_scar_rearsight_camo
xmodelsurfs,wpn_h2_scar_vm_lod0
xmodel,wpn_h2_scar_vm
xmodelsurfs,wpn_h2_scar_npc_lod0
xmodel,wpn_h2_scar_npc
xanim,vm_h2_scar_idle
xanim,vm_h2_scar_fire
xanim,vm_h2_scar_reload
xanim,vm_h2_scar_reload_empty
xanim,vm_h2_scar_raise
xanim,vm_h2_scar_raise_first
xanim,vm_h2_scar_drop
xanim,vm_h2_scar_sprint_in
xanim,vm_h2_scar_sprint_loop
xanim,vm_h2_scar_sprint_out
xanim,vm_h2_scar_fire_ads
xanim,vm_h2_scar_fire_ads_last
xanim,vm_h2_scar_blast_impact_front
xanim,h2_vm_sp_blast_impact_right
xanim,h2_vm_sp_blast_impact_back
xanim,vm_h2_scar_blast_impact_left
xanim,vm_h2_scar_inspect
xanim,vm_h2_scar_ads_up
xanim,vm_h2_scar_ads_down
xanim,vm_h2_scar_empty_additive
sound,scar_h_gl_reload
sound,weap_m4carbine_lift_plr
loaded_sound,weapons/h2/scar/chamber
sound,wpn_scar_fly_chamber
loaded_sound,weapons/h2/scar/chamber_close
sound,wpn_scar_fly_chamber_close
loaded_sound,weapons/h2/scar/hit
sound,wpn_scar_fly_hit
loaded_sound,weapons/h2/scar/inspect_look1
sound,wpn_scar_fly_inspect_look1
loaded_sound,weapons/h2/scar/inspect_look2
sound,wpn_scar_fly_inspect_look2
loaded_sound,weapons/h2/scar/inspect_rest
sound,wpn_scar_fly_inspect_rest
loaded_sound,weapons/h2/scar/lift
sound,wpn_scar_fly_lift
loaded_sound,weapons/h2/scar/mag_in
sound,wpn_scar_fly_mag_in
loaded_sound,weapons/h2/scar/mag_out
sound,wpn_scar_fly_mag_out
sound,
sound,
sound,
sound,
sound,
sound,
sound,
sound,
sound,
sound,
sound,
sound,
sound,
sound,
fx,
fx,
fx,
fx,
fx,
fx,
fx,
fx,
fx,
fx,
fx,
fx,
fx,
fx,
fx,
fx,
loaded_sound,weapons/h2/scar/fire_npc
sound,wpn_scar_fire_npc
loaded_sound,weapons/h2/scar/fire_plr
sound,wpn_scar_fire_plr
image,h2_weapon_scar_h
material,hud_icon_scar_h
phys_collmap,weapon_scar_h
weapon,h2_scar_mp
image,i_h2_tavor_receiver_s
image,i_h2_tavor_receiver_n
image,i_h2_tavor_receiver_o
image,i_h2_tavor_receiver_c
image,i_h2_tavor_receiver_m
material,m/mtl_h2_tavor_receiver_camo
image,i_h2_tavor_grip_s
image,i_h2_tavor_grip_n
image,i_h2_tavor_grip_o
image,i_h2_tavor_grip_c
image,i_h2_tavor_grip_m
material,m/mtl_h2_tavor_grip_camo
image,i_h2_tavor_canon_s
image,i_h2_tavor_canon_n
image,i_h2_tavor_canon_o
image,i_h2_tavor_canon_c
image,i_h2_tavor_canon_m
material,m/mtl_h2_tavor_canon_camo
image,i_h2_tavor_ironsight_s
image,i_h2_tavor_ironsight_n
image,i_h2_tavor_ironsight_o
image,i_h2_tavor_ironsight_c
image,i_h2_tavor_ironsight_m
material,m/mtl_h2_tavor_ironsight_camo
image,i_h2_tavor_mag_s
image,i_h2_tavor_mag_n
image,i_h2_tavor_mag_o
image,i_h2_tavor_mag_c
material,m/mtl_h2_tavor_mag
xmodelsurfs,wpn_h2_tavor_vm_lod0
xmodel,wpn_h2_tavor_vm
xmodelsurfs,wpn_h2_tavor_npc_lod0
xmodel,wpn_h2_tavor_npc
xanim,vm_h2_tavor_idle
xanim,vm_h2_tavor_fire
xanim,vm_h2_tavor_reload
xanim,vm_h2_tavor_reload_empty
xanim,vm_h2_tavor_raise
xanim,vm_h2_tavor_raise_first
xanim,vm_h2_tavor_drop
xanim,vm_h2_tavor_sprint_in
xanim,vm_h2_tavor_sprint_loop
xanim,vm_h2_tavor_sprint_out
xanim,vm_h2_tavor_fire_ads
xanim,h2_vm_mp_mantle_45_up
xanim,h2_vm_mp_mantle_33_up
xanim,vm_h2_tavor_inspect
xanim,vm_h2_tavor_ads_up
xanim,vm_h2_tavor_ads_down
attachment,mars
loaded_sound,weapons/h2/tavor/lift
sound,weap_tavor_lift_plr
loaded_sound,weapons/h2/tavor/chamber
sound,wpn_tavor_fly_chamber
loaded_sound,weapons/h2/tavor/inspect_look1
sound,wpn_tavor_fly_inspect_look1
loaded_sound,weapons/h2/tavor/inspect_look2
sound,wpn_tavor_fly_inspect_look2
loaded_sound,weapons/h2/tavor/inspect_rest
sound,wpn_tavor_fly_inspect_rest
sound,wpn_tavor_fly_lift
loaded_sound,weapons/h2/tavor/mag_in
sound,wpn_tavor_fly_mag_in
loaded_sound,weapons/h2/tavor/mag_out
sound,wpn_tavor_fly_mag_out
sound,
sound,
sound,
sound,
sound,
sound,
sound,
sound,
sound,
sound,
sound,
sound,
sound,
sound,
sound,
sound,
sound,
sound,
sound,
sound,
sound,
sound,
sound,
sound,
sound,
sound,
sound,
fx,
fx,
fx,
fx,
fx,
fx,
fx,
fx,
fx,
fx,
fx,
fx,
fx,
fx,
fx,
fx,
loaded_sound,weapons/h2/tavor/fire_npc
sound,wpn_tavor_fire_npc
loaded_sound,weapons/h2/tavor/fire_plr
sound,wpn_tavor_fire_plr
image,h2_weapon_tavor
material,hud_icon_tavor
phys_collmap,weapon_tavor
weapon,h2_tavor_mp
pixelshader,lpo_sm_eflow_nofog_dc1dn1ds1dg1dna1_lmpb_l0n_misva_r0c0n0s0om0_nc.hlsl
pixelshader,lpo_sm_eflow_nofog_dc1dn1ds1dg1dna1_lmpb_l0d_misva_r0c0n0s0om0_nc.hlsl
pixelshader,lpo_sm_eflow_nofog_dc1dn1ds1dg1dna1_lmpb_l0d_l0sd_misva_r0c0n0s0om0_nc.hlsl
pixelshader,lpo_sm_eflow_nofog_dc1dn1ds1dg1dna1_lmpb_l0s_misva_r0c0n0s0om0_nc.hlsl
pixelshader,lpo_sm_eflow_nofog_dc1dn1ds1dg1dna1_lmpb_l0s_l0ss_misva_r0c0n0s0om0_nc.hlsl
pixelshader,lpo_sm_eflow_nofog_dc1dn1ds1dg1dna1_lmpb_l0s_l0sc_cuc_misva_r0c0n0s0om0_nc.hlsl
pixelshader,lpo_sm_eflow_nofog_dc1dn1ds1dg1dna1_lmpb_l0o_misva_r0c0n0s0om0_nc.hlsl
pixelshader,lpo_sm_eflow_nofog_dc1dn1ds1dg1dna1_lmpb_l0o_l0ss_misva_r0c0n0s0om0_nc.hlsl
pixelshader,lpo_sm_eflow_nofog_dc1dn1ds1dg1dna1_lmpb_ldbsm_cuc_misva_r0c0n0s0om0_nc.hlsl
pixelshader,lpo_sm_eflow_nofog_dc1dn1ds1dg1dna1_lmpb_ldb_sunsm_cuc_misva_r0c0n0s0om0_nc.hlsl
pixelshader,lpo_sm_eflow_nofog_dc1dn1ds1dg1dna1_lmpb_ldbsm_misva_r0c0n0s0om0_nc.hlsl
pixelshader,lpo_sm_eflow_nofog_dc1dn1ds1dg1dna1_lmpb_ldb_sunsm_misva_r0c0n0s0om0_nc.hlsl
techset,m_l_sm_lmpb_dc1dn1ds1dg1dna1_r0c0n0sd0om0_nfwpf_misva_eflow
image,ui_transparent
image,wpn_h2m_camo_doomsday_ems
image,camo_base_flow_surfparms_01
image,$identitynormalmap
image,~wpn_h1_camo_exclusion_spc-rg~60428e6f
image,wpn_h1_camo_flowmap_liquid_01_flow
material,m/mtl_h2_acr_body_doomsday
image,wpn_h2m_camo_fire_col
image,wpn_h2m_camo_fire_ems
image,wpn_h2m_camo_fire_nml
material,m/mtl_h2_acr_body_fire
image,wpn_h2m_camo_gas_ems
material,m/mtl_h2_acr_body_gas
image,wpn_h2m_camo_ice_col
image,wpn_h2m_camo_ice_ems
image,wpn_h2m_camo_ice_nml
material,m/mtl_h2_acr_body_ice
image,wpn_h2m_camo_lava_col
image,wpn_h2m_camo_lava_ems
image,wpn_h2m_camo_lava_nml
material,m/mtl_h2_acr_body_lava
image,wpn_h2m_camo_storm_ems
material,m/mtl_h2_acr_body_storm
image,wpn_h2m_camo_toxic_waste_col
image,wpn_h2m_camo_toxic_waste_ems
image,wpn_h2m_camo_toxic_waste_nml
material,m/mtl_h2_acr_body_toxic_waste
image,wpn_h2m_camo_water_col
image,wpn_h2m_camo_water_ems
image,wpn_h2m_camo_water_nml
image,wpn_h2m_camo_water_spc
material,m/mtl_h2_acr_body_water
material,m/mtl_h2_acr_grip_doomsday
material,m/mtl_h2_acr_grip_fire
material,m/mtl_h2_acr_grip_gas
material,m/mtl_h2_acr_grip_ice
material,m/mtl_h2_acr_grip_lava
material,m/mtl_h2_acr_grip_storm
material,m/mtl_h2_acr_grip_toxic_waste
material,m/mtl_h2_acr_grip_water
material,m/mtl_h2_acr_handguard_doomsday
material,m/mtl_h2_acr_handguard_fire
material,m/mtl_h2_acr_handguard_gas
material,m/mtl_h2_acr_handguard_ice
material,m/mtl_h2_acr_handguard_lava
material,m/mtl_h2_acr_handguard_storm
material,m/mtl_h2_acr_handguard_toxic_waste
material,m/mtl_h2_acr_handguard_water
material,m/mtl_h2_acr_ironsight_doomsday
material,m/mtl_h2_acr_ironsight_fire
material,m/mtl_h2_acr_ironsight_gas
material,m/mtl_h2_acr_ironsight_ice
material,m/mtl_h2_acr_ironsight_lava
material,m/mtl_h2_acr_ironsight_storm
material,m/mtl_h2_acr_ironsight_toxic_waste
material,m/mtl_h2_acr_ironsight_water
material,m/mtl_h2_acr_stock_doomsday
material,m/mtl_h2_acr_stock_fire
material,m/mtl_h2_acr_stock_gas
material,m/mtl_h2_acr_stock_ice
material,m/mtl_h2_acr_stock_lava
material,m/mtl_h2_acr_stock_storm
material,m/mtl_h2_acr_stock_toxic_waste
material,m/mtl_h2_acr_stock_water
material,m/mtl_h2_ak47_grip_doomsday
material,m/mtl_h2_ak47_grip_fire
material,m/mtl_h2_ak47_grip_gas
material,m/mtl_h2_ak47_grip_ice
material,m/mtl_h2_ak47_grip_lava
material,m/mtl_h2_ak47_grip_storm
material,m/mtl_h2_ak47_grip_toxic_waste
material,m/mtl_h2_ak47_grip_water
material,m/mtl_h2_ak47_handguard_doomsday
material,m/mtl_h2_ak47_handguard_fire
material,m/mtl_h2_ak47_handguard_gas
material,m/mtl_h2_ak47_handguard_ice
material,m/mtl_h2_ak47_handguard_lava
material,m/mtl_h2_ak47_handguard_storm
material,m/mtl_h2_ak47_handguard_toxic_waste
material,m/mtl_h2_ak47_handguard_water
material,m/mtl_h2_ak47_mount_doomsday
material,m/mtl_h2_ak47_mount_fire
material,m/mtl_h2_ak47_mount_gas
material,m/mtl_h2_ak47_mount_ice
material,m/mtl_h2_ak47_mount_lava
material,m/mtl_h2_ak47_mount_storm
material,m/mtl_h2_ak47_mount_toxic_waste
material,m/mtl_h2_ak47_mount_water
material,m/mtl_h2_ak47_receiver_doomsday
material,m/mtl_h2_ak47_receiver_fire
material,m/mtl_h2_ak47_receiver_gas
material,m/mtl_h2_ak47_receiver_ice
material,m/mtl_h2_ak47_receiver_lava
material,m/mtl_h2_ak47_receiver_storm
material,m/mtl_h2_ak47_receiver_toxic_waste
material,m/mtl_h2_ak47_receiver_water
material,m/mtl_h2_ak47_sights_doomsday
material,m/mtl_h2_ak47_sights_fire
material,m/mtl_h2_ak47_sights_gas
material,m/mtl_h2_ak47_sights_ice
material,m/mtl_h2_ak47_sights_lava
material,m/mtl_h2_ak47_sights_storm
material,m/mtl_h2_ak47_sights_toxic_waste
material,m/mtl_h2_ak47_sights_water
material,m/mtl_h2_ak47_stock_doomsday
material,m/mtl_h2_ak47_stock_fire
material,m/mtl_h2_ak47_stock_gas
material,m/mtl_h2_ak47_stock_ice
material,m/mtl_h2_ak47_stock_lava
material,m/mtl_h2_ak47_stock_storm
material,m/mtl_h2_ak47_stock_toxic_waste
material,m/mtl_h2_ak47_stock_water
material,m/mtl_h2_f2000_base_doomsday
material,m/mtl_h2_f2000_base_fire
material,m/mtl_h2_f2000_base_gas
material,m/mtl_h2_f2000_base_ice
material,m/mtl_h2_f2000_base_lava
material,m/mtl_h2_f2000_base_storm
material,m/mtl_h2_f2000_base_toxic_waste
material,m/mtl_h2_f2000_base_water
material,m/mtl_h2_f2000_body_doomsday
material,m/mtl_h2_f2000_body_fire
material,m/mtl_h2_f2000_body_gas
material,m/mtl_h2_f2000_body_ice
material,m/mtl_h2_f2000_body_lava
material,m/mtl_h2_f2000_body_storm
material,m/mtl_h2_f2000_body_toxic_waste
material,m/mtl_h2_f2000_body_water
material,m/mtl_h2_f2000_details_doomsday
material,m/mtl_h2_f2000_details_fire
material,m/mtl_h2_f2000_details_gas
material,m/mtl_h2_f2000_details_ice
material,m/mtl_h2_f2000_details_lava
material,m/mtl_h2_f2000_details_storm
material,m/mtl_h2_f2000_details_toxic_waste
material,m/mtl_h2_f2000_details_water
image,i_h2_f2000_rail_m
material,m/mtl_h2_f2000_rail_doomsday
material,m/mtl_h2_f2000_rail_fire
material,m/mtl_h2_f2000_rail_gas
material,m/mtl_h2_f2000_rail_ice
material,m/mtl_h2_f2000_rail_lava
material,m/mtl_h2_f2000_rail_storm
material,m/mtl_h2_f2000_rail_toxic_waste
material,m/mtl_h2_f2000_rail_water
material,m/mtl_h2_fal_barrel_doomsday
material,m/mtl_h2_fal_barrel_fire
material,m/mtl_h2_fal_barrel_gas
material,m/mtl_h2_fal_barrel_ice
material,m/mtl_h2_fal_barrel_lava
material,m/mtl_h2_fal_barrel_storm
material,m/mtl_h2_fal_barrel_toxic_waste
material,m/mtl_h2_fal_barrel_water
material,m/mtl_h2_fal_grip_doomsday
material,m/mtl_h2_fal_grip_fire
material,m/mtl_h2_fal_grip_gas
material,m/mtl_h2_fal_grip_ice
material,m/mtl_h2_fal_grip_lava
material,m/mtl_h2_fal_grip_storm
material,m/mtl_h2_fal_grip_toxic_waste
material,m/mtl_h2_fal_grip_water
material,m/mtl_h2_fal_receiver_doomsday
material,m/mtl_h2_fal_receiver_fire
material,m/mtl_h2_fal_receiver_gas
material,m/mtl_h2_fal_receiver_ice
material,m/mtl_h2_fal_receiver_lava
material,m/mtl_h2_fal_receiver_storm
material,m/mtl_h2_fal_receiver_toxic_waste
material,m/mtl_h2_fal_receiver_water
material,m/mtl_h2_fal_stock_doomsday
material,m/mtl_h2_fal_stock_fire
material,m/mtl_h2_fal_stock_gas
material,m/mtl_h2_fal_stock_ice
material,m/mtl_h2_fal_stock_lava
material,m/mtl_h2_fal_stock_storm
material,m/mtl_h2_fal_stock_toxic_waste
material,m/mtl_h2_fal_stock_water
material,m/mtl_h2_famas_receiver_doomsday
material,m/mtl_h2_famas_receiver_fire
material,m/mtl_h2_famas_receiver_gas
material,m/mtl_h2_famas_receiver_ice
material,m/mtl_h2_famas_receiver_lava
material,m/mtl_h2_famas_receiver_storm
material,m/mtl_h2_famas_receiver_toxic_waste
material,m/mtl_h2_famas_receiver_water
image,i_h2_famas_sights_m
material,m/mtl_h2_famas_sights_doomsday
material,m/mtl_h2_famas_sights_fire
material,m/mtl_h2_famas_sights_gas
material,m/mtl_h2_famas_sights_ice
material,m/mtl_h2_famas_sights_lava
material,m/mtl_h2_famas_sights_storm
material,m/mtl_h2_famas_sights_toxic_waste
material,m/mtl_h2_famas_sights_water
material,m/mtl_h2_famas_stock_doomsday
material,m/mtl_h2_famas_stock_fire
material,m/mtl_h2_famas_stock_gas
material,m/mtl_h2_famas_stock_ice
material,m/mtl_h2_famas_stock_lava
material,m/mtl_h2_famas_stock_storm
material,m/mtl_h2_famas_stock_toxic_waste
material,m/mtl_h2_famas_stock_water
material,m/mtl_h2_m16_furniture_doomsday
material,m/mtl_h2_m16_furniture_fire
material,m/mtl_h2_m16_furniture_gas
material,m/mtl_h2_m16_furniture_ice
material,m/mtl_h2_m16_furniture_lava
material,m/mtl_h2_m16_furniture_storm
material,m/mtl_h2_m16_furniture_toxic_waste
material,m/mtl_h2_m16_furniture_water
material,m/mtl_h2_m16_handguard_doomsday
material,m/mtl_h2_m16_handguard_fire
material,m/mtl_h2_m16_handguard_gas
material,m/mtl_h2_m16_handguard_ice
material,m/mtl_h2_m16_handguard_lava
material,m/mtl_h2_m16_handguard_storm
material,m/mtl_h2_m16_handguard_toxic_waste
material,m/mtl_h2_m16_handguard_water
material,m/mtl_h2_m16_rail_doomsday
material,m/mtl_h2_m16_rail_fire
material,m/mtl_h2_m16_rail_gas
material,m/mtl_h2_m16_rail_ice
material,m/mtl_h2_m16_rail_lava
material,m/mtl_h2_m16_rail_storm
material,m/mtl_h2_m16_rail_toxic_waste
material,m/mtl_h2_m16_rail_water
material,m/mtl_h2_m16_receiver_doomsday
material,m/mtl_h2_m16_receiver_fire
material,m/mtl_h2_m16_receiver_gas
material,m/mtl_h2_m16_receiver_ice
material,m/mtl_h2_m16_receiver_lava
material,m/mtl_h2_m16_receiver_storm
material,m/mtl_h2_m16_receiver_toxic_waste
material,m/mtl_h2_m16_receiver_water
material,m/mtl_h2_m16_sight_doomsday
material,m/mtl_h2_m16_sight_fire
material,m/mtl_h2_m16_sight_gas
material,m/mtl_h2_m16_sight_ice
material,m/mtl_h2_m16_sight_lava
material,m/mtl_h2_m16_sight_storm
material,m/mtl_h2_m16_sight_toxic_waste
material,m/mtl_h2_m16_sight_water
material,m/mtl_h2_m16_sights_doomsday
material,m/mtl_h2_m16_sights_fire
material,m/mtl_h2_m16_sights_gas
material,m/mtl_h2_m16_sights_ice
material,m/mtl_h2_m16_sights_lava
material,m/mtl_h2_m16_sights_storm
material,m/mtl_h2_m16_sights_toxic_waste
material,m/mtl_h2_m16_sights_water
material,m/mtl_h2_m4a1_grip_doomsday
material,m/mtl_h2_m4a1_grip_fire
material,m/mtl_h2_m4a1_grip_gas
material,m/mtl_h2_m4a1_grip_ice
material,m/mtl_h2_m4a1_grip_lava
material,m/mtl_h2_m4a1_grip_storm
material,m/mtl_h2_m4a1_grip_toxic_waste
material,m/mtl_h2_m4a1_grip_water
material,m/mtl_h2_m4a1_handguard_doomsday
material,m/mtl_h2_m4a1_handguard_fire
material,m/mtl_h2_m4a1_handguard_gas
material,m/mtl_h2_m4a1_handguard_ice
material,m/mtl_h2_m4a1_handguard_lava
material,m/mtl_h2_m4a1_handguard_storm
material,m/mtl_h2_m4a1_handguard_toxic_waste
material,m/mtl_h2_m4a1_handguard_water
material,m/mtl_h2_m4a1_receiver_doomsday
material,m/mtl_h2_m4a1_receiver_fire
material,m/mtl_h2_m4a1_receiver_gas
material,m/mtl_h2_m4a1_receiver_ice
material,m/mtl_h2_m4a1_receiver_lava
material,m/mtl_h2_m4a1_receiver_storm
material,m/mtl_h2_m4a1_receiver_toxic_waste
material,m/mtl_h2_m4a1_receiver_water
material,m/mtl_h2_m4a1_stock_doomsday
material,m/mtl_h2_m4a1_stock_fire
material,m/mtl_h2_m4a1_stock_gas
material,m/mtl_h2_m4a1_stock_ice
material,m/mtl_h2_m4a1_stock_lava
material,m/mtl_h2_m4a1_stock_storm
material,m/mtl_h2_m4a1_stock_toxic_waste
material,m/mtl_h2_m4a1_stock_water
material,m/mtl_h2_scar_grip_doomsday
material,m/mtl_h2_scar_grip_fire
material,m/mtl_h2_scar_grip_gas
material,m/mtl_h2_scar_grip_ice
material,m/mtl_h2_scar_grip_lava
material,m/mtl_h2_scar_grip_storm
material,m/mtl_h2_scar_grip_toxic_waste
material,m/mtl_h2_scar_grip_water
material,m/mtl_h2_scar_rearsight_doomsday
material,m/mtl_h2_scar_rearsight_fire
material,m/mtl_h2_scar_rearsight_gas
material,m/mtl_h2_scar_rearsight_ice
material,m/mtl_h2_scar_rearsight_lava
material,m/mtl_h2_scar_rearsight_storm
material,m/mtl_h2_scar_rearsight_toxic_waste
material,m/mtl_h2_scar_rearsight_water
material,m/mtl_h2_scar_receiver_d_doomsday
material,m/mtl_h2_scar_receiver_d_fire
material,m/mtl_h2_scar_receiver_d_gas
material,m/mtl_h2_scar_receiver_d_ice
material,m/mtl_h2_scar_receiver_d_lava
material,m/mtl_h2_scar_receiver_d_storm
material,m/mtl_h2_scar_receiver_d_toxic_waste
material,m/mtl_h2_scar_receiver_d_water
material,m/mtl_h2_scar_receiver_u_doomsday
material,m/mtl_h2_scar_receiver_u_fire
material,m/mtl_h2_scar_receiver_u_gas
material,m/mtl_h2_scar_receiver_u_ice
material,m/mtl_h2_scar_receiver_u_lava
material,m/mtl_h2_scar_receiver_u_storm
material,m/mtl_h2_scar_receiver_u_toxic_waste
material,m/mtl_h2_scar_receiver_u_water
material,m/mtl_h2_scar_stock_doomsday
material,m/mtl_h2_scar_stock_fire
material,m/mtl_h2_scar_stock_gas
material,m/mtl_h2_scar_stock_ice
material,m/mtl_h2_scar_stock_lava
material,m/mtl_h2_scar_stock_storm
material,m/mtl_h2_scar_stock_toxic_waste
material,m/mtl_h2_scar_stock_water
material,m/mtl_h2_tavor_canon_doomsday
material,m/mtl_h2_tavor_canon_fire
material,m/mtl_h2_tavor_canon_gas
material,m/mtl_h2_tavor_canon_ice
material,m/mtl_h2_tavor_canon_lava
material,m/mtl_h2_tavor_canon_storm
material,m/mtl_h2_tavor_canon_toxic_waste
material,m/mtl_h2_tavor_canon_water
material,m/mtl_h2_tavor_grip_doomsday
material,m/mtl_h2_tavor_grip_fire
material,m/mtl_h2_tavor_grip_gas
material,m/mtl_h2_tavor_grip_ice
material,m/mtl_h2_tavor_grip_lava
material,m/mtl_h2_tavor_grip_storm
material,m/mtl_h2_tavor_grip_toxic_waste
material,m/mtl_h2_tavor_grip_water
material,m/mtl_h2_tavor_ironsight_doomsday
material,m/mtl_h2_tavor_ironsight_fire
material,m/mtl_h2_tavor_ironsight_gas
material,m/mtl_h2_tavor_ironsight_ice
material,m/mtl_h2_tavor_ironsight_lava
material,m/mtl_h2_tavor_ironsight_storm
material,m/mtl_h2_tavor_ironsight_toxic_waste
material,m/mtl_h2_tavor_ironsight_water
material,m/mtl_h2_tavor_receiver_doomsday
material,m/mtl_h2_tavor_receiver_fire
material,m/mtl_h2_tavor_receiver_gas
material,m/mtl_h2_tavor_receiver_ice
material,m/mtl_h2_tavor_receiver_lava
material,m/mtl_h2_tavor_receiver_storm
material,m/mtl_h2_tavor_receiver_toxic_waste
material,m/mtl_h2_tavor_receiver_water
rawfile,h2m_ar1
