vertexshader,vertcol_simple_mtlclr_fog_nc.hlsl
pixelshader,vertcol_shaded_fog_ndw_lin_nc.hlsl
vertexshader,lpo_sm_fog_l0n_s_tc0n0_nc.hlsl
pixelshader,lpo_sm_ndw_fog_l0n_b0c0n0s0_nc.hlsl
pixelshader,lpo_sm_ndw_fog_l0d_b0c0n0s0_nc.hlsl
vertexshader,lpo_sm_sst_fog_l0d_l0sd_s_tc0n0ssr_nc.hlsl
pixelshader,lpo_sm_ndw_fog_l0d_l0sd_b0c0n0s0_nc.hlsl
pixelshader,lpo_sm_ndw_fog_l0s_b0c0n0s0_nc.hlsl
pixelshader,lpo_sm_ndw_fog_l0s_l0ss_b0c0n0s0_nc.hlsl
pixelshader,lpo_sm_ndw_fog_l0s_l0sc_cuc_b0c0n0s0_nc.hlsl
pixelshader,lpo_sm_ndw_fog_l0o_b0c0n0s0_nc.hlsl
pixelshader,lpo_sm_ndw_fog_l0o_l0ss_b0c0n0s0_nc.hlsl
vertexshader,lpo_sm_sst_fog_ldbsm_cuc_s_tc0n0ssr_nc.hlsl
pixelshader,lpo_sm_ndw_fog_ldbsm_cuc_b0c0n0s0_nc.hlsl
pixelshader,lpo_sm_ndw_fog_ldb_sunsm_cuc_b0c0n0s0_nc.hlsl
pixelshader,lpo_sm_ndw_fog_ldbsm_b0c0n0s0_nc.hlsl
pixelshader,lpo_sm_ndw_fog_ldb_sunsm_b0c0n0s0_nc.hlsl
vertexshader,lpo_sm_dfog_l0n_s_tc0n0_nc.hlsl
pixelshader,lpo_sm_ndw_dfog_l0n_b0c0n0s0_nc.hlsl
pixelshader,lpo_sm_ndw_dfog_l0d_b0c0n0s0_nc.hlsl
vertexshader,lpo_sm_sst_dfog_l0d_l0sd_s_tc0n0ssr_nc.hlsl
pixelshader,lpo_sm_ndw_dfog_l0d_l0sd_b0c0n0s0_nc.hlsl
pixelshader,lpo_sm_ndw_dfog_l0s_b0c0n0s0_nc.hlsl
pixelshader,lpo_sm_ndw_dfog_l0s_l0ss_b0c0n0s0_nc.hlsl
pixelshader,lpo_sm_ndw_dfog_l0s_l0sc_cuc_b0c0n0s0_nc.hlsl
pixelshader,lpo_sm_ndw_dfog_l0o_b0c0n0s0_nc.hlsl
pixelshader,lpo_sm_ndw_dfog_l0o_l0ss_b0c0n0s0_nc.hlsl
vertexshader,lpo_sm_sst_dfog_ldbsm_cuc_s_tc0n0ssr_nc.hlsl
pixelshader,lpo_sm_ndw_dfog_ldbsm_cuc_b0c0n0s0_nc.hlsl
pixelshader,lpo_sm_ndw_dfog_ldb_sunsm_cuc_b0c0n0s0_nc.hlsl
pixelshader,lpo_sm_ndw_dfog_ldbsm_b0c0n0s0_nc.hlsl
pixelshader,lpo_sm_ndw_dfog_ldb_sunsm_b0c0n0s0_nc.hlsl
vertexshader,l_point_feo_s_tc0n0_nc.hlsl
pixelshader,l_spot_feo_ndw_b0c0n0s0_nc.hlsl
pixelshader,l_omni_feo_ndw_b0c0n0s0_nc.hlsl
vertexshader,l_point_feo_l0s2_sm_s_tc0n0_nc.hlsl
pixelshader,l_spot_feo_ndw_l0s2_sm_b0c0n0s0_nc.hlsl
pixelshader,l_spot_feo_ndw_l0s3_cuc_sm_b0c0n0s0_nc.hlsl
vertexshader,l_point_s_tc0n0_nc.hlsl
pixelshader,l_spot_ndw_b0c0n0s0_nc.hlsl
pixelshader,l_omni_ndw_b0c0n0s0_nc.hlsl
vertexshader,l_point_l0s2_sm_s_tc0n0_nc.hlsl
pixelshader,l_spot_ndw_l0s2_sm_b0c0n0s0_nc.hlsl
pixelshader,l_spot_ndw_l0s3_cuc_sm_b0c0n0s0_nc.hlsl
vertexshader,vertcol_untextured_nc_nofog.hlsl
pixelshader,vertcol_untextured_lin_nc_nofog.hlsl
vertexshader,debug_normals_nc.hlsl
pixelshader,debug_normals_nc_ps.hlsl
vertexshader,vertcol_simple_i_mtlclr_fog_nc.hlsl
vertexshader,lpo_sm_i_fog_l0n_s_tc0n0_nc.hlsl
vertexshader,lpo_sm_i_sst_fog_l0d_l0sd_s_tc0n0ssr_nc.hlsl
vertexshader,lpo_sm_i_sst_fog_ldbsm_cuc_s_tc0n0ssr_nc.hlsl
vertexshader,lpo_sm_i_dfog_l0n_s_tc0n0_nc.hlsl
vertexshader,lpo_sm_i_sst_dfog_l0d_l0sd_s_tc0n0ssr_nc.hlsl
vertexshader,lpo_sm_i_sst_dfog_ldbsm_cuc_s_tc0n0ssr_nc.hlsl
vertexshader,l_point_feo_i_s_tc0n0_nc.hlsl
vertexshader,l_point_feo_l0s2_i_sm_s_tc0n0_nc.hlsl
vertexshader,l_point_i_s_tc0n0_nc.hlsl
vertexshader,l_point_l0s2_i_sm_s_tc0n0_nc.hlsl
vertexshader,vertcol_untextured_i_nc_nofog.hlsl
vertexshader,debug_normals_i_nc.hlsl
vertexdecl,pp.ft0t0.3
vertexdecl,pp.ft0t0.3nn.ftt2.f
vertexdecl,pp.f
vertexdecl,pp.ft0t0.3nn.7tt1.7
techset,m_l_sm_ndw_b0c0n0sd0_cltrans
image,i_h2_attach_acog_lens_s
image,i_h2_attach_acog_lens_n
image,i_h2_attach_acog_lens_c
material,m/mtl_h2_attach_acog_lens
vertexshader,position_only.hlsl
pixelshader,null.hlsl
vertexshader,vertcol_simple_zp_rvel_nc_noatest.hlsl
pixelshader,vertcol_simple_zp_vel_nc.hlsl
vertexshader,vertcol_simple_zp_svel_nc_noatest.hlsl
vertexshader,vertcol_simple_zp_hidir_nc_noatest.hlsl
pixelshader,vertcol_simple_zp_hidir_nc.hlsl
vertexshader,vertcol_simple_zp_hidir_rvel_nc_noatest.hlsl
pixelshader,vertcol_simple_zp_hidir_vel_nc.hlsl
vertexshader,vertcol_simple_zp_hidir_svel_nc_noatest.hlsl
vertexshader,vertcol_simple_mtlclr_nofog_nc.hlsl
pixelshader,vertcol_shaded_nofog_lin_nc.hlsl
vertexshader,cloak_nofog_l0n_tc0n0_nc_tmq.hlsl
pixelshader,lpo_sm_nofog_lmpb_l0n_r0c0n0s0om0_nc.hlsl
pixelshader,lpo_sm_nofog_lmpb_l0d_r0c0n0s0om0_nc.hlsl
vertexshader,lpo_sm_nofog_l0d_l0sd_s_tc0n0ssr_nc.hlsl
pixelshader,lpo_sm_nofog_lmpb_l0d_l0sd_r0c0n0s0om0_nc.hlsl
pixelshader,lpo_sm_nofog_lmpb_l0s_r0c0n0s0om0_nc.hlsl
pixelshader,lpo_sm_nofog_lmpb_l0s_l0ss_r0c0n0s0om0_nc.hlsl
pixelshader,lpo_sm_nofog_lmpb_l0s_l0sc_cuc_r0c0n0s0om0_nc.hlsl
pixelshader,lpo_sm_nofog_lmpb_l0o_r0c0n0s0om0_nc.hlsl
pixelshader,lpo_sm_nofog_lmpb_l0o_l0ss_r0c0n0s0om0_nc.hlsl
vertexshader,lpo_sm_nofog_ldbsm_cuc_s_tc0n0ssr_nc.hlsl
pixelshader,lpo_sm_nofog_lmpb_ldbsm_cuc_r0c0n0s0om0_nc.hlsl
pixelshader,lpo_sm_nofog_lmpb_ldb_sunsm_cuc_r0c0n0s0om0_nc.hlsl
pixelshader,lpo_sm_nofog_lmpb_ldbsm_r0c0n0s0om0_nc.hlsl
pixelshader,lpo_sm_nofog_lmpb_ldb_sunsm_r0c0n0s0om0_nc.hlsl
pixelshader,l_spot_feo_lmpb_r0c0n0s0om0_nc.hlsl
pixelshader,l_omni_feo_lmpb_r0c0n0s0om0_nc.hlsl
pixelshader,l_spot_feo_lmpb_l0s2_sm_r0c0n0s0om0_nc.hlsl
pixelshader,l_spot_feo_lmpb_l0s3_cuc_sm_r0c0n0s0om0_nc.hlsl
pixelshader,l_spot_lmpb_r0c0n0s0om0_nc.hlsl
pixelshader,l_omni_lmpb_r0c0n0s0om0_nc.hlsl
pixelshader,l_spot_lmpb_l0s2_sm_r0c0n0s0om0_nc.hlsl
pixelshader,l_spot_lmpb_l0s3_cuc_sm_r0c0n0s0om0_nc.hlsl
vertexshader,velocity_sm_nc_vrigid.hlsl
pixelshader,velocity_sm_nc_vrigid.hlsl
vertexshader,velocity_sm_nc_vskinned.hlsl
vertexshader,instanced_position_only.hlsl
vertexshader,vertcol_simple_zp_i_rvel_nc_noatest.hlsl
vertexshader,vertcol_simple_zp_i_svel_nc_noatest.hlsl
vertexshader,vertcol_simple_zp_i_hidir_nc_noatest.hlsl
vertexshader,vertcol_simple_zp_i_hidir_rvel_nc_noatest.hlsl
vertexshader,vertcol_simple_zp_i_hidir_svel_nc_noatest.hlsl
vertexshader,vertcol_simple_i_mtlclr_nofog_nc.hlsl
vertexshader,cloak_i_nofog_l0n_tc0n0_nc_tmq.hlsl
vertexshader,lpo_sm_i_nofog_l0d_l0sd_s_tc0n0ssr_nc.hlsl
vertexshader,lpo_sm_i_nofog_ldbsm_cuc_s_tc0n0ssr_nc.hlsl
vertexdecl,pp.7
vertexdecl,pp.fnn.7
techset,m_l_sm_lmpb_r0c0n0sd0om0_nfwpf
image,i_h2_attach_acog_base_s
image,i_h2_attach_acog_base_n
image,i_h2_attach_acog_base_o
image,i_h2_attach_acog_base_c
image,~envbrdflut_ggx_16-rg
material,m/mtl_h2_attach_acog
vertexshader,lpo_sm_fog_l0s_tc0_nc.hlsl
pixelshader,lpo_ndw_fog_lmpb_l0n_b0c0s0_nc.hlsl
pixelshader,lpo_ndw_fog_lmpb_l0d_b0c0s0_nc.hlsl
pixelshader,lpo_ndw_fog_lmpb_l0s_b0c0s0_nc.hlsl
pixelshader,lpo_ndw_fog_lmpb_l0o_b0c0s0_nc.hlsl
pixelshader,lpo_ndw_fog_lmpb_ldb_b0c0s0_nc.hlsl
pixelshader,lpo_ndw_fog_lmpb_ldb_sun_b0c0s0_nc.hlsl
vertexshader,lpo_sm_dfog_l0s_tc0_nc.hlsl
pixelshader,lpo_ndw_dfog_lmpb_l0n_b0c0s0_nc.hlsl
pixelshader,lpo_ndw_dfog_lmpb_l0d_b0c0s0_nc.hlsl
pixelshader,lpo_ndw_dfog_lmpb_l0s_b0c0s0_nc.hlsl
pixelshader,lpo_ndw_dfog_lmpb_l0o_b0c0s0_nc.hlsl
pixelshader,lpo_ndw_dfog_lmpb_ldb_b0c0s0_nc.hlsl
pixelshader,lpo_ndw_dfog_lmpb_ldb_sun_b0c0s0_nc.hlsl
vertexshader,l_point_feo_s_tc0_nc.hlsl
pixelshader,l_spot_feo_ndw_lmpb_b0c0s0_nc.hlsl
pixelshader,l_omni_feo_ndw_lmpb_b0c0s0_nc.hlsl
vertexshader,l_point_s_tc0_nc.hlsl
pixelshader,l_spot_ndw_lmpb_b0c0s0_nc.hlsl
pixelshader,l_omni_ndw_lmpb_b0c0s0_nc.hlsl
vertexshader,lpo_sm_i_fog_l0s_tc0_nc.hlsl
vertexshader,lpo_sm_i_dfog_l0s_tc0_nc.hlsl
vertexshader,l_point_feo_i_s_tc0_nc.hlsl
vertexshader,l_point_i_s_tc0_nc.hlsl
vertexdecl,pp.ft0t0.3nn.f
techset,m_l_lmpb_ndw_b0c0sd0
image,~$black-rgbl-67
image,$identitynormalmap
image,i_h2_attach_acog_mildot
material,m/mtl_h2_attach_acog_mildot
image,i_h2_attach_acog_fiber_s
image,i_h2_attach_acog_fiber_n
image,i_h2_attach_acog_fiber_o
image,i_h2_attach_acog_fiber_c
material,m/mtl_h2_attach_acog_fiber
vertexshader,vs_vertcol_simple_flf_fog_nc.hlsl
pixelshader,vertcol_simple_cso_hss_flf_fog_ndw_lin_nc.hlsl
vertexshader,vs_vertcol_simple_flf_dfog_nc.hlsl
pixelshader,vertcol_simple_cso_hss_flf_dfog_ndw_lin_nc.hlsl
vertexshader,vs_vertcol_simple_flf_i_fog_nc.hlsl
vertexshader,vs_vertcol_simple_flf_i_dfog_nc.hlsl
techset,m_unlit_cso_hss_blend_lin_ndw
image,i_h2_attach_acog_ret
material,m/mtl_h2_attach_acog_ret
xmodelsurfs,attach_h2_acog_vm_lod0
xmodel,attach_h2_acog_vm
pixelshader,vertcol_simple_hss_flf_fog_ndw_lin_nc.hlsl
pixelshader,vertcol_simple_hss_flf_dfog_ndw_lin_nc.hlsl
techset,m_unlit_blend_lin_ndw
image,wpn_h1_reticle_transparent_col
material,m/mtl_ret_h1_transparent_01
xmodelsurfs,vm_h1_reticle_acog_loot_lodvm100
xmodel,reticle_h1_acog_transparent
attachment,acog
attachment,akimbo
image,i_h2_aug_scope_s
image,i_h2_aug_scope_n
image,i_h2_aug_scope_o
image,i_h2_aug_scope_c
material,m/mtl_h2_aug_scope_base
image,i_h2_aug_scope_lens_s
image,i_h2_aug_scope_lens_n
image,$white_ao
image,i_h2_aug_scope_lens_c
material,m/mtl_h2_aug_scope_lens
material,m/mtl_h2_aug_scope_lens_blend
image,i_h2_aug_scope_ret
material,m/mtl_h2_aug_scope_ret
image,i_h2_aug_scope_ads_s
image,i_h2_aug_scope_ads_n
image,i_h2_aug_scope_ads_o
image,i_h2_aug_scope_ads_c
material,m/mtl_h2_aug_scope_ads
xmodelsurfs,attach_h2_aug_scope_vm_lod0
xmodel,attach_h2_aug_scope_vm
xmodelsurfs,vm_h1_reticle_reflex_loot_lodvm100
xmodel,reticle_h1_reflex_transparent
attachment,augscope
image,i_h2_attach_mars_lens_blend_s
image,i_h2_attach_mars_lens_blend_n
image,i_h2_attach_mars_lens_blend_c
material,m/mtl_h2_f2000_reflex_lens
image,i_h2_attach_f2000_reflex_s
image,i_h2_attach_f2000_reflex_n
image,i_h2_attach_f2000_reflex_c
material,m/mtl_h2_f2000_reflex_base
xmodelsurfs,attach_h2_f2000_scope_vm_lod0
xmodel,attach_h2_f2000_scope_vm
vertexshader,reflexsight.hlsl
pixelshader,reflexsight_hss.hlsl
vertexdecl,pp.ft0t0.fnn.7tt2.7
techset,m_reflexsight_hss
image,ret_h1_reddot_col
image,ret_h1_reddot_background_col
material,m/mtl_ret_h1_reddot
xmodelsurfs,vm_h1_reticle_lodvm100
xmodel,reticle_h1_optic_reflex
attachment,f2000scope
attachment,fastfire
attachment,fmj
attachment,foregrip
image,i_h2_gl_base_s
image,i_h2_gl_base_n
image,i_h2_gl_base_o
image,i_h2_gl_base_c
material,m/mtl_h2_gl_base
image,i_h2_gl_grenade_s
image,i_h2_gl_grenade_n
image,i_h2_gl_grenade_o
image,i_h2_gl_grenade_c
material,m/mtl_h2_gl_grenade
xmodelsurfs,attach_h2_gl_vm_lod0
xmodel,attach_h2_gl_vm
sndcurve,weapon_grenadebounce
lpfcurve,$default
reverbsendcurve,$default
loaded_sound,h1_weapons/grenade/grenade_bounce_stone01
loaded_sound,h1_weapons/grenade/grenade_bounce_stone02
loaded_sound,h1_weapons/grenade/grenade_bounce_stone03
loaded_sound,h1_weapons/grenade/grenade_bounce_stone04
loaded_sound,h1_weapons/grenade/grenade_bounce_stone05
sound,projectile_bounce_default
loaded_sound,h1_weapons/grenade/grenade_bounce_wood05
loaded_sound,h1_weapons/grenade/grenade_bounce_wood06
loaded_sound,h1_weapons/grenade/grenade_bounce_wood07
sound,projectile_bounce_bark
sound,projectile_bounce_brick
loaded_sound,h1_weapons/grenade/grenade_bounce_earth07
sound,projectile_bounce_carpet
sound,projectile_bounce_cloth
sound,projectile_bounce_concrete
sound,projectile_bounce_dirt
loaded_sound,h1_misc/potato_hit_brick02
sound,projectile_bounce_flesh
loaded_sound,mw3/weapons/grenade/grenade_bounce_stone01
sound,projectile_bounce_foliage_debris
sound,projectile_bounce_glass
sound,projectile_bounce_grass
sound,projectile_bounce_gravel
sound,projectile_bounce_ice
sound,projectile_bounce_metal_solid
sound,projectile_bounce_metal_grate
sound,projectile_bounce_mud
sound,projectile_bounce_paper
sound,projectile_bounce_plaster
sound,projectile_bounce_rock
sound,projectile_bounce_sand
sound,projectile_bounce_snow
loaded_sound,mw3/footsteps/foot_water_shallow1
sound,projectile_bounce_water_waist
loaded_sound,mw3/weapons/grenade/grenade_bounce_wood05
sound,projectile_bounce_wood_solid
sound,projectile_bounce_asphalt
sound,projectile_bounce_ceramic
sound,projectile_bounce_plastic_solid
sound,projectile_bounce_rubber
sound,projectile_bounce_fruit
sound,projectile_bounce_paintedmetal
loaded_sound,mw3/weapons/grenade/grenade_bounce_stone02
loaded_sound,mw3/weapons/grenade/grenade_bounce_stone03
loaded_sound,mw3/weapons/grenade/grenade_bounce_stone04
loaded_sound,mw3/weapons/grenade/grenade_bounce_stone05
sound,projectile_bounce_riotshield
loaded_sound,mw3/weapons/grenade/grenade_bounce_earth07
sound,projectile_bounce_slush
sound,projectile_bounce_asphalt_wet
sound,projectile_bounce_asphalt_debris
sound,projectile_bounce_concrete_wet
sound,projectile_bounce_concrete_debris
sound,projectile_bounce_foliage_vegetation
sound,projectile_bounce_foliage_leaves
sound,projectile_bounce_grass_tall
sound,projectile_bounce_metal_hollow
sound,projectile_bounce_metal_debris
sound,projectile_bounce_metal_vehicle
sound,projectile_bounce_metal_thin
sound,projectile_bounce_metal_wet
sound,projectile_bounce_plastic_hollow
sound,projectile_bounce_plastic_tarp
sound,projectile_bounce_rock_wet
sound,projectile_bounce_rock_debris
sound,projectile_bounce_water_ankle
sound,projectile_bounce_water_knee
sound,projectile_bounce_wood_hollow
sound,projectile_bounce_wood_wet
sound,projectile_bounce_wood_debris
sound,projectile_bounce_cushion
vertexshader,distortion_scale_legacydst_zf_ui.hlsl
pixelshader,distortion_scale_dat_legacydst_zf_ui.hlsl
vertexshader,distortion_scale_legacydst_zf.hlsl
pixelshader,distortion_scale_dat_legacydst_zf.hlsl
vertexshader,vertcol_untextured_nofog.hlsl
vertexdecl,pp.fcc0.ft0t0.3nn.7
vertexdecl,pp.fcc0.ft0t0.3nn.7tt1.7
vertexdecl,pp.fcc0.f
techset,distortion_scale_legacydst_zf_dat
image,h1_og_distortion_ring
material,gfx_distortion_ring_light
vertexshader,vertcol_simple_flf_ems.hlsl
pixelshader,vertcol_simple_hss_flf_add_addblend_ndw_ems.hlsl
vertexshader,zfeather_l0s_flf.hlsl
pixelshader,zfeather_l0s_hss_flf_premul_addblend_ndw.hlsl
pixelshader,vertcol_untextured_lin_nofog.hlsl
vertexdecl,pp.fcc0.ft0t0.3
techset,effect_zf_add_nofog_ndw
image,explosion_flash_atlas
material,gfx_explosion_flash_atlas
image,h1_og_glow_org
material,gfx_glow_org
fx,fx/muzzleflashes/flash_light_fv_child
vertexshader,zfeather_l0s_flf_tsm_fog_tab.hlsl
pixelshader,zfeather_l0s_hss_flf_tsm_fog_tab_ndw.hlsl
vertexshader,vs_vertcol_simple_flf_fog_tab_ems.hlsl
pixelshader,vertcol_simple_hss_flf_fog_ndw_tab_ems.hlsl
vertexshader,zfeather_l0s_flf_fog_tab.hlsl
pixelshader,zfeather_l0s_hss_flf_fog_tab_ndw.hlsl
vertexshader,zfeather_l0s_flf_dfog_tab.hlsl
pixelshader,zfeather_l0s_hss_flf_dfog_tab_ndw.hlsl
techset,effect_zf_blend_tab_ndw
image,smk_white_muzzle_tip
material,fx_smk_white_muzzle_blend_atlas_z40_fb_tip
vertexshader,zfeather_l0s_flf_tsm_fog.hlsl
pixelshader,zfeather_l0s_hss_flf_tsm_fog_ndw.hlsl
vertexshader,vs_vertcol_simple_flf_fog_ems.hlsl
pixelshader,vertcol_simple_hss_flf_fog_ndw_ems.hlsl
vertexshader,zfeather_l0s_flf_fog.hlsl
pixelshader,zfeather_l0s_hss_flf_fog_ndw.hlsl
vertexshader,zfeather_l0s_flf_dfog.hlsl
pixelshader,zfeather_l0s_hss_flf_dfog_ndw.hlsl
techset,effect_zf_blend_ndw
image,smk_white_atlas
material,gfx_smk_white_atlas
vertexshader,vertcol_simple_flf_fog_feo_ems.hlsl
pixelshader,vertcol_simple_hss_flf_add_fog_feo_addblend_ndw_ems.hlsl
vertexshader,zfeather_l0s_flf_fog_feo.hlsl
pixelshader,zfeather_l0s_hss_flf_premul_fog_feo_addblend_ndw.hlsl
pixelshader,zfeather_l0s_hss_flf_premul_dfog_addblend_ndw.hlsl
techset,effect_zf_add_ndw
image,muzzle_flash_round_01_tip
material,fx_muzzle_flash_round_01_add_atlas_z40_tip
image,h1_og_distortion_heat
material,gfx_distortion_heat_far
fx,fx/muzzleflashes/flash_smoke_fv_child
vertexshader,particle_cloud_sparkf_flf_l0n.hlsl
pixelshader,particle_cloud_sparkf_flf_l0n_premul_ga_lcm.hlsl
techset,particle_cloud_lcm_hss_sparkf_add_ga
image,sparks_blur_hdr
material,sparkfountain_blur_hdr_add_atlas
fx,fx/muzzleflashes/m203_flshview
sndcurve,distant_helicopter
loaded_sound,h1_weapons/wpn/m203/h1_wpn_m203_far_01
loaded_sound,h1_weapons/wpn/m203/h1_wpn_m203_far_02
sound,weap_m203_fire_npc_far
sndcurve,exponential_40db
loaded_sound,h1_weapons/wpn/m203/h1_wpn_m203_mid_01
loaded_sound,h1_weapons/wpn/m203/h1_wpn_m203_mid_02
sound,weap_m203_fire_npc
sndcurve,$default
loaded_sound,h1_weapons/wpn/m203/h1_wpn_m203_tail_ext
sndcontext,wpn_int_med
loaded_sound,h1_weapons/wpn/tail_int/wpn_h1_smg_tail_int_01
sound,h1_wpn_m203_tail_plr
loaded_sound,h1_weapons/wpn/sub/wpn_h1_lfe_ar
sound,h1_wpn_m203_lfe_plr_first
loaded_sound,h1_weapons/wpn/m203/h1_wpn_m203_mech_01
sound,h1_wpn_m203_mech_plr_first
loaded_sound,h1_weapons/wpn/sub/wpn_h1_sub_ar
sound,h1_wpn_m203_sub_plr_first
loaded_sound,h1_weapons/wpn/m203/h1_wpn_m203_thump_01
sound,h1_wpn_m203_thump_plr_first
loaded_sound,h1_weapons/wpn/ak74u/wpn_h1_ak74u_punch
sound,h1_wpn_m203_punch_plr_first
loaded_sound,h1_weapons/wpn/m203/h1_wpn_m203_shot_01
sound,h1_wpn_m203_plr_first
loaded_sound,h1_weapons/wpn/m203/h1_wpn_m203_dryfire
sound,wpn_dryfire_gl_npc
sound,wpn_dryfire_gl_plr
loaded_sound,h1_weapons/melee/h2h_knife_swing1
loaded_sound,h1_weapons/melee/h2h_knife_swing2
sound,melee_m4carbine_swing_plr
sndcurve,weapon2
loaded_sound,null
sound,weap_m203_chamber_close_npc
sound,weap_m203_reload_npc
pixelshader,ice_vertcol_simple_hss_flf_tsm_fog_ndw_ems.hlsl
pixelshader,ice_vertcol_simple_hss_flf_fog_ndw_ems.hlsl
vertexshader,vs_vertcol_simple_flf_dfog_ems.hlsl
pixelshader,ice_vertcol_simple_hss_flf_dfog_ndw_ems.hlsl
techset,effect_blend_ndw_ice
image,shrinking_pebbles_1
material,fx_shrinking_pebbles_1_blend_z0
fx,
fx,
fx,
fx,
vertexshader,unlit_2d_pw.hlsl
pixelshader,unlit_2d.hlsl
techset,2d
image,h1_m203_reticle
material,reticle_m203
image,h1_weaponicons_ak47
material,hud_icon_ak47
image,h1_baseicons_equipment_grenadelauncher
material,hud_icon_40mm_grenade
image,~wpn_h1_launch_m203_grenade_s~b003c063
image,wpn_h1_launch_m203_grenade_nml
image,~wpn_h1_launch_m203_grenade_occ-l
image,wpn_h1_launch_m203_grenade_col
material,m/mtl_wpn_h1_launch_m203_grenade
xmodelsurfs,wpn_h1_projectile_m203_grenade100
xmodel,h1_projectile_m203_grenade
fx,fx/impacts/dudimpact_m203
loaded_sound,h1_weapons/wpn/frag/h1_wpn_frag_far_lyr_01
sound,h1_wpn_frag_far_lyr_01
loaded_sound,h1_weapons/wpn/frag/h1_wpn_frag_far_01
loaded_sound,h1_weapons/wpn/frag/h1_wpn_frag_far_lyr_02
sound,h1_wpn_frag_far_lyr_02
loaded_sound,h1_weapons/wpn/frag/h1_wpn_frag_far_02
loaded_sound,h1_weapons/wpn/frag/h1_wpn_frag_far_lyr_03
sound,h1_wpn_frag_far_lyr_03
loaded_sound,h1_weapons/wpn/frag/h1_wpn_frag_far_03
loaded_sound,h1_weapons/wpn/frag/h1_wpn_frag_far_lyr_04
sound,h1_wpn_frag_far_lyr_04
loaded_sound,h1_weapons/wpn/frag/h1_wpn_frag_far_04
loaded_sound,h1_weapons/wpn/frag/h1_wpn_frag_far_lyr_05
sound,h1_wpn_frag_far_lyr_05
loaded_sound,h1_weapons/wpn/frag/h1_wpn_frag_far_05
loaded_sound,h1_weapons/wpn/frag/h1_wpn_frag_far_lyr_06
sound,h1_wpn_frag_far_lyr_06
loaded_sound,h1_weapons/wpn/frag/h1_wpn_frag_far_06
loaded_sound,h1_weapons/wpn/frag/h1_wpn_frag_far_lyr_07
sound,h1_wpn_frag_far_lyr_07
loaded_sound,h1_weapons/wpn/frag/h1_wpn_frag_far_07
loaded_sound,h1_weapons/wpn/frag/h1_wpn_frag_far_lyr_08
sound,h1_wpn_frag_far_lyr_08
loaded_sound,h1_weapons/wpn/frag/h1_wpn_frag_far_08
sound,h1_wpn_frag_far
sndcurve,default
loaded_sound,h1_weapons/wpn/frag/h1_wpn_grenade_lfe_01
loaded_sound,h1_weapons/wpn/frag/h1_wpn_grenade_lfe_02
loaded_sound,h1_weapons/wpn/frag/h1_wpn_grenade_lfe_03
sound,h1_wpn_frag_lfe
sndcurve,abrams_scripted_bog_b
loaded_sound,h1_weapons/wpn/frag/h1_wpn_frag_mid_lyr_01
loaded_sound,h1_weapons/wpn/frag/h1_wpn_frag_mid_lyr_02
loaded_sound,h1_weapons/wpn/frag/h1_wpn_frag_mid_lyr_03
loaded_sound,h1_weapons/wpn/frag/h1_wpn_frag_mid_lyr_04
sound,h1_wpn_frag_mid_lyr
loaded_sound,h1_weapons/wpn/frag/h1_wpn_frag_mid_01
loaded_sound,h1_weapons/wpn/frag/h1_wpn_frag_mid_02
loaded_sound,h1_weapons/wpn/frag/h1_wpn_frag_mid_03
loaded_sound,h1_weapons/wpn/frag/h1_wpn_frag_mid_04
loaded_sound,h1_weapons/wpn/frag/h1_wpn_frag_mid_05
loaded_sound,h1_weapons/wpn/frag/h1_wpn_frag_mid_06
loaded_sound,h1_weapons/wpn/frag/h1_wpn_frag_mid_07
loaded_sound,h1_weapons/wpn/frag/h1_wpn_frag_mid_08
loaded_sound,h1_weapons/wpn/frag/h1_wpn_frag_mid_09
loaded_sound,h1_weapons/wpn/frag/h1_wpn_frag_mid_10
sound,h1_wpn_frag_mid
loaded_sound,h1_weapons/wpn/rpg/h1_wpn_rpg_exp_snap_01
loaded_sound,h1_weapons/wpn/rpg/h1_wpn_rpg_exp_snap_02
loaded_sound,h1_weapons/wpn/rpg/h1_wpn_rpg_exp_snap_03
sound,h1_wpn_frag_exp_default
loaded_sound,weapons/grenade/grenade_bounce_earth07
sound,grenade_bounce_flesh
vertexshader,zfeather_l0s_flf_tsm_gtfo_tfa_fog.hlsl
pixelshader,zfeather_l0s_hss_flf_tsm_gtfo_tfa_fog_ndw.hlsl
vertexshader,vs_vertcol_simple_flf_fog_gtfo_tfa_ems.hlsl
pixelshader,vertcol_simple_hss_flf_fog_ndw_gtfo_tfa_ems.hlsl
vertexshader,zfeather_l0s_flf_gtfo_tfa_fog.hlsl
pixelshader,zfeather_l0s_hss_flf_gtfo_tfa_fog_ndw.hlsl
vertexshader,zfeather_l0s_flf_gtfo_tfa_dfog.hlsl
pixelshader,zfeather_l0s_hss_flf_gtfo_tfa_dfog_ndw.hlsl
techset,effect_zf_gtfalloff_trailfade_blend_ndw
image,smk_missile_trail_01
material,fx_smk_missile_trail_01_god8088_z40_sort
image,smk_white_loop
material,fx_smk_white_loop_blend_atlas_z40
fx,fx/smoke/smoke_geotrail_m203
attachment,gl
image,i_h2_gp25_base_s
image,i_h2_gp25_base_n
image,i_h2_gp25_base_o
image,i_h2_gp25_base_c
material,m/mtl_h2_gp25_base
image,i_h2_gp25_grenade_s
image,i_h2_gp25_grenade_n
image,i_h2_gp25_grenade_o
image,i_h2_gp25_grenade_c
material,m/mtl_h2_gp25_grenade
xmodelsurfs,attach_h2_gp25_npc_lod0
xmodel,attach_h2_gp25_npc
xmodelsurfs,attach_h2_gp25_vm_lod0
xmodel,attach_h2_gp25_vm
fx,
fx,
fx,
fx,
attachment,glak47
sound,melee_m16_swing_plr
attachment,glpre
image,i_h2_attach_holo_base_s
image,i_h2_attach_holo_base_n
image,i_h2_attach_holo_base_o
image,i_h2_attach_holo_base_c
material,m/mtl_h2_attach_holo
material,m/mtl_h2_attach_holo_lens
xmodelsurfs,attach_h2_holo_vm_lod0
xmodel,attach_h2_holo_vm
pixelshader,reflexsight_cso_hss.hlsl
pixelshader,reflexsight_thermal_cso_hss.hlsl
techset,m_reflexsight_cso_hss
image,ret_h2_holosight
image,h1_og_weapon_red_cross_background
material,m/mtl_h2_ret_holosight
xmodelsurfs,reticle_h2_holosight_lod0
xmodel,reticle_h2_holosight
attachment,holo
material,m/mtl_h2_attach_mars_lens_blend
image,i_h2_attach_mars_s
image,i_h2_attach_mars_n
image,i_h2_attach_mars_o
image,i_h2_attach_mars_c
material,m/mtl_h2_attach_mars
xmodelsurfs,attach_h2_mars_npc_lod0
xmodel,attach_h2_mars_npc
xmodelsurfs,attach_h2_mars_vm_lod0
xmodel,attach_h2_mars_vm
attachment,mars
image,scope_iw4_ogscope
material,scope_iw4_ogscope
attachment,ogscope
image,i_h2_attach_reflex_lens_s
image,i_h2_attach_reflex_lens_n
image,i_h2_attach_reflex_lens_c
material,m/mtl_h2_attach_reflex_lens
image,i_h2_attach_reflex_base_s
image,i_h2_attach_reflex_base_n
image,i_h2_attach_reflex_base_o
image,i_h2_attach_reflex_base_c
material,m/mtl_h2_attach_reflex
xmodelsurfs,attach_h2_reflex_vm_lod0
xmodel,attach_h2_reflex_vm
attachment,reflex
image,i_h2_attach_shotgun_base_s
image,i_h2_attach_shotgun_base_n
image,i_h2_attach_shotgun_base_o
image,i_h2_attach_shotgun_base_c
material,m/mtl_h2_attach_shotgun
xmodelsurfs,attach_h2_shotgun_vm_lod0
xmodel,attach_h2_shotgun_vm
vertexshader,vertcol_eyeofs_flf_fog_feo_foa_ems.hlsl
vertexshader,zfeather_l0s_flf_foa_fog_feo_eo.hlsl
vertexshader,zfeather_l0s_flf_foa_dfog_eo.hlsl
techset,effect_zf_falloff_add_eo_ndw
material,fx_muzzle_flash_round_01_add_atlas_god_z10_e5_tip
image,fire_puff_top_a
material,fx_fire_puff_top_a_add_atlas_z20
vertexshader,trivial_vertcol_simple.hlsl
techset,effect_add_nofog_ndw
image,h1_og_exp_spark
material,gfx_exp_spark
fx,fx/muzzleflashes/shotgunflash_view
fx,fx/muzzleflashes/light_flash_wv_a
fx,fx/muzzleflashes/light_flash_wv_b
fx,fx/muzzleflashes/light_flash_wv_c
fx,fx/muzzleflashes/shotgunflash
sndcurve,weapon4
loaded_sound,attach/shotty/fire_npc
sound,attach_shotty_fire_npc
loaded_sound,attach/shotty/fire_plr
sound,attach_shotty_fire_plr
image,~wpn_h1_spent_shells_spc-rgb&~2601ed73
image,wpn_h1_spent_shells_nml
image,~wpn_h1_spent_shells_occ-l
image,wpn_h1_spent_shells_col
material,m/mtl_wpn_h1_spent_shells
xmodelsurfs,wpn_h1_shell_12ga_lod0101
xmodelsurfs,wpn_h1_shell_12ga_lod1100
xmodelsurfs,wpn_h1_shell_12ga_lod2100
physpreset,shell_casing_large
xmodel,wpn_h1_shell_12ga_npc
loaded_sound,weapons/shells/shell_bounce_sg01
loaded_sound,weapons/shells/shell_bounce_sg02
loaded_sound,weapons/shells/shell_bounce_sg03
loaded_sound,weapons/shells/shell_bounce_sg04
loaded_sound,weapons/shells/shell_bounce_sg05
loaded_sound,weapons/shells/shell_bounce_sg06
loaded_sound,weapons/shells/shell_bounce_sg07
sound,shell_shotgun_default
fx,vfx/shelleject/shotgun_resting
fx,vfx/shelleject/shotgun_view_blurred01
fx,vfx/shelleject/shotgun_view_blurred02
fx,vfx/shelleject/shotgun_view_blurred03
fx,vfx/shelleject/shotgun_view
fx,vfx/shelleject/shotgun
image,hip_reticle_shotgun
material,reticle_shotgun
image,default
material,hud_icon_shotgun
pixelshader,vertcol_simple_cso_hss_slf_flf_add_ct_addblend_ndw_ems.hlsl
techset,effect_cso_hss_add_slf_ct_nofog_ndw
image,tracer#0
material,fx_tracer
tracer,shotgun
image,h2_dpad_underbarrel_shotgun
material,hud_icon_underbarrel_shotgun
material,dpad_underbarrel_shotgun
attachment,sho
attachment,shopre
vertexshader,lpo_sm_nofog_l0n_s_tc0n0_nc.hlsl
pixelshader,lpo_sm_nofog_lmpb_l0n_r0c0n0s0om0ssr_nc.hlsl
pixelshader,lpo_sm_nofog_lmpb_l0d_r0c0n0s0om0ssr_nc.hlsl
vertexshader,lpo_sm_nofog_l0d_l0sd_s_tc0n0_nc.hlsl
pixelshader,lpo_sm_nofog_lmpb_l0d_l0sd_r0c0n0s0om0ssr_nc.hlsl
pixelshader,lpo_sm_nofog_lmpb_l0s_r0c0n0s0om0ssr_nc.hlsl
pixelshader,lpo_sm_nofog_lmpb_l0s_l0ss_r0c0n0s0om0ssr_nc.hlsl
pixelshader,lpo_sm_nofog_lmpb_l0s_l0sc_cuc_r0c0n0s0om0ssr_nc.hlsl
pixelshader,lpo_sm_nofog_lmpb_l0o_r0c0n0s0om0ssr_nc.hlsl
pixelshader,lpo_sm_nofog_lmpb_l0o_l0ss_r0c0n0s0om0ssr_nc.hlsl
vertexshader,lpo_sm_nofog_ldbsm_cuc_s_tc0n0_nc.hlsl
pixelshader,lpo_sm_nofog_lmpb_ldbsm_cuc_r0c0n0s0om0ssr_nc.hlsl
pixelshader,lpo_sm_nofog_lmpb_ldb_sunsm_cuc_r0c0n0s0om0ssr_nc.hlsl
pixelshader,lpo_sm_nofog_lmpb_ldbsm_r0c0n0s0om0ssr_nc.hlsl
pixelshader,lpo_sm_nofog_lmpb_ldb_sunsm_r0c0n0s0om0ssr_nc.hlsl
vertexshader,l_point_feo_dn_ds_s_tc0n0_nc.hlsl
vertexshader,l_point_feo_dn_ds_l0s2_sm_s_tc0n0_nc.hlsl
vertexshader,l_point_dn_ds_s_tc0n0_nc.hlsl
vertexshader,l_point_dn_ds_l0s2_sm_s_tc0n0_nc.hlsl
vertexshader,lpo_sm_i_nofog_l0n_s_tc0n0_nc.hlsl
vertexshader,lpo_sm_i_nofog_l0d_l0sd_s_tc0n0_nc.hlsl
vertexshader,lpo_sm_i_nofog_ldbsm_cuc_s_tc0n0_nc.hlsl
vertexshader,l_point_feo_dn_ds_i_s_tc0n0_nc.hlsl
vertexshader,l_point_feo_dn_ds_l0s2_i_sm_s_tc0n0_nc.hlsl
vertexshader,l_point_dn_ds_i_s_tc0n0_nc.hlsl
vertexshader,l_point_dn_ds_l0s2_i_sm_s_tc0n0_nc.hlsl
techset,m_l_sm_lmpb_r0c0n0sd0sr0om0_nfwpf
image,~attach_h1_silencer_556_spc-r~fbfcab11
image,attach_h1_silencer_556_nml
image,~attach_h1_silencer_556_occ-l
image,attach_h1_silencer_556_col
material,m/mtl_attach_h1_silencer_556
xmodelsurfs,npc_h1_silencer_556_lod0101
xmodelsurfs,npc_h1_silencer_556_lod1100
xmodelsurfs,npc_h1_silencer_556_lod2100
xmodel,attach_h1_silencer_556_npc
image,i_jup_silencer_ar_s
image,i_jup_silencer_ar_n
image,i_jup_silencer_ar_o
image,i_jup_silencer_ar_c
material,m/mtl_jup_silencer_ar
xmodelsurfs,attach_jup_silencer_ar_lod0
xmodel,attach_jup_silencer_ar
fx,fx/muzzleflashes/m4m203_silencer
loaded_sound,attach/silencer/silenced_ar_npc
sound,silencer_ar_npc
loaded_sound,attach/silencer/silenced_ar_plr
sound,silencer_ar_plr
attachment,silencerar
image,i_jup_silencer_lmg_s
image,i_jup_silencer_lmg_n
image,i_jup_silencer_lmg_o
image,i_jup_silencer_lmg_c
material,m/mtl_jup_silencer_lmg
xmodelsurfs,attach_jup_silencer_lmg_lod0
xmodel,attach_jup_silencer_lmg
loaded_sound,attach/silencer/silenced_lmg_npc
sound,silencer_lmg_npc
loaded_sound,attach/silencer/silenced_lmg_plr
sound,silencer_lmg_plr
attachment,silencerlmg
image,i_jup_silencer_pistol_s
image,i_jup_silencer_pistol_n
image,i_jup_silencer_pistol_o
image,i_jup_silencer_pistol_c
material,m/mtl_jup_silencer_pistol
xmodelsurfs,attach_jup_silencer_pistol_lod0
xmodel,attach_jup_silencer_pistol
loaded_sound,attach/silencer/silenced_pistol_npc
sound,silencer_pistol_npc
loaded_sound,attach/silencer/silenced_pistol_plr
sound,silencer_pistol_plr
attachment,silencerpistol
image,i_jup_silencer_shotgun_s
image,i_jup_silencer_shotgun_n
image,i_jup_silencer_shotgun_o
image,i_jup_silencer_shotgun_c
material,m/mtl_jup_silencer_shotgun
xmodelsurfs,attach_jup_silencer_shotgun_lod0
xmodel,attach_jup_silencer_shotgun
loaded_sound,attach/silencer/silenced_sho_npc
sound,silencer_sho_npc
loaded_sound,attach/silencer/silenced_sho_plr
sound,silencer_sho_plr
attachment,silencershotgun
image,i_jup_silencer_smg_s
image,i_jup_silencer_smg_n
image,i_jup_silencer_smg_o
image,i_jup_silencer_smg_c
material,m/mtl_jup_silencer_smg
xmodelsurfs,attach_jup_silencer_smg_lod0
xmodel,attach_jup_silencer_smg
loaded_sound,attach/silencer/silenced_smg_npc
sound,silencer_smg_npc
loaded_sound,attach/silencer/silenced_smg_plr
sound,silencer_smg_plr
attachment,silencersmg
image,i_jup_silencer_sniper_s
image,i_jup_silencer_sniper_n
image,i_jup_silencer_sniper_o
image,i_jup_silencer_sniper_c
material,m/mtl_jup_silencer_sni
xmodelsurfs,attach_jup_silencer_sni_lod0
xmodel,attach_jup_silencer_sni
loaded_sound,attach/silencer/silenced_snipe_npc
sound,silencer_snipe_npc
loaded_sound,attach/silencer/silenced_snipe_plr
sound,silencer_snipe_plr
attachment,silencersniper
pixelshader,vertcol_simple_hss_flf_tsm_nofog_ndw_ems.hlsl
pixelshader,vertcol_simple_hss_flf_nofog_ndw_ems.hlsl
techset,mc_effect_blend_nofog_ndw
image,h1_og_missing_fx
material,mc/gfx_missing_fx
xmodelsurfs,fx100
phys_collmap,void
xmodel,
attachment,tacknifecolt44
xmodel,
attachment,tacknifecolt45
image,i_h2_bolo_knife_s
image,i_h2_bolo_knife_n
image,i_h2_bolo_knife_o
image,i_h2_bolo_knife_c
material,m/mtl_h2_bolo_knife
xmodelsurfs,wpn_h2_bolo_knife_vm_lod0
xmodel,wpn_h2_bolo_knife_vm
xmodel,
attachment,tacknifedeagle
xmodel,
attachment,tacknifem9
xmodel,
attachment,tacknifeusp
image,i_h2_thermal_screen_c
material,m/mtl_h2_thermal_screen
image,i_h2_thermal_body_s
image,i_h2_thermal_body_n
image,i_h2_thermal_body_o
image,i_h2_thermal_body_c
material,m/mtl_h2_thermal_body
image,i_h2_thermal_lens_blend_s
image,i_h2_thermal_lens_blend_n
image,i_h2_thermal_lens_blend_c
material,m/mtl_h2_thermal_lens_blend
image,i_h2_thermal_scanlines_c
material,m/mtl_h2_thermal_scanlines
image,i_h2_thermal_hdr_ems
material,m/mtl_h2_thermal_hdr_ems
image,i_h2_thermal_ads_s
image,i_h2_thermal_ads_n
image,i_h2_thermal_ads_o
image,i_h2_thermal_ads_c
material,m/mtl_h2_thermal_zoomed
image,i_h2_thermal_lens_s
image,i_h2_thermal_lens_n
image,i_h2_thermal_lens_c
material,m/mtl_h2_thermal_lens
material,m/mtl_h2_thermal_ret
xmodelsurfs,attach_h2_thermal_vm_lod0
xmodel,attach_h2_thermal_vm
image,scope_h2_thermal
material,scope_h2_thermal
attachment,thermal
attachment,xmag
pixelshader,vertcol_shaded_nofog_lin_dc1dn1ds1dg1dna1_nc.hlsl
vertexshader,lpo_sm_nofog_dn_ds_l0n_s_tc0n0_nc.hlsl
pixelshader,lpo_sm_nofog_dc1dn1ds1dg1dna1_lmpb_l0n_r0c0n0s0om0_nc.hlsl
pixelshader,lpo_sm_nofog_dc1dn1ds1dg1dna1_lmpb_l0d_r0c0n0s0om0_nc.hlsl
vertexshader,lpo_sm_nofog_dn_ds_l0d_l0sd_s_tc0n0_nc.hlsl
pixelshader,lpo_sm_nofog_dc1dn1ds1dg1dna1_lmpb_l0d_l0sd_r0c0n0s0om0_nc.hlsl
pixelshader,lpo_sm_nofog_dc1dn1ds1dg1dna1_lmpb_l0s_r0c0n0s0om0_nc.hlsl
pixelshader,lpo_sm_nofog_dc1dn1ds1dg1dna1_lmpb_l0s_l0ss_r0c0n0s0om0_nc.hlsl
pixelshader,lpo_sm_nofog_dc1dn1ds1dg1dna1_lmpb_l0s_l0sc_cuc_r0c0n0s0om0_nc.hlsl
pixelshader,lpo_sm_nofog_dc1dn1ds1dg1dna1_lmpb_l0o_r0c0n0s0om0_nc.hlsl
pixelshader,lpo_sm_nofog_dc1dn1ds1dg1dna1_lmpb_l0o_l0ss_r0c0n0s0om0_nc.hlsl
vertexshader,lpo_sm_nofog_dn_ds_ldbsm_cuc_s_tc0n0_nc.hlsl
pixelshader,lpo_sm_nofog_dc1dn1ds1dg1dna1_lmpb_ldbsm_cuc_r0c0n0s0om0_nc.hlsl
pixelshader,lpo_sm_nofog_dc1dn1ds1dg1dna1_lmpb_ldb_sunsm_cuc_r0c0n0s0om0_nc.hlsl
pixelshader,lpo_sm_nofog_dc1dn1ds1dg1dna1_lmpb_ldbsm_r0c0n0s0om0_nc.hlsl
pixelshader,lpo_sm_nofog_dc1dn1ds1dg1dna1_lmpb_ldb_sunsm_r0c0n0s0om0_nc.hlsl
pixelshader,l_spot_feo_dc1dn1ds1dg1dna1_lmpb_r0c0n0s0om0_nc.hlsl
pixelshader,l_omni_feo_dc1dn1ds1dg1dna1_lmpb_r0c0n0s0om0_nc.hlsl
pixelshader,l_spot_feo_dc1dn1ds1dg1dna1_lmpb_l0s2_sm_r0c0n0s0om0_nc.hlsl
pixelshader,l_spot_feo_dc1dn1ds1dg1dna1_lmpb_l0s3_cuc_sm_r0c0n0s0om0_nc.hlsl
pixelshader,l_spot_dc1dn1ds1dg1dna1_lmpb_r0c0n0s0om0_nc.hlsl
pixelshader,l_omni_dc1dn1ds1dg1dna1_lmpb_r0c0n0s0om0_nc.hlsl
pixelshader,l_spot_dc1dn1ds1dg1dna1_lmpb_l0s2_sm_r0c0n0s0om0_nc.hlsl
pixelshader,l_spot_dc1dn1ds1dg1dna1_lmpb_l0s3_cuc_sm_r0c0n0s0om0_nc.hlsl
vertexshader,lpo_sm_i_nofog_dn_ds_l0n_s_tc0n0_nc.hlsl
vertexshader,lpo_sm_i_nofog_dn_ds_l0d_l0sd_s_tc0n0_nc.hlsl
vertexshader,lpo_sm_i_nofog_dn_ds_ldbsm_cuc_s_tc0n0_nc.hlsl
techset,m_l_sm_lmpb_dc1dn1ds1dg1dna1_r0c0n0sd0om0_nfwpf
image,camo_transparent_col
image,i_h1_hatchet_s
image,i_h1_hatchet_n
image,camo_nml
image,i_h1_hatchet_o
image,i_h1_hatchet_c
image,i_h1_hatchet_m
image,~camo_spcmaps_01_spc-rgb&camo~b29a8732
material,m/mtl_h1_hatchet_camo
xmodelsurfs,melee_h1_hatchet_vm_lod0
xmodel,melee_h1_hatchet_vm
xmodelsurfs,melee_h1_hatchet_npc_lod0
xmodel,melee_h1_hatchet_npc
vertexshader,lpo_sm_mpr_nofog_l0n_s_tc0n0_nc.hlsl
pixelshader,lpo_sm_rim_mpr_nofog_lmpb_l0n_r0c0n0s0om0_nc.hlsl
pixelshader,lpo_sm_rim_mpr_nofog_lmpb_l0d_r0c0n0s0om0_nc.hlsl
vertexshader,lpo_sm_mpr_nofog_l0d_l0sd_s_tc0n0_nc.hlsl
pixelshader,lpo_sm_rim_mpr_nofog_lmpb_l0d_l0sd_r0c0n0s0om0_nc.hlsl
pixelshader,lpo_sm_rim_mpr_nofog_lmpb_l0s_r0c0n0s0om0_nc.hlsl
pixelshader,lpo_sm_rim_mpr_nofog_lmpb_l0s_l0ss_r0c0n0s0om0_nc.hlsl
pixelshader,lpo_sm_rim_mpr_nofog_lmpb_l0s_l0sc_cuc_r0c0n0s0om0_nc.hlsl
pixelshader,lpo_sm_rim_mpr_nofog_lmpb_l0o_r0c0n0s0om0_nc.hlsl
pixelshader,lpo_sm_rim_mpr_nofog_lmpb_l0o_l0ss_r0c0n0s0om0_nc.hlsl
vertexshader,lpo_sm_mpr_nofog_ldbsm_cuc_s_tc0n0_nc.hlsl
pixelshader,lpo_sm_rim_mpr_nofog_lmpb_ldbsm_cuc_r0c0n0s0om0_nc.hlsl
pixelshader,lpo_sm_rim_mpr_nofog_lmpb_ldb_sunsm_cuc_r0c0n0s0om0_nc.hlsl
pixelshader,lpo_sm_rim_mpr_nofog_lmpb_ldbsm_r0c0n0s0om0_nc.hlsl
pixelshader,lpo_sm_rim_mpr_nofog_lmpb_ldb_sunsm_r0c0n0s0om0_nc.hlsl
vertexshader,lpo_sm_i_mpr_nofog_l0n_s_tc0n0_nc.hlsl
vertexshader,lpo_sm_i_mpr_nofog_l0d_l0sd_s_tc0n0_nc.hlsl
vertexshader,lpo_sm_i_mpr_nofog_ldbsm_cuc_s_tc0n0_nc.hlsl
techset,m_l_sm_lmpb_r0c0n0sd0om0_nfwpf_mpr
image,~viewmodel_h1_marines_desert_~10ff70a4
image,viewmodel_h1_marines_desert_nml
image,~viewmodel_h1_marines_desert_occ-l
image,viewmodel_h1_marines_desert_col
material,m/mtl_viewmodel_h1_usmc_desert
xmodelsurfs,vm_h1_desert_marines400
xmodel,viewmodel_base_viewhands
xanim,vm_h1_hatchet_idle
xanim,vm_h1_hatchet_swipe
xanim,vm_h1_hatchet_stab
xanim,vm_h1_hatchet_swipe_secondary
xanim,vm_h1_hatchet_stab_secondary
xanim,vm_h1_hatchet_raise
xanim,vm_h1_hatchet_raise_first
xanim,vm_h1_hatchet_drop
xanim,vm_h1_hatchet_raise_quick
xanim,vm_h1_hatchet_drop_quick
xanim,vm_h1_hatchet_sprint_in
xanim,vm_h1_hatchet_sprint_loop
xanim,vm_h1_hatchet_sprint_out
xanim,h1_wpn_melee_mantle_57_up
xanim,h1_wpn_melee_mantle_51_up
xanim,h1_wpn_melee_mantle_45_up
xanim,h1_wpn_melee_mantle_39_up
xanim,h1_wpn_melee_mantle_33_up
xanim,h1_wpn_melee_mantle_57_over
xanim,h1_wpn_melee_mantle_51_over
xanim,h1_wpn_melee_mantle_45_over
xanim,h1_wpn_melee_mantle_39_over
xanim,h1_wpn_melee_mantle_33_over
xanim,vm_h1_hatchet_inspect
xanim,vm_jump
xanim,vm_land
xanim,vm_land_heavy
xanim,vm_crawl_in
xanim,h1_wpn_melee_crawl_f
xanim,vm_prone_drop
xanim,h1_vm_mp_mantle_27_up
xanim,h1_vm_mp_mantle_21_up
xanim,h1_vm_mp_mantle_27_over
xanim,h1_vm_mp_mantle_21_over
loaded_sound,h1_dlc_wpn/hatchet/melee_hatchet_ins_01
sound,melee_hatchet_ins_01
loaded_sound,h1_dlc_wpn/hatchet/melee_hatchet_ins_02
sound,melee_hatchet_ins_02
sound,melee_hatchet_ins_03
sound,melee_hatchet_ins_04
sound,melee_hatchet_ins_05
loaded_sound,h1_dlc_wpn/hatchet/melee_hatchet_ins_06
sound,melee_hatchet_ins_06
loaded_sound,h1_dlc_wpn/hatchet/melee_hatchet_pullout_first_01
sound,melee_hatchet_pullout_first_01
loaded_sound,h1_dlc_wpn/hatchet/melee_hatchet_pullout_first_02
sound,melee_hatchet_pullout_first_02
loaded_sound,h1_dlc_wpn/hatchet/melee_putaway_01
loaded_sound,h1_dlc_wpn/hatchet/melee_putaway_02
loaded_sound,h1_dlc_wpn/hatchet/melee_putaway_03
sound,melee_putaway
sound,
sound,
sound,
sound,
sound,
sound,
sound,
sound,
sound,
sound,
sound,
sound,
sound,
sound,
sound,
sound,
sound,
sound,
sound,
sound,
sound,
sound,
sound,
sound,
sound,
sound,
sound,
vertexshader,distortion_shade_eo_legacydst_ui.hlsl
pixelshader,distortion_scale_dat_legacydst_ui.hlsl
vertexshader,distortion_shade_eo_legacydst.hlsl
pixelshader,distortion_scale_dat_legacydst.hlsl
techset,distortion_shade_legacydst_eo_dat
image,distort_exo_punch
material,distort_wave_knife_swipe
fx,vfx/muzzleflash/knife_armtrail
fx,
fx,
fx,
fx,
fx,
fx,
fx,
fx,
fx,
fx,
fx,
fx,
fx,
fx,
fx,
loaded_sound,tactical/var_grenade/tac_var_grenade_throw_01
loaded_sound,tactical/var_grenade/tac_var_grenade_throw_02
loaded_sound,tactical/var_grenade/tac_var_grenade_throw_03
sound,wpn_combatknife_npc
sound,null
sound,wpn_combatknife_plr
loaded_sound,weapon/knife/wpn_combatknife_stab_01
loaded_sound,weapon/knife/wpn_combatknife_stab_02
loaded_sound,weapon/knife/wpn_combatknife_stab_03
sound,wpn_combatknife_stab_npc
sound,wpn_combatknife_stab_plr
loaded_sound,h1_items/night_vision_on
sound,item_nightvision_on_mp
loaded_sound,h1_items/night_vision_off
sound,item_nightvision_off_mp
loaded_sound,weapon/knife/wpn_knife_pullout_blade_01
loaded_sound,weapon/knife/wpn_knife_pullout_blade_02
loaded_sound,weapon/knife/wpn_knife_pullout_blade_03
loaded_sound,weapon/knife/wpn_knife_pullout_blade_04
sound,wpn_raise_combatknife_plr_blade
loaded_sound,foley/weapmvmt/wpn_handgun_raise_01
loaded_sound,foley/weapmvmt/wpn_handgun_raise_02
loaded_sound,foley/weapmvmt/wpn_handgun_raise_03
sound,wpn_raise_combatknife_plr
sound,melee_pullout_first_null
image,h1_center_cross
material,reticle_center_cross
image,h1_weaponicons_melee_hatchet
material,hud_icon_hatchet
physpreset,weapon_light
tracer,defaulttracer
weapon,h2_hatchet_mp
image,i_h2_icepick_s
image,i_h2_icepick_n
image,i_h2_icepick_o
image,i_h2_icepick_c
image,i_h2_icepick_m
material,m/mtl_h2_icepick_camo
xmodelsurfs,melee_h2_icepick_vm_lod0
xmodel,melee_h2_icepick_vm
xmodelsurfs,melee_h2_icepick_npc_lod0
xmodel,melee_h2_icepick_npc
xanim,vm_h2_icepick_idle
xanim,vm_h2_icepick_swipe
xanim,vm_h2_icepick_stab
xanim,vm_h2_icepick_swipe_secondary
xanim,vm_h2_icepick_stab_secondary
xanim,vm_h2_icepick_raise
xanim,vm_h2_icepick_raise_first
xanim,vm_h2_icepick_drop
xanim,vm_h2_icepick_raise_quick
xanim,vm_h2_icepick_drop_quick
xanim,vm_h2_icepick_sprint_in
xanim,vm_h2_icepick_sprint_loop
xanim,vm_h2_icepick_sprint_out
xanim,vm_h2_icepick_inspect
loaded_sound,h1_dlc_wpn/pick/pick_inspect_start
sound,pick_inspect_start
loaded_sound,h1_dlc_wpn/pick/pick_inspect_turn
sound,pick_inspect_turn
loaded_sound,h1_dlc_wpn/pick/pick_inspect_flick
sound,pick_inspect_flick
loaded_sound,h1_dlc_wpn/pick/pick_inspect_finish
sound,pick_inspect_finish
loaded_sound,h1_dlc_wpn/shovel/shovel_pullout_first_start
sound,pick_pullout_first_01
loaded_sound,h1_dlc_wpn/shovel/shovel_inspect_finish
sound,pick_pullout_first_02
sound,pick_pullout_first_03
sound,pick_pullout
loaded_sound,h1_dlc_wpn/shovel/shovel_pullout_quick
sound,pick_pullout_quick
loaded_sound,h1_dlc_wpn/shovel/shovel_putaway
sound,pick_putaway
loaded_sound,h1_dlc_wpn/shovel/shovel_putaway_quick
sound,pick_putaway_quick
sound,
sound,
sound,
sound,
sound,
sound,
sound,
sound,
sound,
sound,
sound,
sound,
sound,
sound,
sound,
sound,
sound,
sound,
sound,
sound,
sound,
sound,
sound,
sound,
sound,
fx,
fx,
fx,
fx,
fx,
fx,
fx,
fx,
fx,
fx,
fx,
fx,
fx,
fx,
fx,
image,h1_weaponicons_melee_ice_pick
material,hud_icon_ice_pick
weapon,h2_icepick_mp
image,i_h1_karambit_s
image,i_h1_karambit_n
image,i_h1_karambit_o
image,i_h1_karambit_c
image,i_h1_karambit_m
material,m/mtl_h1_karambit_camo
xmodelsurfs,melee_h1_karambit_vm_lod0
xmodel,melee_h1_karambit_vm
xmodelsurfs,melee_h1_karambit_npc_lod0
xmodel,melee_h1_karambit_npc
xanim,vm_h1_karambit_idle
xanim,vm_h1_karambit_swipe
xanim,vm_h1_karambit_stab
xanim,vm_h1_karambit_swipe_secondary
xanim,vm_h1_karambit_stab_secondary
xanim,vm_h1_karambit_raise
xanim,vm_h1_karambit_raise_first
xanim,vm_h1_karambit_drop
xanim,vm_h1_karambit_raise_quick
xanim,vm_h1_karambit_drop_quick
xanim,vm_h1_karambit_sprint_in
xanim,vm_h1_karambit_sprint_loop
xanim,vm_h1_karambit_sprint_out
xanim,vm_h1_karambit_inspect
xanim,h1_wpn_generic_walk_f
loaded_sound,h1_dlc_wpn/melee_karambit/h1_wpn_melee_karambit_ins_01
sound,karambit_ins_01
loaded_sound,h1_dlc_wpn/melee_karambit/h1_wpn_melee_karambit_ins_02
sound,karambit_ins_02
loaded_sound,h1_dlc_wpn/melee_karambit/h1_wpn_melee_karambit_pout_1st
sound,karambit_pullout_first
loaded_sound,h1_dlc_wpn/melee_karambit/h1_wpn_melee_karambit_pullout
sound,karambit_pullout
loaded_sound,h1_dlc_wpn/melee_karambit/h1_wpn_melee_karambit_putaway
sound,karambit_putaway
sound,
sound,
sound,
sound,
sound,
sound,
sound,
sound,
sound,
sound,
sound,
sound,
sound,
sound,
sound,
sound,
sound,
sound,
sound,
sound,
sound,
sound,
sound,
sound,
sound,
sound,
sound,
sound,
sound,
sound,
sound,
fx,
fx,
fx,
fx,
fx,
fx,
fx,
fx,
fx,
fx,
fx,
fx,
fx,
fx,
fx,
image,h1_wpn_melee_karambit
material,hud_icon_karambit
weapon,h2_karambit_mp
image,i_h1_shovel_s
image,i_h1_shovel_n
image,i_h1_shovel_o
image,i_h1_shovel_c
image,i_h1_shovel_m
material,m/mtl_h1_shovel_camo
xmodelsurfs,melee_h1_shovel_vm_lod0
xmodel,melee_h1_shovel_vm
xmodelsurfs,melee_h1_shovel_npc_lod0
xmodel,melee_h1_shovel_npc
xanim,vm_h1_shovel_idle
xanim,vm_h1_shovel_swipe
xanim,vm_h1_shovel_stab
xanim,vm_h1_shovel_swipe_secondary
xanim,vm_h1_shovel_stab_secondary
xanim,vm_h1_shovel_raise
xanim,vm_h1_shovel_raise_first
xanim,vm_h1_shovel_drop
xanim,vm_h1_shovel_raise_quick
xanim,vm_h1_shovel_drop_quick
xanim,vm_h1_shovel_sprint_in
xanim,vm_h1_shovel_sprint_loop
xanim,vm_h1_shovel_sprint_out
xanim,vm_h1_shovel_mantle_57_up
xanim,vm_h1_shovel_mantle_51_up
xanim,vm_h1_shovel_mantle_45_up
xanim,vm_h1_shovel_mantle_39_up
xanim,vm_h1_shovel_mantle_33_up
xanim,vm_h1_shovel_mantle_57_over
xanim,vm_h1_shovel_mantle_51_over
xanim,vm_h1_shovel_mantle_45_over
xanim,vm_h1_shovel_mantle_39_over
xanim,vm_h1_shovel_mantle_33_over
xanim,vm_h1_shovel_inspect
loaded_sound,h1_dlc_wpn/shovel/shovel_inspect_start
sound,shovel_inspect_start
loaded_sound,h1_dlc_wpn/shovel/shovel_inspect_tap_1
sound,shovel_inspect_tap_1
loaded_sound,h1_dlc_wpn/shovel/shovel_inspect_tap_2
sound,shovel_inspect_tap_2
sound,shovel_inspect_finish
loaded_sound,h1_dlc_wpn/shovel/shovel_pullout
sound,shovel_pullout
sound,shovel_pullout_first_start
loaded_sound,h1_dlc_wpn/shovel/shovel_pullout_first_pull
sound,shovel_pullout_first_pull
loaded_sound,h1_dlc_wpn/shovel/shovel_pullout_first_finish
sound,shovel_pullout_first_finish
sound,shovel_pullout_quick
sound,shovel_putaway
sound,shovel_putaway_quick
sound,
sound,
sound,
sound,
sound,
sound,
sound,
sound,
sound,
sound,
sound,
sound,
sound,
sound,
sound,
sound,
sound,
sound,
sound,
sound,
sound,
sound,
sound,
sound,
sound,
fx,
fx,
fx,
fx,
fx,
fx,
fx,
fx,
fx,
fx,
fx,
fx,
fx,
fx,
fx,
image,h1_weaponicons_melee_shovel
material,hud_icon_shovel
weapon,h2_shovel_mp
image,i_h1_sickle_s
image,i_h1_sickle_n
image,i_h1_sickle_o
image,i_h1_sickle_c
image,i_h1_sickle_m
material,m/mtl_h1_sickle_camo
xmodelsurfs,melee_h1_sickle_vm_lod0
xmodel,melee_h1_sickle_vm
xmodelsurfs,melee_h1_sickle_npc_lod0
xmodel,melee_h1_sickle_npc
xanim,vm_h1_sickle_idle
xanim,vm_h1_sickle_swipe
xanim,vm_h1_sickle_stab
xanim,vm_h1_sickle_swipe_secondary
xanim,vm_h1_sickle_stab_secondary
xanim,vm_h1_sickle_raise
xanim,vm_h1_sickle_raise_first
xanim,vm_h1_sickle_drop
xanim,vm_h1_sickle_raise_quick
xanim,vm_h1_sickle_drop_quick
xanim,vm_h1_sickle_sprint_in
xanim,vm_h1_sickle_sprint_loop
xanim,vm_h1_sickle_sprint_out
xanim,vm_h1_sickle_inspect
loaded_sound,h1_dlc_wpn/sickle/melee_sickle_ins_01
sound,melee_sickle_ins_01
loaded_sound,h1_dlc_wpn/sickle/melee_sickle_ins_02
sound,melee_sickle_ins_02
loaded_sound,h1_dlc_wpn/sickle/melee_sickle_pullout_first_01
sound,melee_sickle_pullout_first_01
loaded_sound,h1_dlc_wpn/sickle/melee_sickle_pullout_first_02
sound,melee_sickle_pullout_first_02
sound,
sound,
sound,
sound,
sound,
sound,
sound,
sound,
sound,
sound,
sound,
sound,
sound,
sound,
sound,
sound,
sound,
sound,
sound,
sound,
sound,
sound,
sound,
sound,
sound,
sound,
sound,
sound,
sound,
sound,
sound,
fx,
fx,
fx,
fx,
fx,
fx,
fx,
fx,
fx,
fx,
fx,
fx,
fx,
fx,
fx,
image,h1_weaponicons_melee_sickle
material,hud_icon_sickle
weapon,h2_sickle_mp
image,i_h2_ghillie_arms_s
image,i_h2_ghillie_arms_n
image,i_h2_ghillie_arms_o
image,i_h2_ghillie_arms_c
material,m/mtl_h2_ghillie_arms
vertexshader,vertcol_simple_vs_zp_atest_nc.hlsl
pixelshader,vertcol_simple_zp_atest_nc.hlsl
vertexshader,vertcol_simple_vs_zp_rvel_atest_nc.hlsl
pixelshader,vertcol_simple_zp_vel_atest_nc.hlsl
vertexshader,vertcol_simple_vs_zp_svel_atest_nc.hlsl
vertexshader,vertcol_simple_vs_zp_hidir_atest_nc.hlsl
pixelshader,vertcol_simple_zp_hidir_atest_nc.hlsl
vertexshader,vertcol_simple_vs_zp_hidir_rvel_atest_nc.hlsl
pixelshader,vertcol_simple_zp_hidir_vel_atest_nc.hlsl
vertexshader,vertcol_simple_vs_zp_hidir_svel_atest_nc.hlsl
pixelshader,vertcol_shaded_atest_fog_lin_nc.hlsl
vertexshader,lpo_sm_fog_l0n_tc0n0_nc.hlsl
pixelshader,lpo_sm_fog_l0n_t0c0n0_nc.hlsl
pixelshader,lpo_sm_fog_l0d_t0c0n0_nc.hlsl
vertexshader,lpo_sm_ani_fog_l0d_l0sd_s_tc0n0ssr_nc.hlsl
pixelshader,lpo_sm_fog_l0d_l0sd_t0c0n0_nc.hlsl
vertexshader,lpo_sm_ani_fog_l0n_s_tc0n0ssr_nc.hlsl
pixelshader,lpo_sm_fog_l0s_t0c0n0_nc.hlsl
pixelshader,lpo_sm_fog_l0s_l0ss_t0c0n0_nc.hlsl
pixelshader,lpo_sm_fog_l0s_l0sc_cuc_t0c0n0_nc.hlsl
pixelshader,lpo_sm_fog_l0o_t0c0n0_nc.hlsl
pixelshader,lpo_sm_fog_l0o_l0ss_t0c0n0_nc.hlsl
vertexshader,lpo_sm_ani_fog_ldbsm_cuc_s_tc0n0ssr_nc.hlsl
pixelshader,lpo_sm_fog_ldbsm_cuc_t0c0n0_nc.hlsl
pixelshader,lpo_sm_fog_ldb_sunsm_cuc_t0c0n0_nc.hlsl
pixelshader,lpo_sm_fog_ldbsm_t0c0n0_nc.hlsl
pixelshader,lpo_sm_fog_ldb_sunsm_t0c0n0_nc.hlsl
vertexshader,lpo_sm_dfog_l0n_tc0n0_nc.hlsl
pixelshader,lpo_sm_dfog_l0n_t0c0n0_nc.hlsl
pixelshader,lpo_sm_dfog_l0d_t0c0n0_nc.hlsl
vertexshader,lpo_sm_ani_dfog_l0d_l0sd_s_tc0n0ssr_nc.hlsl
pixelshader,lpo_sm_dfog_l0d_l0sd_t0c0n0_nc.hlsl
vertexshader,lpo_sm_ani_dfog_l0n_s_tc0n0ssr_nc.hlsl
pixelshader,lpo_sm_dfog_l0s_t0c0n0_nc.hlsl
pixelshader,lpo_sm_dfog_l0s_l0ss_t0c0n0_nc.hlsl
pixelshader,lpo_sm_dfog_l0s_l0sc_cuc_t0c0n0_nc.hlsl
pixelshader,lpo_sm_dfog_l0o_t0c0n0_nc.hlsl
pixelshader,lpo_sm_dfog_l0o_l0ss_t0c0n0_nc.hlsl
vertexshader,lpo_sm_ani_dfog_ldbsm_cuc_s_tc0n0ssr_nc.hlsl
pixelshader,lpo_sm_dfog_ldbsm_cuc_t0c0n0_nc.hlsl
pixelshader,lpo_sm_dfog_ldb_sunsm_cuc_t0c0n0_nc.hlsl
pixelshader,lpo_sm_dfog_ldbsm_t0c0n0_nc.hlsl
pixelshader,lpo_sm_dfog_ldb_sunsm_t0c0n0_nc.hlsl
pixelshader,l_spot_feo_t0c0n0_nc.hlsl
pixelshader,l_omni_feo_t0c0n0_nc.hlsl
pixelshader,l_spot_feo_l0s2_sm_t0c0n0_nc.hlsl
pixelshader,l_spot_feo_l0s3_cuc_sm_t0c0n0_nc.hlsl
pixelshader,l_spot_t0c0n0_nc.hlsl
pixelshader,l_omni_t0c0n0_nc.hlsl
pixelshader,l_spot_l0s2_sm_t0c0n0_nc.hlsl
pixelshader,l_spot_l0s3_cuc_sm_t0c0n0_nc.hlsl
vertexshader,vertcol_simple_vs_zp_i_atest_nc.hlsl
vertexshader,vertcol_simple_vs_zp_i_rvel_atest_nc.hlsl
vertexshader,vertcol_simple_vs_zp_i_svel_atest_nc.hlsl
vertexshader,vertcol_simple_vs_zp_i_hidir_atest_nc.hlsl
vertexshader,vertcol_simple_vs_zp_i_hidir_rvel_atest_nc.hlsl
vertexshader,vertcol_simple_vs_zp_i_hidir_svel_atest_nc.hlsl
vertexshader,lpo_sm_i_fog_l0n_tc0n0_nc.hlsl
vertexshader,lpo_sm_i_ani_fog_l0d_l0sd_s_tc0n0ssr_nc.hlsl
vertexshader,lpo_sm_i_ani_fog_l0n_s_tc0n0ssr_nc.hlsl
vertexshader,lpo_sm_i_ani_fog_ldbsm_cuc_s_tc0n0ssr_nc.hlsl
vertexshader,lpo_sm_i_dfog_l0n_tc0n0_nc.hlsl
vertexshader,lpo_sm_i_ani_dfog_l0d_l0sd_s_tc0n0ssr_nc.hlsl
vertexshader,lpo_sm_i_ani_dfog_l0n_s_tc0n0ssr_nc.hlsl
vertexshader,lpo_sm_i_ani_dfog_ldbsm_cuc_s_tc0n0ssr_nc.hlsl
vertexdecl,pp.ft0t0.3nn.7
techset,m_l_sm_t0c0n0_cltrans
image,i_h2_ghillie_netting_n
image,i_h2_ghillie_netting_c
material,m/mtl_h2_ghillie_netting
image,i_h2_ghillie_alpha_n
image,i_h2_ghillie_alpha_c
material,m/mtl_h2_ghillie_alpha
xmodelsurfs,viewhands_h2_ghillie_lod0
xmodel,viewhands_h2_ghillie
pixelshader,lpo_sm_eflow_nofog_dc1dn1ds1dg1dna1_lmpb_l0n_misva_r0c0n0s0om0_nc.hlsl
pixelshader,lpo_sm_eflow_nofog_dc1dn1ds1dg1dna1_lmpb_l0d_misva_r0c0n0s0om0_nc.hlsl
pixelshader,lpo_sm_eflow_nofog_dc1dn1ds1dg1dna1_lmpb_l0d_l0sd_misva_r0c0n0s0om0_nc.hlsl
pixelshader,lpo_sm_eflow_nofog_dc1dn1ds1dg1dna1_lmpb_l0s_misva_r0c0n0s0om0_nc.hlsl
pixelshader,lpo_sm_eflow_nofog_dc1dn1ds1dg1dna1_lmpb_l0s_l0ss_misva_r0c0n0s0om0_nc.hlsl
pixelshader,lpo_sm_eflow_nofog_dc1dn1ds1dg1dna1_lmpb_l0s_l0sc_cuc_misva_r0c0n0s0om0_nc.hlsl
pixelshader,lpo_sm_eflow_nofog_dc1dn1ds1dg1dna1_lmpb_l0o_misva_r0c0n0s0om0_nc.hlsl
pixelshader,lpo_sm_eflow_nofog_dc1dn1ds1dg1dna1_lmpb_l0o_l0ss_misva_r0c0n0s0om0_nc.hlsl
pixelshader,lpo_sm_eflow_nofog_dc1dn1ds1dg1dna1_lmpb_ldbsm_cuc_misva_r0c0n0s0om0_nc.hlsl
pixelshader,lpo_sm_eflow_nofog_dc1dn1ds1dg1dna1_lmpb_ldb_sunsm_cuc_misva_r0c0n0s0om0_nc.hlsl
pixelshader,lpo_sm_eflow_nofog_dc1dn1ds1dg1dna1_lmpb_ldbsm_misva_r0c0n0s0om0_nc.hlsl
pixelshader,lpo_sm_eflow_nofog_dc1dn1ds1dg1dna1_lmpb_ldb_sunsm_misva_r0c0n0s0om0_nc.hlsl
techset,m_l_sm_lmpb_dc1dn1ds1dg1dna1_r0c0n0sd0om0_nfwpf_misva_eflow
image,ui_transparent
image,wpn_h2m_camo_doomsday_ems
image,camo_base_flow_surfparms_01
image,~wpn_h1_camo_exclusion_spc-rg~60428e6f
image,wpn_h1_camo_flowmap_liquid_01_flow
material,m/mtl_h1_hatchet_doomsday
material,m/mtl_h1_karambit_doomsday
material,m/mtl_h1_shovel_doomsday
material,m/mtl_h1_sickle_doomsday
material,m/mtl_h2_icepick_doomsday
image,wpn_h2m_camo_fire_col
image,wpn_h2m_camo_fire_ems
image,wpn_h2m_camo_fire_nml
material,m/mtl_h2_icepick_fire
material,m/mtl_h1_hatchet_fire
material,m/mtl_h1_karambit_fire
material,m/mtl_h1_shovel_fire
material,m/mtl_h1_sickle_fire
image,wpn_h2m_camo_gas_ems
material,m/mtl_h2_icepick_gas
material,m/mtl_h1_hatchet_gas
material,m/mtl_h1_karambit_gas
material,m/mtl_h1_shovel_gas
material,m/mtl_h1_sickle_gas
image,wpn_h2m_camo_ice_col
image,wpn_h2m_camo_ice_ems
image,wpn_h2m_camo_ice_nml
material,m/mtl_h2_icepick_ice
material,m/mtl_h1_hatchet_ice
material,m/mtl_h1_karambit_ice
material,m/mtl_h1_shovel_ice
material,m/mtl_h1_sickle_ice
image,wpn_h2m_camo_lava_col
image,wpn_h2m_camo_lava_ems
image,wpn_h2m_camo_lava_nml
material,m/mtl_h2_icepick_lava
material,m/mtl_h1_hatchet_lava
material,m/mtl_h1_karambit_lava
material,m/mtl_h1_shovel_lava
material,m/mtl_h1_sickle_lava
image,wpn_h2m_camo_storm_ems
material,m/mtl_h2_icepick_storm
material,m/mtl_h1_hatchet_storm
material,m/mtl_h1_karambit_storm
material,m/mtl_h1_shovel_storm
material,m/mtl_h1_sickle_storm
image,wpn_h2m_camo_toxic_waste_col
image,wpn_h2m_camo_toxic_waste_ems
image,wpn_h2m_camo_toxic_waste_nml
material,m/mtl_h2_icepick_toxic_waste
material,m/mtl_h1_hatchet_toxic_waste
material,m/mtl_h1_karambit_toxic_waste
material,m/mtl_h1_shovel_toxic_waste
material,m/mtl_h1_sickle_toxic_waste
image,wpn_h2m_camo_water_col
image,wpn_h2m_camo_water_ems
image,wpn_h2m_camo_water_nml
image,wpn_h2m_camo_water_spc
material,m/mtl_h2_icepick_water
material,m/mtl_h1_hatchet_water
material,m/mtl_h1_karambit_water
material,m/mtl_h1_shovel_water
material,m/mtl_h1_sickle_water
image,scope_iw3_ogscope
material,scope_iw3_ogscope
material,m/mtl_invisible_ting
xmodel,invisible_ting
loaded_sound,attach/shotty/chamber
sound,attach_shotty_fly_chamber
loaded_sound,attach/shotty/end
sound,attach_shotty_fly_end
loaded_sound,attach/shotty/lift
sound,attach_shotty_fly_lift
loaded_sound,attach/shotty/loop
sound,attach_shotty_fly_loop
xanim,vm_h1_m40a3_acog_ads_down
xanim,vm_h1_m40a3_acog_ads_up
xanim,vm_h1_m40a3_ogscope_ads_down
xanim,vm_h1_m40a3_ogscope_ads_up
xanim,vm_h1_m40a3_thermal_ads_down
xanim,vm_h1_m40a3_thermal_ads_up
xanim,vm_h2_acr_acog_ads_down
xanim,vm_h2_acr_acog_ads_up
xanim,vm_h2_acr_holo_ads_down
xanim,vm_h2_acr_holo_ads_up
xanim,vm_h2_acr_reflex_ads_down
xanim,vm_h2_acr_reflex_ads_up
xanim,vm_h2_acr_thermal_ads_down
xanim,vm_h2_acr_thermal_ads_up
xanim,vm_h2_ak47_acog_ads_down
xanim,vm_h2_ak47_acog_ads_up
xanim,vm_h2_ak47_holo_ads_down
xanim,vm_h2_ak47_holo_ads_up
xanim,vm_h2_ak47_reflex_ads_down
xanim,vm_h2_ak47_reflex_ads_up
xanim,vm_h2_ak47_thermal_ads_down
xanim,vm_h2_ak47_thermal_ads_up
xanim,vm_h2_f2000_acog_ads_down
xanim,vm_h2_f2000_acog_ads_up
xanim,vm_h2_f2000_holo_ads_down
xanim,vm_h2_f2000_holo_ads_up
xanim,vm_h2_f2000_reflex_ads_down
xanim,vm_h2_f2000_reflex_ads_up
xanim,vm_h2_f2000_scope_ads_down
xanim,vm_h2_f2000_scope_ads_up
xanim,vm_h2_f2000_thermal_ads_down
xanim,vm_h2_f2000_thermal_ads_up
xanim,vm_h2_fal_acog_ads_down
xanim,vm_h2_fal_acog_ads_up
xanim,vm_h2_fal_holo_ads_down
xanim,vm_h2_fal_holo_ads_up
xanim,vm_h2_fal_reflex_ads_down
xanim,vm_h2_fal_reflex_ads_up
xanim,vm_h2_fal_thermal_ads_down
xanim,vm_h2_fal_thermal_ads_up
xanim,vm_h2_famas_acog_ads_down
xanim,vm_h2_famas_acog_ads_up
xanim,vm_h2_famas_holo_ads_down
xanim,vm_h2_famas_holo_ads_up
xanim,vm_h2_famas_reflex_ads_down
xanim,vm_h2_famas_reflex_ads_up
xanim,vm_h2_famas_thermal_ads_down
xanim,vm_h2_famas_thermal_ads_up
xanim,vm_h2_m16_acog_ads_down
xanim,vm_h2_m16_acog_ads_up
xanim,vm_h2_m16_holo_ads_down
xanim,vm_h2_m16_holo_ads_up
xanim,vm_h2_m16_reflex_ads_down
xanim,vm_h2_m16_reflex_ads_up
xanim,vm_h2_m16_thermal_ads_down
xanim,vm_h2_m16_thermal_ads_up
xanim,vm_h2_m4a1_acog_ads_down
xanim,vm_h2_m4a1_acog_ads_up
xanim,vm_h2_m4a1_holo_ads_down
xanim,vm_h2_m4a1_holo_ads_up
xanim,vm_h2_m4a1_reflex_ads_down
xanim,vm_h2_m4a1_reflex_ads_up
xanim,vm_h2_m4a1_thermal_ads_down
xanim,vm_h2_m4a1_thermal_ads_up
xanim,vm_h2_scar_acog_ads_down
xanim,vm_h2_scar_acog_ads_up
xanim,vm_h2_scar_holo_ads_down
xanim,vm_h2_scar_holo_ads_up
xanim,vm_h2_scar_reflex_ads_down
xanim,vm_h2_scar_reflex_ads_up
xanim,vm_h2_scar_thermal_ads_down
xanim,vm_h2_scar_thermal_ads_up
xanim,vm_h2_tavor_acog_ads_down
xanim,vm_h2_tavor_acog_ads_up
xanim,vm_h2_tavor_holo_ads_down
xanim,vm_h2_tavor_holo_ads_up
xanim,vm_h2_tavor_mars_ads_down
xanim,vm_h2_tavor_mars_ads_up
xanim,vm_h2_tavor_reflex_ads_down
xanim,vm_h2_tavor_reflex_ads_up
xanim,vm_h2_tavor_thermal_ads_down
xanim,vm_h2_tavor_thermal_ads_up
xanim,vm_h2_glock_holo_ads_down
xanim,vm_h2_glock_holo_ads_up
xanim,vm_h2_glock_reflex_ads_down
xanim,vm_h2_glock_reflex_ads_up
xanim,vm_h2_pp2000_holo_ads_down
xanim,vm_h2_pp2000_holo_ads_up
xanim,vm_h2_pp2000_reflex_ads_down
xanim,vm_h2_pp2000_reflex_ads_up
xanim,vm_h2_raffica_holo_ads_down
xanim,vm_h2_raffica_holo_ads_up
xanim,vm_h2_raffica_reflex_ads_down
xanim,vm_h2_raffica_reflex_ads_up
xanim,vm_h2_tmp_holo_ads_down
xanim,vm_h2_tmp_holo_ads_up
xanim,vm_h2_tmp_reflex_ads_down
xanim,vm_h2_tmp_reflex_ads_up
xanim,vm_h1_usp_tac_ads_down
xanim,vm_h1_usp_tac_ads_up
xanim,vm_h1_usp_tac_drop
xanim,vm_h1_usp_tac_fire
xanim,vm_h1_usp_tac_fire_ads
xanim,vm_h1_usp_tac_fire_last
xanim,vm_h1_usp_tac_idle
xanim,vm_h1_usp_tac_inspect
xanim,vm_h1_usp_tac_melee
xanim,vm_h1_usp_tac_raise
xanim,vm_h1_usp_tac_raise_first
xanim,vm_h1_usp_tac_reload
xanim,vm_h1_usp_tac_reload_empty
xanim,vm_h1_usp_tac_sprint_in
xanim,vm_h1_usp_tac_sprint_loop
xanim,vm_h1_usp_tac_sprint_out
xanim,vm_h2_deagle_tac_ads_down
xanim,vm_h2_deagle_tac_ads_up
xanim,vm_h2_deagle_tac_drop
xanim,vm_h2_deagle_tac_fire
xanim,vm_h2_deagle_tac_fire_ads
xanim,vm_h2_deagle_tac_idle
xanim,vm_h2_deagle_tac_inspect
xanim,vm_h2_deagle_tac_melee
xanim,vm_h2_deagle_tac_raise
xanim,vm_h2_deagle_tac_reload
xanim,vm_h2_deagle_tac_reload_empty
xanim,vm_h2_deagle_tac_sprint_in
xanim,vm_h2_deagle_tac_sprint_loop
xanim,vm_h2_deagle_tac_sprint_out
xanim,vm_iw4_magnum_tac_ads_down
xanim,vm_iw4_magnum_tac_ads_up
xanim,vm_iw4_magnum_tac_drop
xanim,vm_iw4_magnum_tac_fire
xanim,vm_iw4_magnum_tac_fire_ads
xanim,vm_iw4_magnum_tac_idle
xanim,vm_iw4_magnum_tac_inspect
xanim,vm_iw4_magnum_tac_melee
xanim,vm_iw4_magnum_tac_raise
xanim,vm_iw4_magnum_tac_raise_first
xanim,vm_iw4_magnum_tac_reload
xanim,vm_iw4_magnum_tac_reload_empty
xanim,vm_iw4_magnum_tac_sprint_in
xanim,vm_iw4_magnum_tac_sprint_loop
xanim,vm_iw4_magnum_tac_sprint_out
xanim,vm_h2_colt45_tac_ads_down
xanim,vm_h2_colt45_tac_ads_up
xanim,vm_h2_colt45_tac_drop
xanim,vm_h2_colt45_tac_fire
xanim,vm_h2_colt45_tac_fire_ads
xanim,vm_h2_colt45_tac_fire_last
xanim,vm_h2_colt45_tac_idle
xanim,vm_h2_colt45_tac_inspect
xanim,vm_h2_colt45_tac_melee
xanim,vm_h2_colt45_tac_raise
xanim,vm_h2_colt45_tac_raise_first
xanim,vm_h2_colt45_tac_reload
xanim,vm_h2_colt45_tac_reload_empty
xanim,vm_h2_colt45_tac_sprint_in
xanim,vm_h2_colt45_tac_sprint_loop
xanim,vm_h2_colt45_tac_sprint_out
xanim,vm_h2_m9_tac_ads_down
xanim,vm_h2_m9_tac_ads_up
xanim,vm_h2_m9_tac_drop
xanim,vm_h2_m9_tac_fire
xanim,vm_h2_m9_tac_fire_ads
xanim,vm_h2_m9_tac_fire_last
xanim,vm_h2_m9_tac_idle
xanim,vm_h2_m9_tac_inspect
xanim,vm_h2_m9_tac_melee
xanim,vm_h2_m9_tac_raise
xanim,vm_h2_m9_tac_raise_first
xanim,vm_h2_m9_tac_reload
xanim,vm_h2_m9_tac_reload_empty
xanim,vm_h2_m9_tac_sprint_in
xanim,vm_h2_m9_tac_sprint_loop
xanim,vm_h2_m9_tac_sprint_out
xanim,vm_h2_tmp_drop_l
xanim,vm_h2_tmp_drop_r
xanim,vm_h2_tmp_empty_additive_l
xanim,vm_h2_tmp_empty_additive_r
xanim,vm_h2_tmp_fire_ads_l
xanim,vm_h2_tmp_fire_ads_r
xanim,vm_h2_tmp_fire_l
xanim,vm_h2_tmp_fire_last_l
xanim,vm_h2_tmp_fire_last_r
xanim,vm_h2_tmp_fire_r
xanim,vm_h2_tmp_idle_l
xanim,vm_h2_tmp_idle_r
xanim,vm_h2_tmp_inspect_l
xanim,vm_h2_tmp_inspect_r
xanim,vm_h2_tmp_raise_first_l
xanim,vm_h2_tmp_raise_first_r
xanim,vm_h2_tmp_raise_l
xanim,vm_h2_tmp_raise_r
xanim,vm_h2_tmp_reload_empty_l
xanim,vm_h2_tmp_reload_empty_r
xanim,vm_h2_tmp_reload_l
xanim,vm_h2_tmp_reload_r
xanim,vm_h2_tmp_sprint_in_l
xanim,vm_h2_tmp_sprint_in_r
xanim,vm_h2_tmp_sprint_loop_l
xanim,vm_h2_tmp_sprint_loop_r
xanim,vm_h2_tmp_sprint_out_l
xanim,vm_h2_tmp_sprint_out_r
xanim,vm_h2_pp2000_drop_l
xanim,vm_h2_pp2000_drop_r
xanim,vm_h2_pp2000_fire_ads_l
xanim,vm_h2_pp2000_fire_ads_r
xanim,vm_h2_pp2000_fire_l
xanim,vm_h2_pp2000_fire_last_l
xanim,vm_h2_pp2000_fire_last_r
xanim,vm_h2_pp2000_fire_r
xanim,vm_h2_pp2000_idle_l
xanim,vm_h2_pp2000_idle_r
xanim,vm_h2_pp2000_inspect_l
xanim,vm_h2_pp2000_inspect_r
xanim,vm_h2_pp2000_raise_first_l
xanim,vm_h2_pp2000_raise_first_r
xanim,vm_h2_pp2000_raise_l
xanim,vm_h2_pp2000_raise_r
xanim,vm_h2_pp2000_reload_empty_l
xanim,vm_h2_pp2000_reload_empty_r
xanim,vm_h2_pp2000_reload_l
xanim,vm_h2_pp2000_reload_r
xanim,vm_h2_pp2000_sprint_in_l
xanim,vm_h2_pp2000_sprint_in_r
xanim,vm_h2_pp2000_sprint_loop_l
xanim,vm_h2_pp2000_sprint_loop_r
xanim,vm_h2_pp2000_sprint_out_l
xanim,vm_h2_pp2000_sprint_out_r
xanim,vm_h2_glock_drop_l
xanim,vm_h2_glock_drop_r
xanim,vm_h2_glock_empty_additive_l
xanim,vm_h2_glock_empty_additive_r
xanim,vm_h2_glock_fire_ads_l
xanim,vm_h2_glock_fire_ads_r
xanim,vm_h2_glock_fire_l
xanim,vm_h2_glock_fire_last_l
xanim,vm_h2_glock_fire_last_r
xanim,vm_h2_glock_fire_r
xanim,vm_h2_glock_idle_l
xanim,vm_h2_glock_idle_r
xanim,vm_h2_glock_inspect_l
xanim,vm_h2_glock_inspect_r
xanim,vm_h2_glock_raise_first_l
xanim,vm_h2_glock_raise_first_r
xanim,vm_h2_glock_raise_l
xanim,vm_h2_glock_raise_r
xanim,vm_h2_glock_reload_empty_l
xanim,vm_h2_glock_reload_empty_r
xanim,vm_h2_glock_reload_l
xanim,vm_h2_glock_reload_r
xanim,vm_h2_glock_sprint_in_l
xanim,vm_h2_glock_sprint_in_r
xanim,vm_h2_glock_sprint_loop_l
xanim,vm_h2_glock_sprint_loop_r
xanim,vm_h2_glock_sprint_out_l
xanim,vm_h2_glock_sprint_out_r
xanim,vm_h2_deagle_drop_l
xanim,vm_h2_deagle_drop_r
xanim,vm_h2_deagle_empty_additive_l
xanim,vm_h2_deagle_empty_additive_r
xanim,vm_h2_deagle_fire_ads_l
xanim,vm_h2_deagle_fire_ads_r
xanim,vm_h2_deagle_fire_l
xanim,vm_h2_deagle_fire_last_l
xanim,vm_h2_deagle_fire_last_r
xanim,vm_h2_deagle_fire_r
xanim,vm_h2_deagle_idle_l
xanim,vm_h2_deagle_idle_r
xanim,vm_h2_deagle_inspect_l
xanim,vm_h2_deagle_inspect_r
xanim,vm_h2_deagle_raise_first_l
xanim,vm_h2_deagle_raise_first_r
xanim,vm_h2_deagle_raise_l
xanim,vm_h2_deagle_raise_r
xanim,vm_h2_deagle_reload_empty_l
xanim,vm_h2_deagle_reload_empty_r
xanim,vm_h2_deagle_reload_l
xanim,vm_h2_deagle_reload_r
xanim,vm_h2_deagle_sprint_in_l
xanim,vm_h2_deagle_sprint_in_r
xanim,vm_h2_deagle_sprint_loop_l
xanim,vm_h2_deagle_sprint_loop_r
xanim,vm_h2_deagle_sprint_out_l
xanim,vm_h2_deagle_sprint_out_r
xanim,vm_iw4_magnum_drop_l
xanim,vm_iw4_magnum_drop_r
xanim,vm_iw4_magnum_fire_l
xanim,vm_iw4_magnum_fire_r
xanim,vm_iw4_magnum_idle_l
xanim,vm_iw4_magnum_idle_r
xanim,vm_iw4_magnum_inspect_l
xanim,vm_iw4_magnum_inspect_r
xanim,vm_iw4_magnum_raise_l
xanim,vm_iw4_magnum_raise_r
xanim,vm_iw4_magnum_reload_l
xanim,vm_iw4_magnum_reload_r
xanim,vm_iw4_magnum_sprint_in_l
xanim,vm_iw4_magnum_sprint_in_r
xanim,vm_iw4_magnum_sprint_loop_l
xanim,vm_iw4_magnum_sprint_loop_r
xanim,vm_iw4_magnum_sprint_out_l
xanim,vm_iw4_magnum_sprint_out_r
xanim,vm_h2_colt45_drop_l
xanim,vm_h2_colt45_drop_r
xanim,vm_h2_colt45_fire_ads_l
xanim,vm_h2_colt45_fire_ads_r
xanim,vm_h2_colt45_fire_l
xanim,vm_h2_colt45_fire_last_l
xanim,vm_h2_colt45_fire_last_r
xanim,vm_h2_colt45_fire_r
xanim,vm_h2_colt45_idle_l
xanim,vm_h2_colt45_idle_r
xanim,vm_h2_colt45_inspect_l
xanim,vm_h2_colt45_inspect_r
xanim,vm_h2_colt45_raise_first_l
xanim,vm_h2_colt45_raise_first_r
xanim,vm_h2_colt45_raise_l
xanim,vm_h2_colt45_raise_r
xanim,vm_h2_colt45_reload_empty_l
xanim,vm_h2_colt45_reload_empty_r
xanim,vm_h2_colt45_reload_l
xanim,vm_h2_colt45_reload_r
xanim,vm_h2_colt45_sprint_in_l
xanim,vm_h2_colt45_sprint_in_r
xanim,vm_h2_colt45_sprint_loop_l
xanim,vm_h2_colt45_sprint_loop_r
xanim,vm_h2_colt45_sprint_out_l
xanim,vm_h2_colt45_sprint_out_r
xanim,vm_h2_m9_drop_l
xanim,vm_h2_m9_drop_r
xanim,vm_h2_m9_empty_additive_l
xanim,vm_h2_m9_empty_additive_r
xanim,vm_h2_m9_fire_ads_l
xanim,vm_h2_m9_fire_ads_r
xanim,vm_h2_m9_fire_l
xanim,vm_h2_m9_fire_last_l
xanim,vm_h2_m9_fire_last_r
xanim,vm_h2_m9_fire_r
xanim,vm_h2_m9_idle_l
xanim,vm_h2_m9_idle_r
xanim,vm_h2_m9_inspect_l
xanim,vm_h2_m9_inspect_r
xanim,vm_h2_m9_raise_first_l
xanim,vm_h2_m9_raise_first_r
xanim,vm_h2_m9_raise_l
xanim,vm_h2_m9_raise_r
xanim,vm_h2_m9_reload_empty_l
xanim,vm_h2_m9_reload_empty_r
xanim,vm_h2_m9_reload_l
xanim,vm_h2_m9_reload_r
xanim,vm_h2_m9_sprint_in_l
xanim,vm_h2_m9_sprint_in_r
xanim,vm_h2_m9_sprint_loop_l
xanim,vm_h2_m9_sprint_loop_r
xanim,vm_h2_m9_sprint_out_l
xanim,vm_h2_m9_sprint_out_r
xanim,vm_h2_raffica_drop_l
xanim,vm_h2_raffica_drop_r
xanim,vm_h2_raffica_fire_l
xanim,vm_h2_raffica_fire_last_l
xanim,vm_h2_raffica_fire_last_r
xanim,vm_h2_raffica_fire_r
xanim,vm_h2_raffica_idle_l
xanim,vm_h2_raffica_idle_r
xanim,vm_h2_raffica_inspect_l
xanim,vm_h2_raffica_inspect_r
xanim,vm_h2_raffica_raise_l
xanim,vm_h2_raffica_raise_r
xanim,vm_h2_raffica_reload_empty_l
xanim,vm_h2_raffica_reload_empty_r
xanim,vm_h2_raffica_reload_l
xanim,vm_h2_raffica_reload_r
xanim,vm_h2_raffica_sprint_in_l
xanim,vm_h2_raffica_sprint_in_r
xanim,vm_h2_raffica_sprint_loop_l
xanim,vm_h2_raffica_sprint_loop_r
xanim,vm_h2_raffica_sprint_out_l
xanim,vm_h2_raffica_sprint_out_r
xanim,vm_h2_rpd_acog_ads_down
xanim,vm_h2_rpd_acog_ads_up
xanim,vm_h2_rpd_holo_ads_down
xanim,vm_h2_rpd_holo_ads_up
xanim,vm_h2_rpd_reflex_ads_down
xanim,vm_h2_rpd_reflex_ads_up
xanim,vm_h2_rpd_thermal_ads_down
xanim,vm_h2_rpd_thermal_ads_up
xanim,vm_h2_aug_acog_ads_down
xanim,vm_h2_aug_acog_ads_up
xanim,vm_h2_aug_holo_ads_down
xanim,vm_h2_aug_holo_ads_up
xanim,vm_h2_aug_reflex_ads_down
xanim,vm_h2_aug_reflex_ads_up
xanim,vm_h2_aug_scope_ads_down
xanim,vm_h2_aug_scope_ads_up
xanim,vm_h2_aug_thermal_ads_down
xanim,vm_h2_aug_thermal_ads_up
xanim,vm_h2_lsw_acog_ads_down
xanim,vm_h2_lsw_acog_ads_up
xanim,vm_h2_lsw_holo_ads_down
xanim,vm_h2_lsw_holo_ads_up
xanim,vm_h2_lsw_reflex_ads_down
xanim,vm_h2_lsw_reflex_ads_up
xanim,vm_h2_lsw_thermal_ads_down
xanim,vm_h2_lsw_thermal_ads_up
xanim,vm_h2_m240_acog_ads_down
xanim,vm_h2_m240_acog_ads_up
xanim,vm_h2_m240_holo_ads_down
xanim,vm_h2_m240_holo_ads_up
xanim,vm_h2_m240_reflex_ads_down
xanim,vm_h2_m240_reflex_ads_up
xanim,vm_h2_m240_thermal_ads_down
xanim,vm_h2_m240_thermal_ads_up
xanim,vm_h2_mg4_acog_ads_down
xanim,vm_h2_mg4_acog_ads_up
xanim,vm_h2_mg4_holo_ads_down
xanim,vm_h2_mg4_holo_ads_up
xanim,vm_h2_mg4_reflex_ads_down
xanim,vm_h2_mg4_reflex_ads_up
xanim,vm_h2_mg4_thermal_ads_down
xanim,vm_h2_mg4_thermal_ads_up
xanim,vm_h2_aa12_holo_ads_down
xanim,vm_h2_aa12_holo_ads_up
xanim,vm_h2_aa12_reflex_ads_down
xanim,vm_h2_aa12_reflex_ads_up
xanim,vm_h2_spas12_holo_ads_down
xanim,vm_h2_spas12_holo_ads_up
xanim,vm_h2_spas12_reflex_ads_down
xanim,vm_h2_spas12_reflex_ads_up
xanim,vm_h2_m1014_holo_ads_down
xanim,vm_h2_m1014_holo_ads_up
xanim,vm_h2_m1014_reflex_ads_down
xanim,vm_h2_m1014_reflex_ads_up
xanim,vm_h2_striker_holo_ads_down
xanim,vm_h2_striker_holo_ads_up
xanim,vm_h2_striker_reflex_ads_down
xanim,vm_h2_striker_reflex_ads_up
xanim,vm_h2_winchest_holo_ads_down
xanim,vm_h2_winchest_holo_ads_up
xanim,vm_h2_winchest_reflex_ads_down
xanim,vm_h2_winchest_reflex_ads_up
xanim,vm_h2_model1887_drop_l
xanim,vm_h2_model1887_drop_r
xanim,vm_h2_model1887_fire_l
xanim,vm_h2_model1887_fire_r
xanim,vm_h2_model1887_idle_l
xanim,vm_h2_model1887_idle_r
xanim,vm_h2_model1887_inspect_l
xanim,vm_h2_model1887_inspect_r
xanim,vm_h2_model1887_raise_first_l
xanim,vm_h2_model1887_raise_first_r
xanim,vm_h2_model1887_raise_l
xanim,vm_h2_model1887_raise_r
xanim,vm_h2_model1887_rechamber_l
xanim,vm_h2_model1887_rechamber_r
xanim,vm_h2_model1887_reload_end_l
xanim,vm_h2_model1887_reload_end_r
xanim,vm_h2_model1887_reload_loop_l
xanim,vm_h2_model1887_reload_loop_r
xanim,vm_h2_model1887_reload_start_l
xanim,vm_h2_model1887_reload_start_r
xanim,vm_h2_model1887_sprint_in_l
xanim,vm_h2_model1887_sprint_in_r
xanim,vm_h2_model1887_sprint_loop_l
xanim,vm_h2_model1887_sprint_loop_r
xanim,vm_h2_model1887_sprint_out_l
xanim,vm_h2_model1887_sprint_out_r
xanim,h2_wpn_sni_m82_acog_ads_up
xanim,h2_wpn_sni_m82_acog_ads_down
xanim,h2_wpn_sni_m82_thermal_ads_up
xanim,h2_wpn_sni_m82_thermal_ads_down
xanim,h2_wpn_sni_m82_ogscope_ads_up
xanim,h2_wpn_sni_m82_ogscope_ads_down
xanim,h2_wpn_sni_m14ebr_acog_ads_up
xanim,h2_wpn_sni_m14ebr_acog_ads_down
xanim,h2_wpn_sni_m14ebr_thermal_ads_up
xanim,h2_wpn_sni_m14ebr_thermal_ads_down
xanim,h2_wpn_sni_m14ebr_ogscope_ads_up
xanim,h2_wpn_sni_m14ebr_ogscope_ads_down
xanim,h2_wpn_sni_wa2000_acog_ads_up
xanim,h2_wpn_sni_wa2000_acog_ads_down
xanim,h2_wpn_sni_wa2000_thermal_ads_up
xanim,h2_wpn_sni_wa2000_thermal_ads_down
xanim,h2_wpn_sni_wa2000_ogscope_ads_up
xanim,h2_wpn_sni_wa2000_ogscope_ads_down
xanim,vm_iw4_cheytac_acog_ads_up
xanim,vm_iw4_cheytac_acog_ads_down
xanim,vm_iw4_cheytac_thermal_ads_up
xanim,vm_iw4_cheytac_thermal_ads_down
xanim,vm_iw4_cheytac_ogscope_ads_up
xanim,vm_iw4_cheytac_ogscope_ads_down
xanim,vm_h1_ak74u_acog_ads_down
xanim,vm_h1_ak74u_acog_ads_up
xanim,vm_h1_ak74u_holo_ads_down
xanim,vm_h1_ak74u_holo_ads_up
xanim,vm_h1_ak74u_reflex_ads_down
xanim,vm_h1_ak74u_reflex_ads_up
xanim,vm_h1_ak74u_thermal_ads_down
xanim,vm_h1_ak74u_thermal_ads_up
xanim,vm_h2_p90_acog_ads_down
xanim,vm_h2_p90_acog_ads_up
xanim,vm_h2_p90_holo_ads_down
xanim,vm_h2_p90_holo_ads_up
xanim,vm_h2_p90_reflex_ads_down
xanim,vm_h2_p90_reflex_ads_up
xanim,vm_h2_p90_thermal_ads_down
xanim,vm_h2_p90_thermal_ads_up
xanim,vm_h2_mp5k_acog_ads_down
xanim,vm_h2_mp5k_acog_ads_up
xanim,vm_h2_mp5k_holo_ads_down
xanim,vm_h2_mp5k_holo_ads_up
xanim,vm_h2_mp5k_reflex_ads_down
xanim,vm_h2_mp5k_reflex_ads_up
xanim,vm_h2_mp5k_thermal_ads_down
xanim,vm_h2_mp5k_thermal_ads_up
xanim,vm_h2_ump45_acog_ads_down
xanim,vm_h2_ump45_acog_ads_up
xanim,vm_h2_ump45_holo_ads_down
xanim,vm_h2_ump45_holo_ads_up
xanim,vm_h2_ump45_reflex_ads_down
xanim,vm_h2_ump45_reflex_ads_up
xanim,vm_h2_ump45_thermal_ads_down
xanim,vm_h2_ump45_thermal_ads_up
xanim,h2_wpn_smg_p90_acog_ads_down
xanim,h2_wpn_smg_p90_acog_ads_up
xanim,h2_wpn_smg_p90_holo_ads_down
xanim,h2_wpn_smg_p90_holo_ads_up
xanim,h2_wpn_smg_p90_reflex_ads_down
xanim,h2_wpn_smg_p90_reflex_ads_up
xanim,vm_h2_vector_acog_ads_down
xanim,vm_h2_vector_acog_ads_up
xanim,vm_h2_vector_holo_ads_down
xanim,vm_h2_vector_holo_ads_up
xanim,vm_h2_vector_reflex_ads_down
xanim,vm_h2_vector_reflex_ads_up
xanim,vm_h2_vector_thermal_ads_down
xanim,vm_h2_vector_thermal_ads_up
xanim,vm_h2_miniuzi_acog_ads_down
xanim,vm_h2_miniuzi_acog_ads_up
xanim,vm_h2_miniuzi_holo_ads_down
xanim,vm_h2_miniuzi_holo_ads_up
xanim,vm_h2_miniuzi_reflex_ads_down
xanim,vm_h2_miniuzi_reflex_ads_up
xanim,vm_h2_miniuzi_thermal_ads_down
xanim,vm_h2_miniuzi_thermal_ads_up
xanim,vm_h1_ak74u_drop_l
xanim,vm_h1_ak74u_drop_r
xanim,vm_h1_ak74u_fire_l
xanim,vm_h1_ak74u_fire_r
xanim,vm_h1_ak74u_idle_l
xanim,vm_h1_ak74u_idle_r
xanim,vm_h1_ak74u_raise_l
xanim,vm_h1_ak74u_raise_r
xanim,vm_h1_ak74u_reload_empty_l
xanim,vm_h1_ak74u_reload_empty_r
xanim,vm_h1_ak74u_reload_l
xanim,vm_h1_ak74u_reload_r
xanim,vm_h1_ak74u_sprint_in_l
xanim,vm_h1_ak74u_sprint_in_r
xanim,vm_h1_ak74u_sprint_loop_l
xanim,vm_h1_ak74u_sprint_loop_r
xanim,vm_h1_ak74u_sprint_out_l
xanim,vm_h1_ak74u_sprint_out_r
xanim,vm_h2_ump45_drop_l
xanim,vm_h2_ump45_drop_r
xanim,vm_h2_ump45_fire_l
xanim,vm_h2_ump45_fire_r
xanim,vm_h2_ump45_idle_l
xanim,vm_h2_ump45_idle_r
xanim,vm_h2_ump45_raise_l
xanim,vm_h2_ump45_raise_r
xanim,vm_h2_ump45_reload_empty_l
xanim,vm_h2_ump45_reload_empty_r
xanim,vm_h2_ump45_reload_l
xanim,vm_h2_ump45_reload_r
xanim,vm_h2_ump45_sprint_in_l
xanim,vm_h2_ump45_sprint_in_r
xanim,vm_h2_ump45_sprint_loop_l
xanim,vm_h2_ump45_sprint_loop_r
xanim,vm_h2_ump45_sprint_out_l
xanim,vm_h2_ump45_sprint_out_r
xanim,vm_h2_mp5k_drop_l
xanim,vm_h2_mp5k_drop_r
xanim,vm_h2_mp5k_fire_l
xanim,vm_h2_mp5k_fire_r
xanim,vm_h2_mp5k_idle_l
xanim,vm_h2_mp5k_idle_r
xanim,vm_h2_mp5k_raise_l
xanim,vm_h2_mp5k_raise_r
xanim,vm_h2_mp5k_reload_empty_l
xanim,vm_h2_mp5k_reload_empty_r
xanim,vm_h2_mp5k_reload_l
xanim,vm_h2_mp5k_reload_r
xanim,vm_h2_mp5k_sprint_in_l
xanim,vm_h2_mp5k_sprint_in_r
xanim,vm_h2_mp5k_sprint_loop_l
xanim,vm_h2_mp5k_sprint_loop_r
xanim,vm_h2_mp5k_sprint_out_l
xanim,vm_h2_mp5k_sprint_out_r
xanim,vm_h2_miniuzi_drop_l
xanim,vm_h2_miniuzi_drop_r
xanim,vm_h2_miniuzi_fire_l
xanim,vm_h2_miniuzi_fire_r
xanim,vm_h2_miniuzi_fire_last_l
xanim,vm_h2_miniuzi_fire_last_r
xanim,vm_h2_miniuzi_idle_l
xanim,vm_h2_miniuzi_idle_r
xanim,vm_h2_miniuzi_inspect_l
xanim,vm_h2_miniuzi_inspect_r
xanim,vm_h2_miniuzi_raise_l
xanim,vm_h2_miniuzi_raise_r
xanim,vm_h2_miniuzi_reload_empty_l
xanim,vm_h2_miniuzi_reload_empty_r
xanim,vm_h2_miniuzi_reload_l
xanim,vm_h2_miniuzi_reload_r
xanim,vm_h2_miniuzi_sprint_in_l
xanim,vm_h2_miniuzi_sprint_in_r
xanim,vm_h2_miniuzi_sprint_loop_l
xanim,vm_h2_miniuzi_sprint_loop_r
xanim,vm_h2_miniuzi_sprint_out_l
xanim,vm_h2_miniuzi_sprint_out_r
xanim,vm_h2_vector_drop_l
xanim,vm_h2_vector_drop_r
xanim,vm_h2_vector_fire_l
xanim,vm_h2_vector_fire_r
xanim,vm_h2_vector_idle_l
xanim,vm_h2_vector_idle_r
xanim,vm_h2_vector_raise_l
xanim,vm_h2_vector_raise_r
xanim,vm_h2_vector_reload_empty_l
xanim,vm_h2_vector_reload_empty_r
xanim,vm_h2_vector_reload_l
xanim,vm_h2_vector_reload_r
xanim,vm_h2_vector_sprint_in_l
xanim,vm_h2_vector_sprint_in_r
xanim,vm_h2_vector_sprint_loop_l
xanim,vm_h2_vector_sprint_loop_r
xanim,vm_h2_vector_sprint_out_l
xanim,vm_h2_vector_sprint_out_r
xanim,vm_h2_p90_drop_l
xanim,vm_h2_p90_drop_r
xanim,vm_h2_p90_fire_l
xanim,vm_h2_p90_fire_r
xanim,vm_h2_p90_idle_l
xanim,vm_h2_p90_idle_r
xanim,vm_h2_p90_raise_l
xanim,vm_h2_p90_raise_r
xanim,vm_h2_p90_reload_empty_l
xanim,vm_h2_p90_reload_empty_r
xanim,vm_h2_p90_reload_l
xanim,vm_h2_p90_reload_r
xanim,vm_h2_p90_sprint_in_l
xanim,vm_h2_p90_sprint_in_r
xanim,vm_h2_p90_sprint_loop_l
xanim,vm_h2_p90_sprint_loop_r
xanim,vm_h2_p90_sprint_out_l
xanim,vm_h2_p90_sprint_out_r
xanim,vm_h2_acr_gl_bullet_2_grenade
xanim,vm_h2_acr_gl_drop
xanim,vm_h2_acr_gl_fire
xanim,vm_h2_acr_gl_fire_ads
xanim,vm_h2_acr_gl_grenade_2_bullet
xanim,vm_h2_acr_gl_grenade_drop
xanim,vm_h2_acr_gl_grenade_drop_quick
xanim,vm_h2_acr_gl_grenade_fire
xanim,vm_h2_acr_gl_grenade_idle
xanim,vm_h2_acr_gl_grenade_inspect
xanim,vm_h2_acr_gl_grenade_raise
xanim,vm_h2_acr_gl_grenade_raise_quick
xanim,vm_h2_acr_gl_grenade_reload
xanim,vm_h2_acr_gl_grenade_sprint_in
xanim,vm_h2_acr_gl_grenade_sprint_loop
xanim,vm_h2_acr_gl_grenade_sprint_out
xanim,vm_h2_acr_gl_idle
xanim,vm_h2_acr_gl_inspect
xanim,vm_h2_acr_gl_raise
xanim,vm_h2_acr_gl_raise_first
xanim,vm_h2_acr_gl_reload
xanim,vm_h2_acr_gl_reload_empty
xanim,vm_h2_acr_gl_sprint_in
xanim,vm_h2_acr_gl_sprint_loop
xanim,vm_h2_acr_gl_sprint_out
xanim,vm_h2_ak47_gl_bullet_2_grenade
xanim,vm_h2_ak47_gl_drop
xanim,vm_h2_ak47_gl_drop_quick
xanim,vm_h2_ak47_gl_fire
xanim,vm_h2_ak47_gl_fire_ads
xanim,vm_h2_ak47_gl_grenade_2_bullet
xanim,vm_h2_ak47_gl_grenade_drop
xanim,vm_h2_ak47_gl_grenade_drop_quick
xanim,vm_h2_ak47_gl_grenade_fire
xanim,vm_h2_ak47_gl_grenade_idle
xanim,vm_h2_ak47_gl_grenade_inspect
xanim,vm_h2_ak47_gl_grenade_raise
xanim,vm_h2_ak47_gl_grenade_raise_quick
xanim,vm_h2_ak47_gl_grenade_reload
xanim,vm_h2_ak47_gl_grenade_sprint_in
xanim,vm_h2_ak47_gl_grenade_sprint_loop
xanim,vm_h2_ak47_gl_grenade_sprint_out
xanim,vm_h2_ak47_gl_idle
xanim,vm_h2_ak47_gl_inspect
xanim,vm_h2_ak47_gl_raise
xanim,vm_h2_ak47_gl_raise_first
xanim,vm_h2_ak47_gl_raise_quick
xanim,vm_h2_ak47_gl_reload
xanim,vm_h2_ak47_gl_reload_empty
xanim,vm_h2_ak47_gl_sprint_in
xanim,vm_h2_ak47_gl_sprint_loop
xanim,vm_h2_ak47_gl_sprint_out
xanim,vm_h2_m16_gl_bullet_2_grenade
xanim,vm_h2_m16_gl_drop_quick
xanim,vm_h2_m16_gl_fire
xanim,vm_h2_m16_gl_fire_ads
xanim,vm_h2_m16_gl_grenade_2_bullet
xanim,vm_h2_m16_gl_grenade_drop
xanim,vm_h2_m16_gl_grenade_drop_quick
xanim,vm_h2_m16_gl_grenade_fire
xanim,vm_h2_m16_gl_grenade_idle
xanim,vm_h2_m16_gl_grenade_inspect
xanim,vm_h2_m16_gl_grenade_raise
xanim,vm_h2_m16_gl_grenade_raise_quick
xanim,vm_h2_m16_gl_grenade_reload
xanim,vm_h2_m16_gl_grenade_sprint_in
xanim,vm_h2_m16_gl_grenade_sprint_loop
xanim,vm_h2_m16_gl_grenade_sprint_out
xanim,vm_h2_m16_gl_idle
xanim,vm_h2_m16_gl_inspect
xanim,vm_h2_m16_gl_raise
xanim,vm_h2_m16_gl_raise_first
xanim,vm_h2_m16_gl_raise_quick
xanim,vm_h2_m16_gl_reload
xanim,vm_h2_m16_gl_reload_empty
xanim,vm_h2_m16_gl_sprint_in
xanim,vm_h2_m16_gl_sprint_loop
xanim,vm_h2_m16_gl_sprint_out
xanim,vm_h2_m4a1_gl_bullet_2_grenade
xanim,vm_h2_m4a1_gl_drop
xanim,vm_h2_m4a1_gl_drop_quick
xanim,vm_h2_m4a1_gl_fire
xanim,vm_h2_m4a1_gl_fire_ads
xanim,vm_h2_m4a1_gl_grenade_2_bullet
xanim,vm_h2_m4a1_gl_grenade_drop
xanim,vm_h2_m4a1_gl_grenade_drop_quick
xanim,vm_h2_m4a1_gl_grenade_fire
xanim,vm_h2_m4a1_gl_grenade_idle
xanim,vm_h2_m4a1_gl_grenade_inspect
xanim,vm_h2_m4a1_gl_grenade_raise
xanim,vm_h2_m4a1_gl_grenade_raise_quick
xanim,vm_h2_m4a1_gl_grenade_reload
xanim,vm_h2_m4a1_gl_grenade_sprint_in
xanim,vm_h2_m4a1_gl_grenade_sprint_loop
xanim,vm_h2_m4a1_gl_grenade_sprint_out
xanim,vm_h2_m4a1_gl_idle
xanim,vm_h2_m4a1_gl_inspect
xanim,vm_h2_m4a1_gl_raise
xanim,vm_h2_m4a1_gl_raise_first
xanim,vm_h2_m4a1_gl_raise_quick
xanim,vm_h2_m4a1_gl_reload
xanim,vm_h2_m4a1_gl_reload_empty
xanim,vm_h2_m4a1_gl_sprint_in
xanim,vm_h2_m4a1_gl_sprint_loop
xanim,vm_h2_m4a1_gl_sprint_out
xanim,vm_h2_scar_gl_bullet_2_grenade
xanim,vm_h2_scar_gl_drop
xanim,vm_h2_scar_gl_fire
xanim,vm_h2_scar_gl_fire_ads
xanim,vm_h2_scar_gl_fire_ads_last
xanim,vm_h2_scar_gl_fire_last
xanim,vm_h2_scar_gl_grenade_2_bullet
xanim,vm_h2_scar_gl_grenade_drop
xanim,vm_h2_scar_gl_grenade_fire
xanim,vm_h2_scar_gl_grenade_idle
xanim,vm_h2_scar_gl_grenade_inspect
xanim,vm_h2_scar_gl_grenade_raise
xanim,vm_h2_scar_gl_grenade_reload
xanim,vm_h2_scar_gl_grenade_sprint_in
xanim,vm_h2_scar_gl_grenade_sprint_loop
xanim,vm_h2_scar_gl_grenade_sprint_out
xanim,vm_h2_scar_gl_idle
xanim,vm_h2_scar_gl_inspect
xanim,vm_h2_scar_gl_raise
xanim,vm_h2_scar_gl_raise_first
xanim,vm_h2_scar_gl_reload
xanim,vm_h2_scar_gl_reload_empty
xanim,vm_h2_scar_gl_sprint_in
xanim,vm_h2_scar_gl_sprint_loop
xanim,vm_h2_scar_gl_sprint_out
xanim,vm_h2_ak47_sho_drop
xanim,vm_h2_ak47_sho_fire
xanim,vm_h2_ak47_sho_idle
xanim,vm_h2_ak47_sho_inspect
xanim,vm_h2_ak47_sho_raise
xanim,vm_h2_ak47_sho_rechamber
xanim,vm_h2_ak47_sho_reload_end
xanim,vm_h2_ak47_sho_reload_loop
xanim,vm_h2_ak47_sho_reload_start
xanim,vm_h2_ak47_sho_shotgun_2_bullet
xanim,vm_h2_ak47_sho_sprint_in
xanim,vm_h2_ak47_sho_sprint_loop
xanim,vm_h2_ak47_sho_sprint_out
xanim,vm_h2_ak47_shopre_bullet_2_shotgun
xanim,vm_h2_ak47_shopre_drop
xanim,vm_h2_ak47_shopre_drop_quick
xanim,vm_h2_ak47_shopre_fire
xanim,vm_h2_ak47_shopre_fire_ads
xanim,vm_h2_ak47_shopre_idle
xanim,vm_h2_ak47_shopre_inspect
xanim,vm_h2_ak47_shopre_raise
xanim,vm_h2_ak47_shopre_raise_first
xanim,vm_h2_ak47_shopre_raise_quick
xanim,vm_h2_ak47_shopre_reload
xanim,vm_h2_ak47_shopre_reload_empty
xanim,vm_h2_ak47_shopre_sprint_in
xanim,vm_h2_ak47_shopre_sprint_loop
xanim,vm_h2_ak47_shopre_sprint_out
xanim,vm_h2_fal_sho_drop
xanim,vm_h2_fal_sho_fire
xanim,vm_h2_fal_sho_idle
xanim,vm_h2_fal_sho_inspect
xanim,vm_h2_fal_sho_raise
xanim,vm_h2_fal_sho_rechamber
xanim,vm_h2_fal_sho_reload_end
xanim,vm_h2_fal_sho_reload_loop
xanim,vm_h2_fal_sho_reload_start
xanim,vm_h2_fal_sho_shotgun_2_bullet
xanim,vm_h2_fal_sho_sprint_in
xanim,vm_h2_fal_sho_sprint_loop
xanim,vm_h2_fal_sho_sprint_out
xanim,vm_h2_fal_shopre_bullet_2_shotgun
xanim,vm_h2_fal_shopre_drop
xanim,vm_h2_fal_shopre_fire
xanim,vm_h2_fal_shopre_fire_ads
xanim,vm_h2_fal_shopre_idle
xanim,vm_h2_fal_shopre_inspect
xanim,vm_h2_fal_shopre_raise
xanim,vm_h2_fal_shopre_reload
xanim,vm_h2_fal_shopre_reload_empty
xanim,vm_h2_fal_shopre_sprint_in
xanim,vm_h2_fal_shopre_sprint_loop
xanim,vm_h2_fal_shopre_sprint_out
xanim,vm_h2_scar_sho_drop
xanim,vm_h2_scar_sho_fire
xanim,vm_h2_scar_sho_idle
xanim,vm_h2_scar_sho_inspect
xanim,vm_h2_scar_sho_raise
xanim,vm_h2_scar_sho_rechamber
xanim,vm_h2_scar_sho_reload_end
xanim,vm_h2_scar_sho_reload_loop
xanim,vm_h2_scar_sho_reload_start
xanim,vm_h2_scar_sho_shotgun_2_bullet
xanim,vm_h2_scar_sho_sprint_in
xanim,vm_h2_scar_sho_sprint_loop
xanim,vm_h2_scar_sho_sprint_out
xanim,vm_h2_scar_shopre_bullet_2_shotgun
xanim,vm_h2_scar_shopre_drop
xanim,vm_h2_scar_shopre_fire
xanim,vm_h2_scar_shopre_fire_ads
xanim,vm_h2_scar_shopre_fire_ads_last
xanim,vm_h2_scar_shopre_fire_last
xanim,vm_h2_scar_shopre_idle
xanim,vm_h2_scar_shopre_inspect
xanim,vm_h2_scar_shopre_raise
xanim,vm_h2_scar_shopre_raise_first
xanim,vm_h2_scar_shopre_reload
xanim,vm_h2_scar_shopre_reload_empty
xanim,vm_h2_scar_shopre_sprint_in
xanim,vm_h2_scar_shopre_sprint_loop
xanim,vm_h2_scar_shopre_sprint_out
xanim,h2_vm_mp_mantle_21_over
xanim,h2_vm_mp_mantle_21_up
xanim,h2_vm_mp_mantle_27_over
xanim,h2_vm_mp_mantle_27_up
xanim,h2_vm_mp_mantle_33_over
xanim,h2_vm_mp_mantle_33_up
xanim,h2_vm_mp_mantle_39_over
xanim,h2_vm_mp_mantle_39_up
xanim,h2_vm_mp_mantle_45_over
xanim,h2_vm_mp_mantle_45_up
xanim,h2_vm_mp_mantle_51_over
xanim,h2_vm_mp_mantle_51_up
xanim,h2_vm_mp_mantle_57_over
xanim,h2_vm_mp_mantle_57_up
xanim,h2_vm_sp_lau_at4_mantle_33_over
xanim,h2_vm_sp_lau_at4_mantle_33_up
xanim,h2_vm_sp_lau_at4_mantle_39_over
xanim,h2_vm_sp_lau_at4_mantle_39_up
xanim,h2_vm_sp_lau_at4_mantle_45_over
xanim,h2_vm_sp_lau_at4_mantle_45_up
xanim,h2_vm_sp_lau_at4_mantle_51_over
xanim,h2_vm_sp_lau_at4_mantle_51_up
xanim,h2_vm_sp_lau_at4_mantle_57_over
xanim,h2_vm_sp_lau_at4_mantle_57_up
xanim,h2_vm_sp_lau_mantle_33_over
xanim,h2_vm_sp_lau_mantle_33_up
xanim,h2_vm_sp_lau_mantle_39_over
xanim,h2_vm_sp_lau_mantle_39_up
xanim,h2_vm_sp_lau_mantle_45_over
xanim,h2_vm_sp_lau_mantle_45_up
xanim,h2_vm_sp_lau_mantle_51_over
xanim,h2_vm_sp_lau_mantle_51_up
xanim,h2_vm_sp_lau_mantle_57_over
xanim,h2_vm_sp_lau_mantle_57_up
xanim,h2_vm_sp_mantle_33_over_akimbo_l
xanim,h2_vm_sp_mantle_33_over_akimbo_r
xanim,h2_vm_sp_mantle_33_over_m79
xanim,h2_vm_sp_mantle_33_over_masada_hb_close
xanim,h2_vm_sp_mantle_33_over_pistol
xanim,h2_vm_sp_mantle_33_over_spas12
xanim,h2_vm_sp_mantle_33_over_usp
xanim,h2_vm_sp_mantle_33_up_akimbo_l
xanim,h2_vm_sp_mantle_33_up_akimbo_r
xanim,h2_vm_sp_mantle_33_up_m79
xanim,h2_vm_sp_mantle_33_up_masada_hb_close
xanim,h2_vm_sp_mantle_33_up_pistol
xanim,h2_vm_sp_mantle_33_up_spas12
xanim,h2_vm_sp_mantle_33_up_usp
xanim,h2_vm_sp_mantle_39_over_akimbo_l
xanim,h2_vm_sp_mantle_39_over_akimbo_r
xanim,h2_vm_sp_mantle_39_over_m79
xanim,h2_vm_sp_mantle_39_over_masada_hb_close
xanim,h2_vm_sp_mantle_39_over_pistol
xanim,h2_vm_sp_mantle_39_over_spas12
xanim,h2_vm_sp_mantle_39_over_usp
xanim,h2_vm_sp_mantle_39_up_akimbo_l
xanim,h2_vm_sp_mantle_39_up_akimbo_r
xanim,h2_vm_sp_mantle_39_up_m79
xanim,h2_vm_sp_mantle_39_up_masada_hb_close
xanim,h2_vm_sp_mantle_39_up_pistol
xanim,h2_vm_sp_mantle_39_up_spas12
xanim,h2_vm_sp_mantle_39_up_usp
xanim,h2_vm_sp_mantle_45_over_akimbo_l
xanim,h2_vm_sp_mantle_45_over_akimbo_r
xanim,h2_vm_sp_mantle_45_over_m79
xanim,h2_vm_sp_mantle_45_over_masada_hb_close
xanim,h2_vm_sp_mantle_45_over_pistol
xanim,h2_vm_sp_mantle_45_over_spas12
xanim,h2_vm_sp_mantle_45_over_usp
xanim,h2_vm_sp_mantle_45_up_akimbo_l
xanim,h2_vm_sp_mantle_45_up_akimbo_r
xanim,h2_vm_sp_mantle_45_up_m79
xanim,h2_vm_sp_mantle_45_up_masada_hb_close
xanim,h2_vm_sp_mantle_45_up_pistol
xanim,h2_vm_sp_mantle_45_up_spas12
xanim,h2_vm_sp_mantle_45_up_usp
xanim,h2_vm_sp_mantle_51_over_akimbo_l
xanim,h2_vm_sp_mantle_51_over_akimbo_r
xanim,h2_vm_sp_mantle_51_over_m79
xanim,h2_vm_sp_mantle_51_over_masada_hb_close
xanim,h2_vm_sp_mantle_51_over_pistol
xanim,h2_vm_sp_mantle_51_over_spas12
xanim,h2_vm_sp_mantle_51_over_usp
xanim,h2_vm_sp_mantle_51_up_akimbo_l
xanim,h2_vm_sp_mantle_51_up_akimbo_r
xanim,h2_vm_sp_mantle_51_up_m79
xanim,h2_vm_sp_mantle_51_up_masada_hb_close
xanim,h2_vm_sp_mantle_51_up_pistol
xanim,h2_vm_sp_mantle_51_up_spas12
xanim,h2_vm_sp_mantle_51_up_usp
xanim,h2_vm_sp_mantle_57_over_akimbo_l
xanim,h2_vm_sp_mantle_57_over_akimbo_r
xanim,h2_vm_sp_mantle_57_over_m79
xanim,h2_vm_sp_mantle_57_over_masada_hb_close
xanim,h2_vm_sp_mantle_57_over_pistol
xanim,h2_vm_sp_mantle_57_over_spas12
xanim,h2_vm_sp_mantle_57_over_usp
xanim,h2_vm_sp_mantle_57_up_akimbo_l
xanim,h2_vm_sp_mantle_57_up_akimbo_r
xanim,h2_vm_sp_mantle_57_up_m79
xanim,h2_vm_sp_mantle_57_up_masada_hb_close
xanim,h2_vm_sp_mantle_57_up_pistol
xanim,h2_vm_sp_mantle_57_up_spas12
xanim,h2_vm_sp_mantle_57_up_usp
xanim,h2_wpn_eqp_claymore_mantle_33_over
xanim,h2_wpn_eqp_claymore_mantle_33_up
xanim,h2_wpn_eqp_claymore_mantle_39_over
xanim,h2_wpn_eqp_claymore_mantle_39_up
xanim,h2_wpn_eqp_claymore_mantle_45_over
xanim,h2_wpn_eqp_claymore_mantle_45_up
xanim,h2_wpn_eqp_claymore_mantle_51_over
xanim,h2_wpn_eqp_claymore_mantle_51_up
xanim,h2_wpn_eqp_claymore_mantle_57_over
xanim,h2_wpn_eqp_claymore_mantle_57_up
xanim,h2_wpn_melee_bayonet_knife_mantle_33_over
xanim,h2_wpn_melee_bayonet_knife_mantle_33_up
xanim,h2_wpn_melee_bayonet_knife_mantle_39_over
xanim,h2_wpn_melee_bayonet_knife_mantle_39_up
xanim,h2_wpn_melee_bayonet_knife_mantle_45_over
xanim,h2_wpn_melee_bayonet_knife_mantle_45_up
xanim,h2_wpn_melee_bayonet_knife_mantle_51_over
xanim,h2_wpn_melee_bayonet_knife_mantle_51_up
xanim,h2_wpn_melee_bayonet_knife_mantle_57_over
xanim,h2_wpn_melee_bayonet_knife_mantle_57_up
xanim,mp_mantle_16_over_idle
xanim,mp_mantle_16_over_run
xanim,mp_mantle_16_up_idle
xanim,mp_mantle_16_up_run
xanim,mp_mantle_24_over_idle
xanim,mp_mantle_24_over_run
xanim,mp_mantle_24_up_idle
xanim,mp_mantle_24_up_run
xanim,mp_mantle_32_over_idle
xanim,mp_mantle_32_over_run
xanim,mp_mantle_32_up_idle
xanim,mp_mantle_32_up_run
xanim,mp_mantle_40_over_idle
xanim,mp_mantle_40_over_run
xanim,mp_mantle_40_up_idle
xanim,mp_mantle_40_up_run
xanim,mp_mantle_48_over_idle
xanim,mp_mantle_48_over_run
xanim,mp_mantle_48_up_idle
xanim,mp_mantle_48_up_run
xanim,mp_mantle_56_over_idle
xanim,mp_mantle_56_over_run
xanim,mp_mantle_56_up_idle
xanim,mp_mantle_56_up_run
xanim,mp_mantle_64_over_idle
xanim,mp_mantle_64_over_run
xanim,mp_mantle_64_up_idle
xanim,mp_mantle_64_up_run
xanim,viewmodel_sp_mantle_16_over
xanim,viewmodel_sp_mantle_16_up
xanim,viewmodel_sp_mantle_24_over
xanim,viewmodel_sp_mantle_24_up
xanim,viewmodel_sp_mantle_32_over
xanim,viewmodel_sp_mantle_32_up
xanim,viewmodel_sp_mantle_40_over
xanim,viewmodel_sp_mantle_40_up
xanim,viewmodel_sp_mantle_48_over
xanim,viewmodel_sp_mantle_48_up
xanim,viewmodel_sp_mantle_56_over
xanim,viewmodel_sp_mantle_56_up
xanim,viewmodel_sp_mantle_64_over
xanim,viewmodel_sp_mantle_64_up
xanim,vm_crawl_f
rawfile,h2m_attachments
