vertexshader,position_only.hlsl_h2
pixelshader,null.hlsl_h2
vertexshader,vertcol_simple_zp_rvel_nc_noatest.hlsl_h2
pixelshader,vertcol_simple_zp_vel_nc.hlsl_h2
vertexshader,vertcol_simple_zp_svel_nc_noatest.hlsl_h2
vertexshader,vertcol_simple_zp_hidir_nc_noatest.hlsl_h2
pixelshader,vertcol_simple_zp_hidir_nc.hlsl_h2
vertexshader,vertcol_simple_zp_hidir_rvel_nc_noatest.hlsl_h2
pixelshader,vertcol_simple_zp_hidir_vel_nc.hlsl_h2
vertexshader,vertcol_simple_zp_hidir_svel_nc_noatest.hlsl_h2
vertexshader,vertcol_simple_mtlclr_nofog_nc.hlsl_h2
pixelshader,vertcol_shaded_nofog_lin_nc.hlsl_h2
vertexshader,lpo_sm_nofog_l0n_s_tc0n0_nc.hlsl_h2
pixelshader,lpo_sm_nofog_lmpb_l0n_r0c0n0s0om0_nc.hlsl_h2
pixelshader,lpo_sm_nofog_lmpb_l0d_r0c0n0s0om0_nc.hlsl_h2
vertexshader,lpo_sm_nofog_l0d_l0sd_s_tc0n0_nc.hlsl_h2
pixelshader,lpo_sm_nofog_lmpb_l0d_l0sd_r0c0n0s0om0_nc.hlsl_h2
pixelshader,lpo_sm_nofog_lmpb_l0s_r0c0n0s0om0_nc.hlsl_h2
pixelshader,lpo_sm_nofog_lmpb_l0s_l0ss_r0c0n0s0om0_nc.hlsl_h2
pixelshader,lpo_sm_nofog_lmpb_l0s_l0sc_cuc_r0c0n0s0om0_nc.hlsl_h2
pixelshader,lpo_sm_nofog_lmpb_l0o_r0c0n0s0om0_nc.hlsl_h2
pixelshader,lpo_sm_nofog_lmpb_l0o_l0ss_r0c0n0s0om0_nc.hlsl_h2
vertexshader,lpo_sm_nofog_ldbsm_cuc_s_tc0n0_nc.hlsl_h2
pixelshader,lpo_sm_nofog_lmpb_ldbsm_cuc_r0c0n0s0om0_nc.hlsl_h2
pixelshader,lpo_sm_nofog_lmpb_ldb_sunsm_cuc_r0c0n0s0om0_nc.hlsl_h2
vertexshader,lpo_sm_nofog_ldbsm_s_tc0n0_nc.hlsl_h2
pixelshader,lpo_sm_nofog_lmpb_ldbsm_r0c0n0s0om0_nc.hlsl_h2
pixelshader,lpo_sm_nofog_lmpb_ldb_sunsm_r0c0n0s0om0_nc.hlsl_h2
vertexshader,l_point_feo_s_tc0n0_nc.hlsl_h2
pixelshader,l_spot_feo_lmpb_r0c0n0s0om0_nc.hlsl_h2
pixelshader,l_omni_feo_lmpb_r0c0n0s0om0_nc.hlsl_h2
vertexshader,l_point_feo_l0s2_sm_s_tc0n0_nc.hlsl_h2
pixelshader,l_spot_feo_lmpb_l0s2_sm_r0c0n0s0om0_nc.hlsl_h2
pixelshader,l_spot_feo_lmpb_l0s3_cuc_sm_r0c0n0s0om0_nc.hlsl_h2
vertexshader,vertcol_untextured_nc_nofog.hlsl_h2
pixelshader,vertcol_untextured_lin_nc_nofog.hlsl_h2
vertexshader,velocity_sm_nc_vrigid.hlsl_h2
pixelshader,velocity_sm_nc_vrigid.hlsl_h2
vertexshader,velocity_sm_nc_vskinned.hlsl_h2
vertexshader,debug_normals_nc.hlsl_h2
pixelshader,debug_normals_nc_ps.hlsl_h2
vertexshader,instanced_position_only.hlsl_h2
vertexshader,vertcol_simple_zp_i_rvel_nc_noatest.hlsl_h2
vertexshader,vertcol_simple_zp_i_svel_nc_noatest.hlsl_h2
vertexshader,vertcol_simple_zp_i_hidir_nc_noatest.hlsl_h2
vertexshader,vertcol_simple_zp_i_hidir_rvel_nc_noatest.hlsl_h2
vertexshader,vertcol_simple_zp_i_hidir_svel_nc_noatest.hlsl_h2
vertexshader,vertcol_simple_i_mtlclr_nofog_nc.hlsl_h2
vertexshader,lpo_sm_i_nofog_l0n_s_tc0n0_nc.hlsl_h2
vertexshader,lpo_sm_i_nofog_l0d_l0sd_s_tc0n0_nc.hlsl_h2
vertexshader,lpo_sm_i_nofog_ldbsm_cuc_s_tc0n0_nc.hlsl_h2
vertexshader,lpo_sm_i_nofog_ldbsm_s_tc0n0_nc.hlsl_h2
vertexshader,l_point_feo_i_s_tc0n0_nc.hlsl_h2
vertexshader,l_point_feo_l0s2_i_sm_s_tc0n0_nc.hlsl_h2
vertexshader,vertcol_untextured_i_nc_nofog.hlsl_h2
vertexshader,debug_normals_i_nc.hlsl_h2
vertexdecl,pp.7_h2
vertexdecl,pp.f_h2
vertexdecl,pp.fnn.7_h2
vertexdecl,pp.ft0t0.3_h2
vertexdecl,pp.ft0t0.3nn.ftt2.f_h2
vertexdecl,pp.ft0t0.3nn.7tt1.7_h2
techset,m_l_sm_lmpb_r0c0n0sd0om0_nfwpf_h2
image,~h2_lau_rpg7_body_spc-rgb&h2_~6038e6cc
image,h2_lau_rpg7_body_nml
image,~h2_lau_rpg7_body_occ-l
image,h2_lau_rpg7_body_col
image,~envbrdflut_ggx_16-rg
material,m/mtl_wpn_h1_lau_rpg7_body
pixelshader,lpo_sm_nofog_lmpb_l0n_r0c0n0s0os0_nc.hlsl_h2
pixelshader,lpo_sm_nofog_lmpb_l0d_r0c0n0s0os0ct0_nc.hlsl_h2
pixelshader,lpo_sm_nofog_lmpb_l0d_l0sd_r0c0n0s0os0ct0_nc.hlsl_h2
pixelshader,lpo_sm_nofog_lmpb_l0s_r0c0n0s0os0ct0_nc.hlsl_h2
pixelshader,lpo_sm_nofog_lmpb_l0s_l0ss_r0c0n0s0os0ct0_nc.hlsl_h2
pixelshader,lpo_sm_nofog_lmpb_l0s_l0sc_cuc_r0c0n0s0os0_nc.hlsl_h2
pixelshader,lpo_sm_nofog_lmpb_l0o_r0c0n0s0os0ct0_nc.hlsl_h2
pixelshader,lpo_sm_nofog_lmpb_l0o_l0ss_r0c0n0s0os0_nc.hlsl_h2
pixelshader,lpo_sm_nofog_lmpb_ldbsm_cuc_r0c0n0s0os0_nc.hlsl_h2
pixelshader,lpo_sm_nofog_lmpb_ldb_sunsm_cuc_r0c0n0s0os0_nc.hlsl_h2
pixelshader,lpo_sm_nofog_lmpb_ldbsm_r0c0n0s0os0ct0_nc.hlsl_h2
pixelshader,lpo_sm_nofog_lmpb_ldb_sunsm_r0c0n0s0os0ct0_nc.hlsl_h2
pixelshader,l_spot_feo_lmpb_r0c0n0s0os0ct0_nc.hlsl_h2
pixelshader,l_omni_feo_lmpb_r0c0n0s0os0ct0_nc.hlsl_h2
pixelshader,l_spot_feo_lmpb_l0s2_sm_r0c0n0s0os0ct0_nc.hlsl_h2
pixelshader,l_spot_feo_lmpb_l0s3_cuc_sm_r0c0n0s0os0_nc.hlsl_h2
techset,m_l_sm_lmpb_r0c0n0sd0os0_nfwpf_h2
image,~h2_lau_rpg7_sight_spc-r&h2_l~ccb1d161
image,h2_lau_rpg7_sight_nml
image,h2_lau_rpg7_sight_col
material,m/mtl_wpn_h1_lau_rpg7_sights
xmodelsurfs,wpn_h2_lau_rpg7_lodvm100
xmodel,h2_viewmodel_rpg7_base
xmodel,h2_viewmodel_rpg7
image,~h2_lau_rpg7_rocket_spc-rgb&h~c47245a8
image,h2_lau_rpg7_rocket_nml
image,~h2_lau_rpg7_rocket_occ-l
image,h2_lau_rpg7_rocket_col
material,m/mtl_wpn_h1_lau_rpg7_warhead
xmodelsurfs,wpn_h2_lau_rpg7_lod0100
xmodelsurfs,wpn_h2_lau_rpg7_lod2100
xmodelsurfs,wpn_h2_lau_rpg7_lod4100
physpreset,weapon_heavy
xmodel,h2_weapon_rpg7_base
xmodel,h2_weapon_rpg7
vertexshader,position_only.hlsl
pixelshader,null.hlsl
vertexshader,vertcol_simple_zp_rvel_nc_noatest.hlsl
pixelshader,vertcol_simple_zp_vel_nc.hlsl
vertexshader,vertcol_simple_zp_svel_nc_noatest.hlsl
vertexshader,vertcol_simple_zp_hidir_nc_noatest.hlsl
pixelshader,vertcol_simple_zp_hidir_nc.hlsl
vertexshader,vertcol_simple_zp_hidir_rvel_nc_noatest.hlsl
pixelshader,vertcol_simple_zp_hidir_vel_nc.hlsl
vertexshader,vertcol_simple_zp_hidir_svel_nc_noatest.hlsl
vertexshader,vertcol_simple_mtlclr_nofog_nc.hlsl
pixelshader,vertcol_shaded_nofog_lin_nc.hlsl
vertexshader,lpo_sm_mpr_nofog_l0n_s_tc0n0_nc.hlsl
pixelshader,lpo_sm_rim_mpr_nofog_lmpb_l0n_r0c0n0s0om0_nc.hlsl
pixelshader,lpo_sm_rim_mpr_nofog_lmpb_l0d_r0c0n0s0om0_nc.hlsl
vertexshader,lpo_sm_mpr_nofog_l0d_l0sd_s_tc0n0_nc.hlsl
pixelshader,lpo_sm_rim_mpr_nofog_lmpb_l0d_l0sd_r0c0n0s0om0_nc.hlsl
pixelshader,lpo_sm_rim_mpr_nofog_lmpb_l0s_r0c0n0s0om0_nc.hlsl
pixelshader,lpo_sm_rim_mpr_nofog_lmpb_l0s_l0ss_r0c0n0s0om0_nc.hlsl
pixelshader,lpo_sm_rim_mpr_nofog_lmpb_l0s_l0sc_cuc_r0c0n0s0om0_nc.hlsl
pixelshader,lpo_sm_rim_mpr_nofog_lmpb_l0o_r0c0n0s0om0_nc.hlsl
pixelshader,lpo_sm_rim_mpr_nofog_lmpb_l0o_l0ss_r0c0n0s0om0_nc.hlsl
vertexshader,lpo_sm_mpr_nofog_ldbsm_cuc_s_tc0n0_nc.hlsl
pixelshader,lpo_sm_rim_mpr_nofog_lmpb_ldbsm_cuc_r0c0n0s0om0_nc.hlsl
pixelshader,lpo_sm_rim_mpr_nofog_lmpb_ldb_sunsm_cuc_r0c0n0s0om0_nc.hlsl
pixelshader,lpo_sm_rim_mpr_nofog_lmpb_ldbsm_r0c0n0s0om0_nc.hlsl
pixelshader,lpo_sm_rim_mpr_nofog_lmpb_ldb_sunsm_r0c0n0s0om0_nc.hlsl
vertexshader,l_point_feo_s_tc0n0_nc.hlsl
pixelshader,l_spot_feo_lmpb_r0c0n0s0om0_nc.hlsl
pixelshader,l_omni_feo_lmpb_r0c0n0s0om0_nc.hlsl
vertexshader,l_point_feo_l0s2_sm_s_tc0n0_nc.hlsl
pixelshader,l_spot_feo_lmpb_l0s2_sm_r0c0n0s0om0_nc.hlsl
pixelshader,l_spot_feo_lmpb_l0s3_cuc_sm_r0c0n0s0om0_nc.hlsl
vertexshader,l_point_s_tc0n0_nc.hlsl
pixelshader,l_spot_lmpb_r0c0n0s0om0_nc.hlsl
pixelshader,l_omni_lmpb_r0c0n0s0om0_nc.hlsl
vertexshader,l_point_l0s2_sm_s_tc0n0_nc.hlsl
pixelshader,l_spot_lmpb_l0s2_sm_r0c0n0s0om0_nc.hlsl
pixelshader,l_spot_lmpb_l0s3_cuc_sm_r0c0n0s0om0_nc.hlsl
vertexshader,vertcol_untextured_nc_nofog.hlsl
pixelshader,vertcol_untextured_lin_nofog.hlsl
vertexshader,velocity_sm_vrigid.hlsl
pixelshader,velocity_sm_vrigid.hlsl
vertexshader,velocity_sm_vskinned.hlsl
vertexshader,debug_normals_nc.hlsl
pixelshader,debug_normals_ps.hlsl
vertexshader,instanced_position_only.hlsl
vertexshader,vertcol_simple_zp_i_rvel_nc_noatest.hlsl
vertexshader,vertcol_simple_zp_i_svel_nc_noatest.hlsl
vertexshader,vertcol_simple_zp_i_hidir_nc_noatest.hlsl
vertexshader,vertcol_simple_zp_i_hidir_rvel_nc_noatest.hlsl
vertexshader,vertcol_simple_zp_i_hidir_svel_nc_noatest.hlsl
vertexshader,vertcol_simple_i_mtlclr_nofog_nc.hlsl
vertexshader,lpo_sm_i_mpr_nofog_l0n_s_tc0n0_nc.hlsl
vertexshader,lpo_sm_i_mpr_nofog_l0d_l0sd_s_tc0n0_nc.hlsl
vertexshader,lpo_sm_i_mpr_nofog_ldbsm_cuc_s_tc0n0_nc.hlsl
vertexshader,l_point_feo_i_s_tc0n0_nc.hlsl
vertexshader,l_point_feo_l0s2_i_sm_s_tc0n0_nc.hlsl
vertexshader,l_point_i_s_tc0n0_nc.hlsl
vertexshader,l_point_l0s2_i_sm_s_tc0n0_nc.hlsl
vertexshader,vertcol_untextured_i_nc_nofog.hlsl
vertexshader,debug_normals_i_nc.hlsl
vertexdecl,pp.7
vertexdecl,pp.f
vertexdecl,pp.fnn.7
vertexdecl,pp.ft0t0.3
vertexdecl,pp.ft0t0.3nn.ftt2.f
vertexdecl,pp.ft0t0.3nn.7tt1.7
techset,m_l_sm_lmpb_r0c0n0sd0om0_nfwpf_mpr
image,~viewmodel_h1_marines_desert_~10ff70a4
image,viewmodel_h1_marines_desert_nml
image,~viewmodel_h1_marines_desert_occ-l
image,viewmodel_h1_marines_desert_col
material,m/mtl_viewmodel_h1_usmc_desert
xmodelsurfs,vm_h1_desert_marines400
xmodel,viewmodel_base_viewhands
xmodelsurfs,wpn_h2_lau_rpg7_rocket_lodvm100
xmodel,h2_viewmodel_rpg7_rocket
vertexshader,cloak_nofog_l0n_tc0n0_nc_tmq.hlsl
pixelshader,lpo_sm_nofog_lmpb_l0n_r0c0n0s0om0_nc.hlsl
pixelshader,lpo_sm_nofog_lmpb_l0d_r0c0n0s0om0_nc.hlsl
vertexshader,lpo_sm_nofog_l0d_l0sd_s_tc0n0ssr_nc.hlsl
pixelshader,lpo_sm_nofog_lmpb_l0d_l0sd_r0c0n0s0om0_nc.hlsl
pixelshader,lpo_sm_nofog_lmpb_l0s_r0c0n0s0om0_nc.hlsl
pixelshader,lpo_sm_nofog_lmpb_l0s_l0ss_r0c0n0s0om0_nc.hlsl
pixelshader,lpo_sm_nofog_lmpb_l0s_l0sc_cuc_r0c0n0s0om0_nc.hlsl
pixelshader,lpo_sm_nofog_lmpb_l0o_r0c0n0s0om0_nc.hlsl
pixelshader,lpo_sm_nofog_lmpb_l0o_l0ss_r0c0n0s0om0_nc.hlsl
vertexshader,lpo_sm_nofog_ldbsm_cuc_s_tc0n0ssr_nc.hlsl
pixelshader,lpo_sm_nofog_lmpb_ldbsm_cuc_r0c0n0s0om0_nc.hlsl
pixelshader,lpo_sm_nofog_lmpb_ldb_sunsm_cuc_r0c0n0s0om0_nc.hlsl
pixelshader,lpo_sm_nofog_lmpb_ldbsm_r0c0n0s0om0_nc.hlsl
pixelshader,lpo_sm_nofog_lmpb_ldb_sunsm_r0c0n0s0om0_nc.hlsl
vertexshader,cloak_i_nofog_l0n_tc0n0_nc_tmq.hlsl
vertexshader,lpo_sm_i_nofog_l0d_l0sd_s_tc0n0ssr_nc.hlsl
vertexshader,lpo_sm_i_nofog_ldbsm_cuc_s_tc0n0ssr_nc.hlsl
techset,m_l_sm_lmpb_r0c0n0sd0om0_nfwpf
image,~mtl_wpn_h1_knife_base_spc-rg~23ea9d14
image,mtl_wpn_h1_knife_base_nml
image,~mtl_wpn_h1_knife_base_occ-l
image,mtl_wpn_h1_knife_base_col
material,m/mtl_wpn_h1_knife_base
xmodelsurfs,wpn_h1_melee_combat_knife_lodvm100
xmodel,wpn_h1_melee_combat_knife_vm
xmodelsurfs,wpn_h1_melee_combat_knife_lod0101
xmodelsurfs,wpn_h1_melee_combat_knife_lod1100
xmodelsurfs,wpn_h1_melee_combat_knife_lod2100
xmodelsurfs,wpn_h1_melee_combat_knife_lod3100
xmodelsurfs,wpn_h1_melee_combat_knife_lod4100
xmodel,wpn_h1_melee_combat_knife_npc
xanim,h1_wpn_lau_rpg_idle
xanim,h1_wpn_lau_rpg_idle_empty
xanim,h1_wpn_lau_rpg_fire
xanim,h1_wpn_knife_melee_slice
xanim,h1_wpn_knife_melee_stab
xanim,h1_wpn_lau_rpg_reload
xanim,h1_wpn_lau_rpg_pullout
xanim,h1_wpn_lau_rpg_putaway
xanim,h1_wpn_lau_rpg_sprint_in
xanim,h1_wpn_lau_rpg_sprint_loop
xanim,h1_wpn_lau_rpg_sprint_out
xanim,vm_ar_explosion_f
xanim,vm_ar_explosion_r
xanim,vm_ar_explosion_b
xanim,vm_ar_explosion_l
xanim,h1_wpn_lau_mantle_57_up
xanim,h1_wpn_lau_mantle_51_up
xanim,h1_wpn_lau_mantle_45_up
xanim,h1_wpn_lau_mantle_39_up
xanim,h1_wpn_lau_mantle_33_up
xanim,h1_wpn_lau_mantle_57_over
xanim,h1_wpn_lau_mantle_51_over
xanim,h1_wpn_lau_mantle_45_over
xanim,h1_wpn_lau_mantle_39_over
xanim,h1_wpn_lau_mantle_33_over
xanim,h1_wpn_lau_rpg_inspect
xanim,h1_wpn_lau_rpg_ads_up
xanim,h1_wpn_lau_rpg_ads_down
xanim,vm_jump
xanim,vm_land
xanim,vm_land_heavy
xanim,h1_wpn_generic_walk_f
xanim,vm_crawl_in
xanim,h1_wpn_generic_crawl_f
xanim,vm_prone_drop
xanim,h1_wpn_lau_rpg_empty_additive
xanim,h1_vm_mp_mantle_27_up
xanim,h1_vm_mp_mantle_21_up
xanim,h1_vm_mp_mantle_27_over
xanim,h1_vm_mp_mantle_21_over
sndcurve,weapon2
lpfcurve,$default
reverbsendcurve,$default
loaded_sound,h1_foley/wpfoly_at4_raise_v1
sound,weap_rpg_raise_plr
loaded_sound,h1_foley/wpfoly_at4_drop_v1
sound,weap_rpg_drop_plr
sndcurve,$default
loaded_sound,h1_weapons/melee/h2h_knife_stab1
loaded_sound,h1_weapons/melee/h2h_knife_stab2
sound,melee_knife_stab
loaded_sound,h1_foley/wpfoly_rpg_reload_lift_v1
sound,weap_rpg_lift_plr
loaded_sound,h1_foley/wpfoly_rpg_reload_insert_v2
sound,weap_rpg_insert_plr
loaded_sound,h1_foley/wpfoly_rpg_reload_twist_v2
sound,weap_rpg_twist_plr
loaded_sound,h1_weapons/wpn/inspect/wpn_h1_rpg_ins_look_01
sound,wpn_h1_rpg_ins_look_01
loaded_sound,h1_weapons/wpn/inspect/wpn_h1_rpg_ins_look_02
sound,wpn_h1_rpg_ins_look_02
loaded_sound,h1_weapons/wpn/inspect/wpn_h1_rpg_ins_rest
sound,wpn_h1_rpg_ins_rest
loaded_sound,null
sound,
sound,
sound,
sound,
sound,
sound,
sound,
sound,
sound,
sound,
sound,
sound,
sound,
sound,
sound,
sound,
sound,
sound,
sound,
sound,
sound,
sound,
sound,
sound,
sound,
sound,
sound,
vertexshader,vs_vertcol_simple_flf_fog_ems.hlsl
pixelshader,ice_vertcol_simple_hss_flf_tsm_fog_ndw_ems.hlsl
pixelshader,ice_vertcol_simple_hss_flf_fog_ndw_ems.hlsl
vertexshader,vs_vertcol_simple_flf_dfog_ems.hlsl
pixelshader,ice_vertcol_simple_hss_flf_dfog_ndw_ems.hlsl
vertexshader,vertcol_untextured_nofog.hlsl
pixelshader,vertcol_untextured_lin_nc_nofog.hlsl
vertexdecl,pp.fcc0.ft0t0.3
vertexdecl,pp.fcc0.f
techset,effect_blend_ndw_ice
image,shrinking_pebbles_1
material,fx_shrinking_pebbles_1_blend_z0
fx,
fx,
fx,
fx,
fx,
fx,
fx,
fx,
fx,
fx,
fx,
fx,
fx,
fx,
fx,
fx,
vertexshader,vertcol_simple_flf_fog_feo_ems.hlsl_h2
pixelshader,vertcol_simple_hss_flf_add_fog_feo_addblend_ndw_ems.hlsl_h2
vertexshader,zfeather_l0s_flf_fog_feo.hlsl_h2
pixelshader,zfeather_l0s_hss_flf_premul_fog_feo_addblend_ndw.hlsl_h2
vertexshader,vertcol_untextured_nofog.hlsl_h2
vertexdecl,pp.fcc0.ft0t0.3_h2
vertexdecl,pp.fcc0.f_h2
techset,effect_zf_add_ndw_h2
image,smk_white_muzzle_tip
material,fx_smk_white_muzzle_add_atlas_z40_tip
image,fire_puff_top_a
material,fx_fire_puff_top_a_add_atlas_z20
image,h1_og_fire_ball_atlas
material,gfx_fire_ball_atlas_add_z60
fx,fx/muzzleflashes/at4_flash_fire_child
image,fireball_03_tip
material,fx_fireball_03_add_atlas_z3_tip
vertexshader,distortion_scale_eo_legacydst_zf_ui.hlsl_h2
pixelshader,distortion_scale_dat_legacydst_zf_ui.hlsl_h2
vertexshader,distortion_scale_eo_legacydst_zf.hlsl_h2
pixelshader,distortion_scale_dat_legacydst_zf.hlsl_h2
vertexdecl,pp.fcc0.ft0t0.3nn.7_h2
vertexdecl,pp.fcc0.ft0t0.3nn.7tt1.7_h2
techset,distortion_scale_legacydst_zf_eo_dat_h2
image,h1_og_distortion_heat
material,gfx_distortion_heat
fx,fx/muzzleflashes/at4_flash
loaded_sound,foley/weapmvmt/wpn_launcher_pick_up_01
loaded_sound,foley/weapmvmt/wpn_launcher_pick_up_02
loaded_sound,foley/weapmvmt/wpn_launcher_pick_up_03
sound,wpn_launcher_pickup
sound,wpn_launcher_pickup_plr
loaded_sound,foley/weapmvmt/wpn_ammo_pickup_01
loaded_sound,foley/weapmvmt/wpn_ammo_pickup_02
loaded_sound,foley/weapmvmt/wpn_ammo_pickup_03
sound,wpn_ammo_pickup
sound,wpn_ammo_pickup_plr
sndcurve,exponential_40db
loaded_sound,h1_weapons/wpn/rpg/h1_wpn_rpg_trail_near
sound,weap_rpg_loop_close
loaded_sound,h1_weapons/wpn/rpg/h1_wpn_rpg_trail_mid
sound,weap_rpg_loop_med
loaded_sound,h1_weapons/wpn/rpg/h1_wpn_rpg_trail_far
sound,weap_rpg_loop
sndcurve,bell2
loaded_sound,h1_weapons/wpn/rpg/h1_wpn_rpg_npc_tail
sound,weap_rpg_fire_npc_tail
loaded_sound,h1_weapons/wpn/rpg/h1_wpn_rpg_far_01
loaded_sound,h1_weapons/wpn/rpg/h1_wpn_rpg_far_02
sound,weap_rpg_fire_npc_far
loaded_sound,h1_weapons/wpn/rpg/h1_wpn_rpg_mid_01
loaded_sound,h1_weapons/wpn/rpg/h1_wpn_rpg_mid_02
sound,weap_rpg_fire_npc
loaded_sound,h1_weapons/wpn/rpg/wpn_h1_rpg_tail_ext
sndcontext,wpn_int_med
loaded_sound,h1_weapons/wpn/tail_int/wpn_h1_shotgun_tail_int_01
sound,h1_wpn_rpg_tail_plr
loaded_sound,h1_weapons/wpn/sub/wpn_h1_lfe_ar
sound,h1_wpn_rpg_lfe_plr_first
loaded_sound,h1_weapons/wpn/sub/wpn_h1_sub_sniper
sound,h1_wpn_rpg_sub_plr_first
loaded_sound,h1_weapons/wpn/ak74u/wpn_h1_ak74u_punch
sound,h1_wpn_rpg_punch_plr_first
loaded_sound,h1_weapons/wpn/rpg/wpn_h1_rpg_boom_01
sound,h1_wpn_rpg_boom_plr_first
loaded_sound,h1_weapons/wpn/rpg/wpn_h1_rpg_shot_01
loaded_sound,h1_weapons/wpn/rpg/wpn_h1_rpg_shot_02
loaded_sound,h1_weapons/wpn/rpg/wpn_h1_rpg_shot_03
sound,h1_wpn_rpg_plr_first
loaded_sound,weapon/dryfire/wpn_dryfire_lmg_01
loaded_sound,weapon/dryfire/wpn_dryfire_lmg_02
loaded_sound,weapon/dryfire/wpn_dryfire_lmg_03
sound,wpn_dryfire_lmg_npc
sound,wpn_dryfire_lmg_plr
loaded_sound,h1_weapons/melee/melee_swing01
loaded_sound,h1_weapons/melee/melee_swing03
sound,melee_swing_ps_large
loaded_sound,h1_weapons/melee/h2h_knife_swing1
loaded_sound,h1_weapons/melee/h2h_knife_swing2
sound,melee_rpg_swing_plr
loaded_sound,h1_items/night_vision_on
sound,item_nightvision_on_mp
loaded_sound,h1_items/night_vision_off
sound,item_nightvision_off_mp
loaded_sound,foley/weapmvmt/wpn_launcher_raise_01
loaded_sound,foley/weapmvmt/wpn_launcher_raise_02
loaded_sound,foley/weapmvmt/wpn_launcher_raise_03
sound,wpn_launcher_raise
sound,wpn_launcher_raise_plr
loaded_sound,foley/weapmvmt/wpn_launcher_holster_01
loaded_sound,foley/weapmvmt/wpn_launcher_holster_02
loaded_sound,foley/weapmvmt/wpn_launcher_holster_03
sound,wpn_launcher_holster
sound,wpn_launcher_holster_plr
loaded_sound,foley/weapmvmt/wpn_launcher_ads_up_01
loaded_sound,foley/weapmvmt/wpn_launcher_ads_up_02
sound,wpn_launcher_ads_up_plr
loaded_sound,foley/weapmvmt/wpn_launcher_ads_down_01
sound,wpn_launcher_ads_down_plr
vertexshader,unlit_2d_pw.hlsl_h2
pixelshader,unlit_2d.hlsl_h2
techset,2d_h2
image,h1_flechette_reticle
material,reticle_flechette
image,h1_weaponicons_rpg7
material,hud_icon_rpg
vertexshader,lpo_sm_nofog_l0n_tc0_nc.hlsl_h2
pixelshader,lpo_sm_nofog_l0n_r0c0_nc.hlsl_h2
pixelshader,lpo_sm_nofog_l0d_r0c0_nc.hlsl_h2
vertexshader,lpo_sm_nofog_l0d_l0sd_tc0_nc.hlsl_h2
pixelshader,lpo_sm_nofog_l0d_l0sd_r0c0_nc.hlsl_h2
vertexshader,lpo_sm_nofog_l0s_tc0_nc.hlsl_h2
pixelshader,lpo_sm_nofog_l0s_r0c0_nc.hlsl_h2
pixelshader,lpo_sm_nofog_l0s_l0ss_r0c0_nc.hlsl_h2
pixelshader,lpo_sm_nofog_l0s_l0sc_cuc_r0c0_nc.hlsl_h2
pixelshader,lpo_sm_nofog_l0o_r0c0_nc.hlsl_h2
pixelshader,lpo_sm_nofog_l0o_l0ss_r0c0_nc.hlsl_h2
vertexshader,lpo_sm_nofog_ldbsm_cuc_tc0_nc.hlsl_h2
pixelshader,lpo_sm_nofog_ldbsm_cuc_r0c0_nc.hlsl_h2
pixelshader,lpo_sm_nofog_ldb_sunsm_cuc_r0c0_nc.hlsl_h2
pixelshader,lpo_sm_nofog_ldbsm_r0c0_nc.hlsl_h2
pixelshader,lpo_sm_nofog_ldb_sunsm_r0c0_nc.hlsl_h2
vertexshader,l_point_feo_tc0_nc.hlsl_h2
pixelshader,l_spot_feo_r0c0_nc.hlsl_h2
pixelshader,l_omni_feo_r0c0_nc.hlsl_h2
vertexshader,l_point_feo_l0s2_sm_tc0_nc.hlsl_h2
pixelshader,l_spot_feo_l0s2_sm_r0c0_nc.hlsl_h2
pixelshader,l_spot_feo_l0s3_cuc_sm_r0c0_nc.hlsl_h2
vertexshader,lpo_sm_i_nofog_l0n_tc0_nc.hlsl_h2
vertexshader,lpo_sm_i_nofog_l0d_l0sd_tc0_nc.hlsl_h2
vertexshader,lpo_sm_i_nofog_l0s_tc0_nc.hlsl_h2
vertexshader,lpo_sm_i_nofog_ldbsm_cuc_tc0_nc.hlsl_h2
vertexshader,l_point_feo_i_tc0_nc.hlsl_h2
vertexshader,l_point_feo_l0s2_i_sm_tc0_nc.hlsl_h2
vertexdecl,pp.ft0t0.3nn.f_h2
techset,m_l_sm_r0c0_nfwpf_h2
image,$identitynormalmap
image,grey
material,m/lambert1
xmodelsurfs,wpn_h1_lau_rpg7_stow_lod0101
xmodelsurfs,wpn_h1_lau_rpg7_stow_lod1100
xmodelsurfs,wpn_h1_lau_rpg7_stow_lod2100
xmodelsurfs,wpn_h1_lau_rpg7_stow_lod3100
xmodelsurfs,wpn_h1_lau_rpg7_stow_lod4100
xmodel,wpn_h1_lau_rpg7_stow
vertexshader,unlit_2d_pw.hlsl
pixelshader,unlit_2d.hlsl
techset,2d
image,h1_baseicons_equipment_rpg
material,hud_icon_rpg_dpad
xmodelsurfs,wpn_h1_lau_rpg7_projectile_lod0101
xmodelsurfs,wpn_h1_lau_rpg7_projectile_lod1100
xmodelsurfs,wpn_h1_lau_rpg7_projectile_lod2100
xmodelsurfs,wpn_h1_lau_rpg7_projectile_lod3100
xmodelsurfs,wpn_h1_lau_rpg7_projectile_lod4100
physpreset,rpg_proj
xmodel,wpn_h1_lau_rpg7_proj
loaded_sound,h1_weapons/wpn/rpg/h1_wpn_rpg_exp_far_lyr_01
sound,h1_wpn_rpg_far_lyr_01
loaded_sound,h1_weapons/wpn/rpg/h1_wpn_rpg_exp_far_01
loaded_sound,h1_weapons/wpn/rpg/h1_wpn_rpg_exp_far_lyr_02
sound,h1_wpn_rpg_far_lyr_02
loaded_sound,h1_weapons/wpn/rpg/h1_wpn_rpg_exp_far_02
loaded_sound,h1_weapons/wpn/rpg/h1_wpn_rpg_exp_far_lyr_03
sound,h1_wpn_rpg_far_lyr_03
loaded_sound,h1_weapons/wpn/rpg/h1_wpn_rpg_exp_far_03
loaded_sound,h1_weapons/wpn/rpg/h1_wpn_rpg_exp_far_lyr_04
sound,h1_wpn_rpg_far_lyr_04
loaded_sound,h1_weapons/wpn/rpg/h1_wpn_rpg_exp_far_04
sound,h1_wpn_rpg_far
loaded_sound,h1_weapons/wpn/frag/h1_wpn_grenade_lfe_01
loaded_sound,h1_weapons/wpn/frag/h1_wpn_grenade_lfe_02
loaded_sound,h1_weapons/wpn/frag/h1_wpn_grenade_lfe_03
sound,h1_wpn_rpg_lfe
loaded_sound,h1_weapons/wpn/frag/h1_wpn_frag_mid_lyr_01
loaded_sound,h1_weapons/wpn/frag/h1_wpn_frag_mid_lyr_02
loaded_sound,h1_weapons/wpn/frag/h1_wpn_frag_mid_lyr_03
sound,h1_wpn_rpg_mid_lyr
loaded_sound,h1_weapons/wpn/rpg/h1_wpn_rpg_exp_mid_01
loaded_sound,h1_weapons/wpn/rpg/h1_wpn_rpg_exp_mid_02
loaded_sound,h1_weapons/wpn/rpg/h1_wpn_rpg_exp_mid_03
sound,h1_wpn_rpg_mid
sndcurve,h2_09_logarithmic_base3
loaded_sound,h1_weapons/wpn/rpg/h1_wpn_rpg_exp_snap_01
loaded_sound,h1_weapons/wpn/rpg/h1_wpn_rpg_exp_snap_02
loaded_sound,h1_weapons/wpn/rpg/h1_wpn_rpg_exp_snap_03
sound,h1_wpn_rpg_exp_default
vertexshader,zfeather_l0s_flf_tsm_fo_fog.hlsl_h2
pixelshader,zfeather_l0s_hss_flf_tsm_fog_ndw.hlsl_h2
vertexshader,vs_vertcol_simple_flf_fog_fo_ems.hlsl_h2
pixelshader,vertcol_simple_hss_flf_fog_ndw_ems.hlsl_h2
vertexshader,zfeather_l0s_flf_fo_fog.hlsl_h2
pixelshader,zfeather_l0s_hss_flf_fog_ndw.hlsl_h2
techset,effect_zf_falloff_blend_ndw_h2
image,fire_spurt_01_loop_tip
material,fx_fire_spurt_01_loop_blend_atlas_god6585_z4_tip
vertexshader,post_spritelight.hlsl_h2
pixelshader,post_spritelight.hlsl_h2
vertexdecl,pp.7cc0.f_h2
techset,post_spritelight_h2
image,post_spritelight
material,fx_post_light_sprite
vertexshader,vs_disintegrate_vertcol_simple_flf_fog_gtfo_tfa_mask_ems.hlsl_h2
pixelshader,disintegrate_vertcol_simple_hss_flf_tsm_fog_ndw_gtfo_tfa_mask_ems.hlsl_h2
pixelshader,disintegrate_vertcol_simple_hss_flf_fog_ndw_gtfo_tfa_mask_ems.hlsl_h2
techset,effect_gtfalloff_trailfade_blend_ndw_disintegrate_mask_h2
image,smk_missile_trail_mask
image,smk_missile_trail_01
material,fx_smk_missile_trail_01_god_z40_mask_dis_mp
image,smk_white_loop_3
material,fx_smk_white_muzzle_blend_atlas_z20_god
fx,fx/smoke/smoke_geotrail_rpg
sound,
sound,
sound,
sound,
sound,
sound,
sound,
sound,
sound,
sound,
sound,
sound,
sound,
sound,
sound,
sound,
sound,
sound,
sound,
sound,
sound,
sound,
sound,
sound,
sound,
sound,
sound,
fx,
fx,
fx,
fx,
fx,
fx,
fx,
fx,
fx,
fx,
fx,
fx,
fx,
fx,
fx,
fx,
weapon,h2_rpg_mp
pixelshader,lpo_sm_nofog_lmpb_l0n_r0c0n0s0om0os0_nc.hlsl_h2
pixelshader,lpo_sm_nofog_lmpb_l0d_r0c0n0s0om0os0_nc.hlsl_h2
pixelshader,lpo_sm_nofog_lmpb_l0d_l0sd_r0c0n0s0om0os0_nc.hlsl_h2
pixelshader,lpo_sm_nofog_lmpb_l0s_r0c0n0s0om0os0_nc.hlsl_h2
pixelshader,lpo_sm_nofog_lmpb_l0s_l0ss_r0c0n0s0om0os0_nc.hlsl_h2
pixelshader,lpo_sm_nofog_lmpb_l0s_l0sc_cuc_r0c0n0s0om0os0_nc.hlsl_h2
pixelshader,lpo_sm_nofog_lmpb_l0o_r0c0n0s0om0os0_nc.hlsl_h2
pixelshader,lpo_sm_nofog_lmpb_l0o_l0ss_r0c0n0s0om0os0_nc.hlsl_h2
pixelshader,lpo_sm_nofog_lmpb_ldbsm_cuc_r0c0n0s0om0os0_nc.hlsl_h2
pixelshader,lpo_sm_nofog_lmpb_ldb_sunsm_cuc_r0c0n0s0om0os0_nc.hlsl_h2
pixelshader,lpo_sm_nofog_lmpb_ldbsm_r0c0n0s0om0os0_nc.hlsl_h2
pixelshader,lpo_sm_nofog_lmpb_ldb_sunsm_r0c0n0s0om0os0_nc.hlsl_h2
pixelshader,l_spot_feo_lmpb_r0c0n0s0om0os0_nc.hlsl_h2
pixelshader,l_omni_feo_lmpb_r0c0n0s0om0os0_nc.hlsl_h2
pixelshader,l_spot_feo_lmpb_l0s2_sm_r0c0n0s0om0os0_nc.hlsl_h2
pixelshader,l_spot_feo_lmpb_l0s3_cuc_sm_r0c0n0s0om0os0_nc.hlsl_h2
techset,m_l_sm_lmpb_r0c0n0sd0om0os0_nfwpf_h2
image,~wpn_h2_launcher_m79_wood_bas~812ff5ab
image,wpn_h2_launcher_m79_wood_base_nml
image,wpn_h2_launcher_m79_wood_base_col
material,m/mtl_wpn_h2_launcher_m79_wood_base
image,~wpn_h2_launcher_m79_receiver~24d4d67e
image,wpn_h2_launcher_m79_receiver_base_nml
image,~wpn_h2_launcher_m79_receiver~262d3f8d
image,wpn_h2_launcher_m79_receiver_base_col
material,m/mtl_wpn_h2_launcher_m79_receiver_base
image,~wpn_h2_launcher_m79_sight_ba~35902caf
image,wpn_h2_launcher_m79_sight_base_nml
image,~wpn_h2_launcher_m79_sight_base_occ-l
image,wpn_h2_launcher_m79_sight_base_col
material,m/mtl_wpn_h2_launcher_m79_sight_base
xmodelsurfs,wpn_h2_lau_m79_lodvm100
xmodel,h2_viewmodel_m79_base
xmodel,h2_viewmodel_m79
xmodelsurfs,wpn_h2_lau_m79_lod0100
xmodelsurfs,wpn_h2_lau_m79_lod2100
xmodelsurfs,wpn_h2_lau_m79_lod4100
xmodel,h2_weapon_m79_base
xmodel,h2_weapon_m79
vertexshader,trivial_vertcol_simple.hlsl
pixelshader,vertcol_simple_hss_flf_tsm_nofog_ndw_ems.hlsl
pixelshader,vertcol_simple_hss_flf_nofog_ndw_ems.hlsl
techset,mc_effect_blend_nofog_ndw
image,h1_og_missing_fx
material,mc/gfx_missing_fx
xmodelsurfs,fx100
phys_collmap,void
xmodel,h2_viewmodel_knife
xmodel,weapon_parabolic_knife
xanim,h2_wpn_lau_m79_idle
xanim,h2_wpn_lau_m79_fire
xanim,h2_wpn_knife_melee_slice
xanim,h2_wpn_knife_melee_stab
xanim,h2_wpn_lau_m79_reload
xanim,h2_wpn_lau_m79_pullout
xanim,h2_wpn_lau_m79_pullout_first
xanim,h2_wpn_lau_m79_putaway
xanim,h2_wpn_lau_m79_sprint_in
xanim,h2_wpn_lau_m79_sprint_loop
xanim,h2_wpn_lau_m79_sprint_out
xanim,h2_wpn_lau_m79_nvg_puton
xanim,h2_wpn_lau_m79_nvg_takeoff
xanim,h2_wpn_lau_m79_ads_fire
xanim,h2_wpn_lau_m79_blast_impact_front
xanim,h2_vm_sp_blast_impact_right
xanim,h2_vm_sp_blast_impact_back
xanim,h2_wpn_lau_m79_blast_impact_left
xanim,h2_vm_sp_mantle_57_up_m79
xanim,h2_vm_sp_mantle_51_up_m79
xanim,h2_vm_sp_mantle_45_up_m79
xanim,h2_vm_sp_mantle_39_up_m79
xanim,h2_vm_sp_mantle_33_up_m79
xanim,h2_vm_sp_mantle_57_over_m79
xanim,h2_vm_sp_mantle_51_over_m79
xanim,h2_vm_sp_mantle_45_over_m79
xanim,h2_vm_sp_mantle_39_over_m79
xanim,h2_vm_sp_mantle_33_over_m79
xanim,h2_wpn_lau_m79_inspect
xanim,h2_wpn_lau_m79_ads_up
xanim,h2_wpn_lau_m79_ads_down
xanim,h1_wpn_generic_crawl_b
xanim,h2_wpn_lau_m79_empty_add
loaded_sound,weapons/h2/m79/chamber
sound,h2_wpn_m79_foley_plr_chamber
loaded_sound,weapons/h2/m79/clip_in
sound,h2_wpn_m79_foley_plr_clip_in
loaded_sound,weapons/h2/m79/clip_out
sound,h2_wpn_m79_foley_plr_clip_out
sound,h2_wpn_m79_foley_plr_inspect_chamber
sound,h2_wpn_m79_foley_plr_inspect_clip_in
sound,h2_wpn_m79_foley_plr_inspect_clip_out
loaded_sound,weapons/h2/m79/lift
sound,h2_wpn_m79_foley_plr_inspect_lift
loaded_sound,weapons/h2/m79/open
sound,h2_wpn_m79_foley_plr_inspect_open
sound,h2_wpn_m79_foley_plr_lift
sound,h2_wpn_m79_foley_plr_open
loaded_sound,weapons/h2/m79/raise
sound,h2_wpn_m79_foley_plr_raise
loaded_sound,weapons/h2/m79/sight
sound,h2_wpn_m79_foley_plr_sight
sound,
sound,
sound,
sound,
sound,
sound,
sound,
sound,
sound,
sound,
sound,
sound,
sound,
sound,
sound,
sound,
sound,
sound,
sound,
sound,
sound,
sound,
sound,
fx,
fx,
fx,
fx,
fx,
fx,
fx,
fx,
fx,
fx,
fx,
fx,
fx,
fx,
fx,
fx,
vertexshader,distortion_scale_legacydst_zf_ui.hlsl_h2
vertexshader,distortion_scale_legacydst_zf.hlsl_h2
techset,distortion_scale_legacydst_zf_dat_h2
image,h1_og_distortion_ring
material,gfx_distortion_ring_light
vertexshader,vertcol_simple_flf_ems.hlsl_h2
pixelshader,vertcol_simple_hss_flf_add_addblend_ndw_ems.hlsl_h2
vertexshader,zfeather_l0s_flf.hlsl_h2
pixelshader,zfeather_l0s_hss_flf_premul_addblend_ndw.hlsl_h2
techset,effect_zf_add_nofog_ndw_h2
image,explosion_flash_atlas
material,gfx_explosion_flash_atlas
image,h1_og_glow_org
material,gfx_glow_org
fx,fx/muzzleflashes/flash_light_fv_child
vertexshader,zfeather_l0s_flf_tsm_fog_tab.hlsl_h2
pixelshader,zfeather_l0s_hss_flf_tsm_fog_tab_ndw.hlsl_h2
vertexshader,vs_vertcol_simple_flf_fog_tab_ems.hlsl_h2
pixelshader,vertcol_simple_hss_flf_fog_ndw_tab_ems.hlsl_h2
vertexshader,zfeather_l0s_flf_fog_tab.hlsl_h2
pixelshader,zfeather_l0s_hss_flf_fog_tab_ndw.hlsl_h2
vertexdecl,pp.fcc0.ft0t0.3t1t2.3_h2
techset,effect_zf_blend_tab_ndw_h2
material,fx_smk_white_muzzle_blend_atlas_z40_fb_tip
vertexshader,zfeather_l0s_flf_tsm_fog.hlsl_h2
pixelshader,zfeather_l0s_hss_flf_tsm_fog_ndw_wcm.hlsl_h2
vertexshader,vs_vertcol_simple_flf_fog_ems.hlsl_h2
vertexshader,zfeather_l0s_flf_fog.hlsl_h2
pixelshader,zfeather_l0s_hss_flf_fog_ndw_wcm.hlsl_h2
techset,effect_zf_blend_ndw_wcm_h2
image,smk_white_atlas
material,gfx_smk_white_atlas
image,muzzle_flash_round_01_tip
material,fx_muzzle_flash_round_01_add_atlas_z40_tip
material,gfx_distortion_heat_far
fx,fx/muzzleflashes/flash_smoke_fv_child
vertexshader,particle_cloud_sparkf_flf_l0n.hlsl_h2
pixelshader,particle_cloud_sparkf_flf_l0n_premul_ga_lcm.hlsl_h2
techset,particle_cloud_lcm_hss_sparkf_add_ga_h2
image,sparks_blur_hdr
material,sparkfountain_blur_hdr_add_atlas
fx,fx/muzzleflashes/m203_flshview
vertexshader,vertcol_eyeofs_flf_fog_feo_foa_ems.hlsl_h2
vertexshader,zfeather_l0s_flf_foa_fog_feo_eo.hlsl_h2
techset,effect_zf_falloff_add_eo_ndw_h2
material,fx_muzzle_flash_round_01_add_atlas_god_z10_e5_tip
fx,fx/muzzleflashes/light_flash_wv_a
fx,fx/muzzleflashes/light_flash_wv_b
fx,fx/muzzleflashes/light_flash_wv_c
fx,fx/muzzleflashes/heavy
sndcurve,weapon4
loaded_sound,weapons/h2/m79/fire_npc
sound,h2_wpn_m79_npc_close
loaded_sound,weapons/h2/m79/fire_plr
sound,h2_wpn_m79_plr_shot
loaded_sound,h1_weapons/wpn/m203/h1_wpn_m203_dryfire
sound,wpn_dryfire_gl_npc
loaded_sound,weapons/h2/m79/dryfire
sound,h2_wpn_m79_foley_plr_dryfire
sound,melee_swing_large
loaded_sound,h1_items/nightvision_wear_plr_default
sound,nightvision_wear_plr_default
loaded_sound,h1_items/nightvision_remove_plr_default
sound,nightvision_remove_plr_default
loaded_sound,foley/weapmvmt/wpn_med_raise_01
loaded_sound,foley/weapmvmt/wpn_med_raise_02
loaded_sound,foley/weapmvmt/wpn_med_raise_03
sound,wpn_med_raise_plr
loaded_sound,foley/weapmvmt/wpn_med_holster_01
loaded_sound,foley/weapmvmt/wpn_med_holster_02
loaded_sound,foley/weapmvmt/wpn_med_holster_03
sound,wpn_med_holster
sound,wpn_med_holster_plr
sndcurve,weapon_grenadebounce
loaded_sound,h1_weapons/grenade/grenade_bounce_stone01
loaded_sound,h1_weapons/grenade/grenade_bounce_stone02
loaded_sound,h1_weapons/grenade/grenade_bounce_stone03
loaded_sound,h1_weapons/grenade/grenade_bounce_stone04
loaded_sound,h1_weapons/grenade/grenade_bounce_stone05
sound,projectile_bounce_default
loaded_sound,h1_weapons/grenade/grenade_bounce_wood05
loaded_sound,h1_weapons/grenade/grenade_bounce_wood06
loaded_sound,h1_weapons/grenade/grenade_bounce_wood07
sound,projectile_bounce_bark
sound,projectile_bounce_brick
loaded_sound,h1_weapons/grenade/grenade_bounce_earth07
sound,projectile_bounce_carpet
sound,projectile_bounce_cloth
sound,projectile_bounce_concrete
sound,projectile_bounce_dirt
loaded_sound,h1_misc/potato_hit_brick02
sound,projectile_bounce_flesh
loaded_sound,mw3/weapons/grenade/grenade_bounce_stone01
sound,projectile_bounce_foliage_debris
sound,projectile_bounce_glass
sound,projectile_bounce_grass
sound,projectile_bounce_gravel
sound,projectile_bounce_ice
sound,projectile_bounce_metal_solid
sound,projectile_bounce_metal_grate
sound,projectile_bounce_mud
sound,projectile_bounce_paper
sound,projectile_bounce_plaster
sound,projectile_bounce_rock
sound,projectile_bounce_sand
sound,projectile_bounce_snow
loaded_sound,mw3/footsteps/foot_water_shallow1
sound,projectile_bounce_water_waist
loaded_sound,mw3/weapons/grenade/grenade_bounce_wood05
sound,projectile_bounce_wood_solid
sound,projectile_bounce_asphalt
sound,projectile_bounce_ceramic
sound,projectile_bounce_plastic_solid
sound,projectile_bounce_rubber
sound,projectile_bounce_fruit
sound,projectile_bounce_paintedmetal
loaded_sound,mw3/weapons/grenade/grenade_bounce_stone02
loaded_sound,mw3/weapons/grenade/grenade_bounce_stone03
loaded_sound,mw3/weapons/grenade/grenade_bounce_stone04
loaded_sound,mw3/weapons/grenade/grenade_bounce_stone05
sound,projectile_bounce_riotshield
loaded_sound,mw3/weapons/grenade/grenade_bounce_earth07
sound,projectile_bounce_slush
sound,projectile_bounce_asphalt_wet
sound,projectile_bounce_asphalt_debris
sound,projectile_bounce_concrete_wet
sound,projectile_bounce_concrete_debris
sound,projectile_bounce_foliage_vegetation
sound,projectile_bounce_foliage_leaves
sound,projectile_bounce_grass_tall
sound,projectile_bounce_metal_hollow
sound,projectile_bounce_metal_debris
sound,projectile_bounce_metal_vehicle
sound,projectile_bounce_metal_thin
sound,projectile_bounce_metal_wet
sound,projectile_bounce_plastic_hollow
sound,projectile_bounce_plastic_tarp
sound,projectile_bounce_rock_wet
sound,projectile_bounce_rock_debris
sound,projectile_bounce_water_ankle
sound,projectile_bounce_water_knee
sound,projectile_bounce_wood_hollow
sound,projectile_bounce_wood_wet
sound,projectile_bounce_wood_debris
sound,projectile_bounce_cushion
image,~wpn_h1_launch_m203_grenade_s~b003c063
image,wpn_h1_launch_m203_grenade_nml
image,~wpn_h1_launch_m203_grenade_occ-l
image,wpn_h1_launch_m203_grenade_col
material,m/mtl_wpn_h1_launch_m203_grenade
xmodelsurfs,h1_weapon_m203_brass100
xmodel,h1_fx_m203_shell
sound,shell_grenadelauncher_default
fx,vfx/shelleject/shelleject_m203_ground
fx,vfx/shelleject/shelleject_m79
image,h1_m203_reticle
material,reticle_m203
image,h2_weapon_m79
material,hud_icon_m79
xmodelsurfs,wpn_h2_m203_grenade_proj100
xmodelsurfs,wpn_h2_m203_grenade_proj_act1100
physpreset,bottle_plastic
xmodel,projectile_m203grenade
xmodelsurfs,wpn_h1_projectile_m203_grenade100
xmodel,h1_projectile_m203_grenade
fx,fx/impacts/dudimpact_m203
sndcurve,distant_helicopter
loaded_sound,h1_weapons/wpn/frag/h1_wpn_frag_far_lyr_01
sound,h1_wpn_frag_far_lyr_01
loaded_sound,h1_weapons/wpn/frag/h1_wpn_frag_far_01
loaded_sound,h1_weapons/wpn/frag/h1_wpn_frag_far_lyr_02
sound,h1_wpn_frag_far_lyr_02
loaded_sound,h1_weapons/wpn/frag/h1_wpn_frag_far_02
loaded_sound,h1_weapons/wpn/frag/h1_wpn_frag_far_lyr_03
sound,h1_wpn_frag_far_lyr_03
loaded_sound,h1_weapons/wpn/frag/h1_wpn_frag_far_03
loaded_sound,h1_weapons/wpn/frag/h1_wpn_frag_far_lyr_04
sound,h1_wpn_frag_far_lyr_04
loaded_sound,h1_weapons/wpn/frag/h1_wpn_frag_far_04
loaded_sound,h1_weapons/wpn/frag/h1_wpn_frag_far_lyr_05
sound,h1_wpn_frag_far_lyr_05
loaded_sound,h1_weapons/wpn/frag/h1_wpn_frag_far_05
loaded_sound,h1_weapons/wpn/frag/h1_wpn_frag_far_lyr_06
sound,h1_wpn_frag_far_lyr_06
loaded_sound,h1_weapons/wpn/frag/h1_wpn_frag_far_06
loaded_sound,h1_weapons/wpn/frag/h1_wpn_frag_far_lyr_07
sound,h1_wpn_frag_far_lyr_07
loaded_sound,h1_weapons/wpn/frag/h1_wpn_frag_far_07
loaded_sound,h1_weapons/wpn/frag/h1_wpn_frag_far_lyr_08
sound,h1_wpn_frag_far_lyr_08
loaded_sound,h1_weapons/wpn/frag/h1_wpn_frag_far_08
sound,h1_wpn_frag_far
sndcurve,default
sound,h1_wpn_frag_lfe
sndcurve,abrams_scripted_bog_b
loaded_sound,h1_weapons/wpn/frag/h1_wpn_frag_mid_lyr_04
sound,h1_wpn_frag_mid_lyr
loaded_sound,h1_weapons/wpn/frag/h1_wpn_frag_mid_01
loaded_sound,h1_weapons/wpn/frag/h1_wpn_frag_mid_02
loaded_sound,h1_weapons/wpn/frag/h1_wpn_frag_mid_03
loaded_sound,h1_weapons/wpn/frag/h1_wpn_frag_mid_04
loaded_sound,h1_weapons/wpn/frag/h1_wpn_frag_mid_05
loaded_sound,h1_weapons/wpn/frag/h1_wpn_frag_mid_06
loaded_sound,h1_weapons/wpn/frag/h1_wpn_frag_mid_07
loaded_sound,h1_weapons/wpn/frag/h1_wpn_frag_mid_08
loaded_sound,h1_weapons/wpn/frag/h1_wpn_frag_mid_09
loaded_sound,h1_weapons/wpn/frag/h1_wpn_frag_mid_10
sound,h1_wpn_frag_mid
loaded_sound,h1_weapons/wpn/frag/h1_wpn_frag_snap_01
loaded_sound,h1_weapons/wpn/frag/h1_wpn_frag_snap_02
loaded_sound,h1_weapons/wpn/frag/h1_wpn_frag_snap_03
loaded_sound,h1_weapons/wpn/frag/h1_wpn_frag_snap_04
loaded_sound,h1_weapons/wpn/frag/h1_wpn_frag_snap_05
loaded_sound,h1_weapons/wpn/frag/h1_wpn_frag_snap_06
loaded_sound,h1_weapons/wpn/frag/h1_wpn_frag_snap_07
loaded_sound,h1_weapons/wpn/frag/h1_wpn_frag_snap_08
sound,wpn_grenade_exp
loaded_sound,weapons/grenade/grenade_bounce_earth07
sound,grenade_bounce_flesh
vertexshader,zfeather_l0s_flf_tsm_gtfo_tfa_fog.hlsl_h2
pixelshader,zfeather_l0s_hss_flf_tsm_gtfo_tfa_fog_ndw.hlsl_h2
vertexshader,vs_vertcol_simple_flf_fog_gtfo_tfa_ems.hlsl_h2
pixelshader,vertcol_simple_hss_flf_fog_ndw_gtfo_tfa_ems.hlsl_h2
vertexshader,zfeather_l0s_flf_gtfo_tfa_fog.hlsl_h2
pixelshader,zfeather_l0s_hss_flf_gtfo_tfa_fog_ndw.hlsl_h2
techset,effect_zf_gtfalloff_trailfade_blend_ndw_h2
material,fx_smk_missile_trail_01_god8088_z40_sort
techset,effect_zf_blend_ndw_h2
image,smk_white_loop
material,fx_smk_white_loop_blend_atlas_z40
fx,fx/smoke/smoke_geotrail_m203
sound,
sound,
sound,
sound,
sound,
sound,
sound,
sound,
sound,
sound,
sound,
sound,
sound,
sound,
sound,
sound,
sound,
sound,
sound,
sound,
sound,
sound,
sound,
fx,
fx,
fx,
fx,
fx,
fx,
fx,
fx,
fx,
fx,
fx,
fx,
fx,
fx,
fx,
fx,
weapon,h2_m79_mp
pixelshader,vertcol_shaded_nofog_lin_dc1dn1ds1dg1dna1_nc.hlsl
vertexshader,lpo_sm_nofog_dn_ds_l0n_s_tc0n0_nc.hlsl
pixelshader,lpo_sm_nofog_dc1dn1ds1dg1dna1_lmpb_l0n_r0c0n0s0om0_nc.hlsl
pixelshader,lpo_sm_nofog_dc1dn1ds1dg1dna1_lmpb_l0d_r0c0n0s0om0_nc.hlsl
vertexshader,lpo_sm_nofog_dn_ds_l0d_l0sd_s_tc0n0_nc.hlsl
pixelshader,lpo_sm_nofog_dc1dn1ds1dg1dna1_lmpb_l0d_l0sd_r0c0n0s0om0_nc.hlsl
pixelshader,lpo_sm_nofog_dc1dn1ds1dg1dna1_lmpb_l0s_r0c0n0s0om0_nc.hlsl
pixelshader,lpo_sm_nofog_dc1dn1ds1dg1dna1_lmpb_l0s_l0ss_r0c0n0s0om0_nc.hlsl
pixelshader,lpo_sm_nofog_dc1dn1ds1dg1dna1_lmpb_l0s_l0sc_cuc_r0c0n0s0om0_nc.hlsl
pixelshader,lpo_sm_nofog_dc1dn1ds1dg1dna1_lmpb_l0o_r0c0n0s0om0_nc.hlsl
pixelshader,lpo_sm_nofog_dc1dn1ds1dg1dna1_lmpb_l0o_l0ss_r0c0n0s0om0_nc.hlsl
vertexshader,lpo_sm_nofog_dn_ds_ldbsm_cuc_s_tc0n0_nc.hlsl
pixelshader,lpo_sm_nofog_dc1dn1ds1dg1dna1_lmpb_ldbsm_cuc_r0c0n0s0om0_nc.hlsl
pixelshader,lpo_sm_nofog_dc1dn1ds1dg1dna1_lmpb_ldb_sunsm_cuc_r0c0n0s0om0_nc.hlsl
pixelshader,lpo_sm_nofog_dc1dn1ds1dg1dna1_lmpb_ldbsm_r0c0n0s0om0_nc.hlsl
pixelshader,lpo_sm_nofog_dc1dn1ds1dg1dna1_lmpb_ldb_sunsm_r0c0n0s0om0_nc.hlsl
pixelshader,l_spot_feo_dc1dn1ds1dg1dna1_lmpb_r0c0n0s0om0_nc.hlsl
pixelshader,l_omni_feo_dc1dn1ds1dg1dna1_lmpb_r0c0n0s0om0_nc.hlsl
pixelshader,l_spot_feo_dc1dn1ds1dg1dna1_lmpb_l0s2_sm_r0c0n0s0om0_nc.hlsl
pixelshader,l_spot_feo_dc1dn1ds1dg1dna1_lmpb_l0s3_cuc_sm_r0c0n0s0om0_nc.hlsl
pixelshader,l_spot_dc1dn1ds1dg1dna1_lmpb_r0c0n0s0om0_nc.hlsl
pixelshader,l_omni_dc1dn1ds1dg1dna1_lmpb_r0c0n0s0om0_nc.hlsl
pixelshader,l_spot_dc1dn1ds1dg1dna1_lmpb_l0s2_sm_r0c0n0s0om0_nc.hlsl
pixelshader,l_spot_dc1dn1ds1dg1dna1_lmpb_l0s3_cuc_sm_r0c0n0s0om0_nc.hlsl
vertexshader,lpo_sm_i_nofog_dn_ds_l0n_s_tc0n0_nc.hlsl
vertexshader,lpo_sm_i_nofog_dn_ds_l0d_l0sd_s_tc0n0_nc.hlsl
vertexshader,lpo_sm_i_nofog_dn_ds_ldbsm_cuc_s_tc0n0_nc.hlsl
techset,m_l_sm_lmpb_dc1dn1ds1dg1dna1_r0c0n0sd0om0_nfwpf
image,camo_transparent_col
image,~mtl_wpn_h2_lau_at4_3_base_sp~acd56ca8
image,mtl_wpn_h2_lau_at4_3_base_nml
image,camo_nml
image,~mtl_wpn_h2_lau_at4_3_base_occ-l
image,mtl_wpn_h2_lau_at4_3_base_col
image,i_h2_at4_base3_m
image,~camo_spcmaps_01_spc-rgb&camo~b29a8732
material,m/mtl_wpn_h2_lau_at4_3_base_camo
image,~mtl_wpn_h2_lau_at4_4_base_sp~a5f72399
image,mtl_wpn_h2_lau_at4_4_base_nml
image,~mtl_wpn_h2_lau_at4_4_base_occ-l
image,mtl_wpn_h2_lau_at4_4_base_col
image,i_h2_at4_base4_m
material,m/mtl_wpn_h2_lau_at4_4_base_camo
image,~mtl_wpn_h2_lau_at4_1_base_sp~06e85e9e
image,mtl_wpn_h2_lau_at4_1_base_nml
image,~mtl_wpn_h2_lau_at4_1_base_occ-l
image,mtl_wpn_h2_lau_at4_1_base_col
image,i_h2_at4_base1_m
material,m/mtl_wpn_h2_lau_at4_1_base_camo
vertexshader,vertcol_simple_mtlclr_fog_nc.hlsl_h2
pixelshader,vertcol_shaded_fog_ndw_lin_nc.hlsl_h2
vertexshader,lpo_sm_fog_l0n_s_tc0n0_nc_feo.hlsl_h2
pixelshader,lpo_sm_fog_lmpb_l0n_a0c0n0s0_nc_feo.hlsl_h2
pixelshader,lpo_sm_fog_lmpb_l0d_a0c0n0s0_nc_feo.hlsl_h2
vertexshader,lpo_sm_fog_l0d_l0sd_s_tc0n0_nc_feo.hlsl_h2
pixelshader,lpo_sm_fog_lmpb_l0d_l0sd_a0c0n0s0_nc_feo.hlsl_h2
pixelshader,lpo_sm_fog_lmpb_l0s_a0c0n0s0_nc_feo.hlsl_h2
pixelshader,lpo_sm_fog_lmpb_l0s_l0ss_a0c0n0s0_nc_feo.hlsl_h2
pixelshader,lpo_sm_fog_lmpb_l0o_a0c0n0s0_nc_feo.hlsl_h2
vertexshader,lpo_sm_fog_ldbsm_s_tc0n0_nc_feo.hlsl_h2
pixelshader,lpo_sm_fog_lmpb_ldbsm_a0c0n0s0_nc_feo.hlsl_h2
pixelshader,lpo_sm_fog_lmpb_ldb_sunsm_a0c0n0s0_nc_feo.hlsl_h2
pixelshader,l_spot_feo_lmpb_a0c0n0s0_nc.hlsl_h2
pixelshader,l_omni_feo_lmpb_a0c0n0s0_nc.hlsl_h2
pixelshader,l_spot_feo_lmpb_l0s2_sm_a0c0n0s0_nc.hlsl_h2
vertexshader,vertcol_simple_i_mtlclr_fog_nc.hlsl_h2
vertexshader,lpo_sm_i_fog_l0n_s_tc0n0_nc_feo.hlsl_h2
vertexshader,lpo_sm_i_fog_l0d_l0sd_s_tc0n0_nc_feo.hlsl_h2
vertexshader,lpo_sm_i_fog_ldbsm_s_tc0n0_nc_feo.hlsl_h2
techset,m_l_sm_lmpb_a0c0n0sd0_cltrans_h2
image,~$white-r32g32b32&mtl_wpn_h2_~49add398
image,mtl_wpn_h2_lau_at4_transp_nml
image,mtl_wpn_h2_lau_at4_transp_col
material,m/mtl_wpn_h2_lau_at4_transp_base
image,~mtl_wpn_h2_lau_at4_2_base_sp~50691b24
image,mtl_wpn_h2_lau_at4_2_base_nml
image,~mtl_wpn_h2_lau_at4_2_base_occ-l
image,mtl_wpn_h2_lau_at4_2_base_col
image,i_h2_at4_base2_m
material,m/mtl_wpn_h2_lau_at4_2_base_camo
xmodelsurfs,h2_wpn_launcher_at4_lodvm100
xmodel,h2_viewmodel_at4_base
xmodel,h2_viewmodel_at4
xmodelsurfs,h2_wpn_launcher_at4_lod0100
xmodelsurfs,h2_wpn_launcher_at4_lod3100
xmodel,h2_weapon_at4_base
xmodel,h2_weapon_at4
xanim,h2_wpn_lau_at4_idle
xanim,h2_wpn_lau_at4_fire
xanim,viewmodel_knife_melee_slice
xanim,viewmodel_knife_melee_stab
xanim,h2_wpn_lau_at4_pullout
xanim,h2_wpn_lau_at4_first_pullout
xanim,h2_wpn_lau_at4_breach
xanim,h2_wpn_lau_at4_putaway
xanim,h2_wpn_lau_at4_quick_pullout
xanim,h2_wpn_lau_at4_quick_putaway
xanim,h2_wpn_lau_at4_empty_putaway
xanim,h2_wpn_lau_at4_sprint_in
xanim,h2_wpn_lau_at4_sprint_loop
xanim,h2_wpn_lau_at4_sprint_out
xanim,h2_wpn_lau_at4_nvg_puton
xanim,h2_wpn_lau_at4_nvg_takeoff
xanim,h2_wpn_lau_at4_ads_fire
xanim,h2_wpn_lau_at4_blast_impact_front
xanim,h2_wpn_lau_at4_blast_impact_left
xanim,h2_vm_sp_lau_at4_mantle_57_up
xanim,h2_vm_sp_lau_at4_mantle_51_up
xanim,h2_vm_sp_lau_at4_mantle_45_up
xanim,h2_vm_sp_lau_at4_mantle_39_up
xanim,h2_vm_sp_lau_at4_mantle_33_up
xanim,h2_vm_sp_lau_at4_mantle_57_over
xanim,h2_vm_sp_lau_at4_mantle_51_over
xanim,h2_vm_sp_lau_at4_mantle_45_over
xanim,h2_vm_sp_lau_at4_mantle_39_over
xanim,h2_vm_sp_lau_at4_mantle_33_over
xanim,h2_wpn_lau_at4_inspect
xanim,h2_wpn_lau_at4_ads_up
xanim,h2_wpn_lau_at4_ads_down
xanim,h2_wpn_lau_at4_crawl_f
xanim,h2_wpn_lau_at4_crawl_b
xanim,h2_vm_mp_mantle_27_up
xanim,h2_vm_mp_mantle_21_up
xanim,h2_vm_mp_mantle_27_over
xanim,h2_vm_mp_mantle_21_over
loaded_sound,h1_foley/wpfoly_at4_raise_first_v1
sound,weap_at4_raise_first_plr
sound,weap_at4_raise_plr
sound,weap_at4_drop_plr
sound,h2_at4_ins_look_01
sound,h2_at4_ins_look_02
sound,
sound,
sound,
sound,
sound,
sound,
sound,
sound,
sound,
sound,
sound,
sound,
sound,
sound,
sound,
sound,
sound,
sound,
sound,
sound,
sound,
sound,
sound,
sound,
sound,
sound,
sound,
sound,
sound,
sound,
fx,
fx,
fx,
fx,
fx,
fx,
fx,
fx,
fx,
fx,
fx,
fx,
fx,
fx,
fx,
fx,
sound,h1_wpn_stinger_pickup
loaded_sound,foley/weapmvmt/h1_wpn_stinger_pickup_plr
sound,h1_wpn_stinger_pickup_plr
sound,mtl_pipe_hit_default
sound,mtl_pipe_hit_bark
sound,mtl_pipe_hit_brick
sound,mtl_pipe_hit_carpet
sound,mtl_pipe_hit_cloth
sound,mtl_pipe_hit_concrete
sound,mtl_pipe_hit_dirt
sound,mtl_pipe_hit_flesh
sound,mtl_pipe_hit_foliage_debris
sound,mtl_pipe_hit_glass
sound,mtl_pipe_hit_grass
sound,mtl_pipe_hit_gravel
sound,mtl_pipe_hit_ice
sound,mtl_pipe_hit_metal_solid
sound,mtl_pipe_hit_metal_grate
sound,mtl_pipe_hit_mud
sound,mtl_pipe_hit_paper
sound,mtl_pipe_hit_plaster
sound,mtl_pipe_hit_rock
sound,mtl_pipe_hit_sand
sound,mtl_pipe_hit_snow
sound,mtl_pipe_hit_water_waist
sound,mtl_pipe_hit_wood_solid
sound,mtl_pipe_hit_asphalt
sound,mtl_pipe_hit_ceramic
sound,mtl_pipe_hit_plastic_solid
sound,mtl_pipe_hit_rubber
sound,mtl_pipe_hit_fruit
sound,mtl_pipe_hit_paintedmetal
sound,mtl_pipe_hit_riotshield
sound,mtl_pipe_hit_slush
sound,mtl_pipe_hit_asphalt_wet
sound,mtl_pipe_hit_asphalt_debris
sound,mtl_pipe_hit_concrete_wet
sound,mtl_pipe_hit_concrete_debris
sound,mtl_pipe_hit_foliage_vegetation
sound,mtl_pipe_hit_foliage_leaves
sound,mtl_pipe_hit_grass_tall
sound,mtl_pipe_hit_metal_hollow
sound,mtl_pipe_hit_metal_vehicle
sound,mtl_pipe_hit_metal_thin
sound,mtl_pipe_hit_metal_wet
sound,mtl_pipe_hit_metal_debris
sound,mtl_pipe_hit_plastic_hollow
sound,mtl_pipe_hit_plastic_tarp
sound,mtl_pipe_hit_rock_wet
sound,mtl_pipe_hit_rock_debris
sound,mtl_pipe_hit_water_ankle
sound,mtl_pipe_hit_water_knee
sound,mtl_pipe_hit_wood_hollow
sound,mtl_pipe_hit_wood_wet
sound,mtl_pipe_hit_wood_debris
sound,mtl_pipe_hit_cushion
image,h2_weapon_at4
material,hud_icon_at4
phys_collmap,weapon_at4
image,~mtl_wpn_h2_lau_at4_bullet_sp~cac7ff9a
image,mtl_wpn_h2_lau_at4_bullet_nml
image,~mtl_wpn_h2_lau_at4_bullet_occ-l
image,mtl_wpn_h2_lau_at4_bullet_col
material,m/mtl_wpn_h2_lau_at4_projectile_base
xmodelsurfs,h2_at4_projectile_lod0101
xmodelsurfs,h2_at4_projectile_lod1100
xmodelsurfs,h2_at4_projectile_lod3101
physpreset,propane_tank
xmodel,weapon_at4_projectile
image,~mtl_wpn_h1_launch_javelin_mi~0234539e
image,mtl_wpn_h1_launch_javelin_missile_nml
image,~mtl_wpn_h1_launch_javelin_mi~21a4afe8
image,mtl_wpn_h1_launch_javelin_missile_col
material,m/mtl_wpn_h1_launch_javelin_missile
xmodelsurfs,h2_projectile_javelin_missile_lod0100
phys_collmap,projectile_javelin_missile
physpreset,projectile_sidewinder_missile
xmodel,projectile_javelin_missile
fx,fx/impacts/dudimpact_javelin
loaded_sound,h1_explosions/mtl_pipe_burst1
loaded_sound,h1_explosions/mtl_pipe_burst2
loaded_sound,h1_explosions/mtl_pipe_burst3
loaded_sound,h1_explosions/mtl_pipe_burst4
sound,mtl_pipe_hit
sound,
sound,
sound,
sound,
sound,
sound,
sound,
sound,
sound,
sound,
sound,
sound,
sound,
sound,
sound,
sound,
sound,
sound,
sound,
sound,
sound,
sound,
sound,
sound,
sound,
sound,
sound,
sound,
sound,
sound,
fx,
fx,
fx,
fx,
fx,
fx,
fx,
fx,
fx,
fx,
fx,
fx,
fx,
fx,
fx,
fx,
material,h2hud_icon_at4
weapon,at4_mp
vertexshader,vertcol_simple_mtlclr_nofog.hlsl
pixelshader,vertcol_shaded_nofog_lin.hlsl
vertexshader,lpo_sm_nofog_l0s_tc0.hlsl
pixelshader,lpo_sm_nofog_l0n_r0c0s0.hlsl
pixelshader,lpo_sm_nofog_l0d_r0c0s0.hlsl
vertexshader,lpo_sm_nofog_l0d_l0sd_tc0.hlsl
pixelshader,lpo_sm_nofog_l0d_l0sd_r0c0s0.hlsl
pixelshader,lpo_sm_nofog_l0s_r0c0s0.hlsl
pixelshader,lpo_sm_nofog_l0s_l0ss_r0c0s0.hlsl
pixelshader,lpo_sm_nofog_l0s_l0sc_cuc_r0c0s0.hlsl
pixelshader,lpo_sm_nofog_l0o_r0c0s0.hlsl
pixelshader,lpo_sm_nofog_l0o_l0ss_r0c0s0.hlsl
vertexshader,lpo_sm_nofog_ldbsm_cuc_tc0.hlsl
pixelshader,lpo_sm_nofog_ldbsm_cuc_r0c0s0.hlsl
pixelshader,lpo_sm_nofog_ldb_sunsm_cuc_r0c0s0.hlsl
pixelshader,lpo_sm_nofog_ldbsm_r0c0s0.hlsl
pixelshader,lpo_sm_nofog_ldb_sunsm_r0c0s0.hlsl
vertexshader,l_point_feo_tc0.hlsl
pixelshader,l_spot_feo_r0c0s0.hlsl
pixelshader,l_omni_feo_r0c0s0.hlsl
vertexshader,l_point_feo_l0s2_sm_tc0.hlsl
pixelshader,l_spot_feo_l0s2_sm_r0c0s0.hlsl
pixelshader,l_spot_feo_l0s3_cuc_sm_r0c0s0.hlsl
vertexshader,l_point_tc0.hlsl
pixelshader,l_spot_r0c0s0.hlsl
pixelshader,l_omni_r0c0s0.hlsl
vertexshader,l_point_l0s2_sm_tc0.hlsl
pixelshader,l_spot_l0s2_sm_r0c0s0.hlsl
pixelshader,l_spot_l0s3_cuc_sm_r0c0s0.hlsl
vertexshader,debug_normals.hlsl
vertexshader,vertcol_simple_i_mtlclr_nofog.hlsl
vertexshader,lpo_sm_i_nofog_l0s_tc0.hlsl
vertexshader,lpo_sm_i_nofog_l0d_l0sd_tc0.hlsl
vertexshader,lpo_sm_i_nofog_ldbsm_cuc_tc0.hlsl
vertexshader,l_point_feo_i_tc0.hlsl
vertexshader,l_point_feo_l0s2_i_sm_tc0.hlsl
vertexshader,l_point_i_tc0.hlsl
vertexshader,l_point_l0s2_i_sm_tc0.hlsl
vertexshader,vertcol_untextured_i_nofog.hlsl
vertexshader,debug_normals_i.hlsl
vertexdecl,pp.fcc0.ft0t0.3nn.f
vertexdecl,pp.fcc0.ft0t0.3nn.7tt1.7
techset,mc_l_sm_r0c0sd0_nfwpf
image,~h1_og_white-rgb&h1_og_white-l-67
image,h1_og_black_8x8
material,mc/mtl_test_sphere_silver_lores
xmodelsurfs,h1_og_viewmodel_default100
xmodel,viewmodel_default
image,i_infect_arm_s
image,i_infect_arm_n
image,i_infect_arm_o
image,i_infect_arm_c
material,m/mtl_infect_arm
xmodelsurfs,viewhands_infect_lod0
xmodel,viewhands_infect
xanim,vm_t6_infect_idle
xanim,vm_t6_infect_swipe
xanim,vm_t6_infect_stab
xanim,vm_t6_infect_raise
xanim,vm_t6_infect_drop
xanim,vm_t6_infect_sprint_in
xanim,vm_t6_infect_sprint_loop
xanim,vm_t6_infect_sprint_out
xanim,vm_t6_infect_inspect
xanim,vm_t6_infect_ads_up
xanim,h1_wpn_melee_crawl_f
sound,
sound,
sound,
sound,
sound,
sound,
sound,
sound,
sound,
sound,
sound,
sound,
sound,
sound,
sound,
sound,
sound,
sound,
sound,
sound,
sound,
sound,
sound,
sound,
sound,
sound,
sound,
sound,
sound,
sound,
sound,
sound,
sound,
sound,
sound,
sound,
fx,
fx,
fx,
fx,
fx,
fx,
fx,
fx,
fx,
fx,
fx,
fx,
fx,
fx,
fx,
fx,
loaded_sound,h1_misc/mwr_weap_pickup
sound,weap_pickup
sound,null
sound,wpn_med_raise
loaded_sound,foley/weapmvmt/wpn_med_ads_up_01
loaded_sound,foley/weapmvmt/wpn_med_ads_up_02
sound,wpn_med_ads_up_plr
loaded_sound,foley/weapmvmt/wpn_med_ads_down_01
loaded_sound,foley/weapmvmt/wpn_med_ads_down_02
sound,wpn_med_ads_down_plr
image,reticle_zombie
material,reticle_zombie
pixelshader,vertcol_simple_cso_hss_slf_flf_add_ct_addblend_ndw_ems.hlsl
techset,effect_cso_hss_add_slf_ct_nofog_ndw
image,tracer#0
material,fx_tracer
tracer,defaulttracer
sound,
sound,
sound,
sound,
sound,
sound,
sound,
sound,
sound,
sound,
sound,
sound,
sound,
sound,
sound,
sound,
sound,
sound,
sound,
sound,
sound,
sound,
sound,
sound,
sound,
sound,
sound,
sound,
sound,
sound,
sound,
sound,
sound,
sound,
sound,
sound,
fx,
fx,
fx,
fx,
fx,
fx,
fx,
fx,
fx,
fx,
fx,
fx,
fx,
fx,
fx,
fx,
weapon,h2_infect_mp
loaded_sound,infected/attack/attack10
sound,zombie_attack10_npc
sound,zombie_attack10_plr
loaded_sound,infected/attack/attack11
sound,zombie_attack11_npc
sound,zombie_attack11_plr
loaded_sound,infected/attack/attack12
sound,zombie_attack12_npc
sound,zombie_attack12_plr
loaded_sound,infected/attack/attack13
sound,zombie_attack13_npc
sound,zombie_attack13_plr
loaded_sound,infected/attack/attack14
sound,zombie_attack14_npc
sound,zombie_attack14_plr
loaded_sound,infected/attack/attack15
sound,zombie_attack15_npc
sound,zombie_attack15_plr
loaded_sound,infected/attack/attack1
sound,zombie_attack1_npc
sound,zombie_attack1_plr
loaded_sound,infected/attack/attack2
sound,zombie_attack2_npc
sound,zombie_attack2_plr
loaded_sound,infected/attack/attack3
sound,zombie_attack3_npc
sound,zombie_attack3_plr
loaded_sound,infected/attack/attack4
sound,zombie_attack4_npc
sound,zombie_attack4_plr
loaded_sound,infected/attack/attack5
sound,zombie_attack5_npc
sound,zombie_attack5_plr
loaded_sound,infected/attack/attack6
sound,zombie_attack6_npc
sound,zombie_attack6_plr
loaded_sound,infected/attack/attack7
sound,zombie_attack7_npc
sound,zombie_attack7_plr
loaded_sound,infected/attack/attack8
sound,zombie_attack8_npc
sound,zombie_attack8_plr
loaded_sound,infected/attack/attack9
sound,zombie_attack9_npc
sound,zombie_attack9_plr
loaded_sound,infected/attack/attack
sound,zombie_attack_npc
sound,zombie_attack_plr
rawfile,h2m_launcher
