vertexshader,textured_simple.hlsl
pixelshader,textured_gamma.hlsl
vertexshader,vertcol_untextured_nofog.hlsl
pixelshader,vertcol_untextured_lin_nofog.hlsl
vertexdecl,pp.ft0t0.3
vertexdecl,pp.fcc0.f
techset,default
image,$white
techset,,2d
image,,default
material,$default
techset,,mc_effect_blend_nofog_ndw
material,,mc/gfx_missing_fx
xmodelsurfs,h1_og_fx100
xmodel,fx
xmodelsurfs,fx100
phys_collmap,void
xmodel,void
vertexshader,vs_vertcol_simple_flf_nofog_ems_nc.hlsl
pixelshader,vertcol_simple_hss_flf_tsm_nofog_ndw_ems_nc.hlsl
pixelshader,vertcol_simple_hss_flf_nofog_ndw_ems_nc.hlsl
vertexshader,vertcol_untextured_nc_nofog.hlsl
vertexshader,position_only.hlsl
pixelshader,null.hlsl
vertexdecl,pp.f
vertexdecl,pp.7
techset,m_effect_blend_nofog_ndw
image,,h1_og_missing_fx
material,m/gfx_missing_fx
xmodelsurfs,empty_model000
xmodel,empty_model
techset,,effect_blend_ndw
material,,fx_missing_fx
fx,vfx/code/missing_fx
techset,,effect_blend_ndw_ice
material,,fx_shrinking_pebbles_1_blend_z0
fx,vfx/code/missing_fx_ship
rawfile,hardcore_settings.cfg
rawfile,hardcore_disable.cfg
rawfile,options_graphics.cfg
rawfile,options_graphics_set.cfg
rawfile,diehard_settings.cfg
rawfile,diehard_disable.cfg
rawfile,buttons_unbind.cfg
rawfile,buttons_menu_mp.cfg
computeshader,cs_fence.hlsl/cs_passthrough
computeshader,cs_fence.hlsl/cs_passthrough_barrier
leaderboarddef,DEFAULT_LB
leaderboarddef,LB_AM_CARGOSHIP
leaderboarddef,LB_AM_BLACKOUT
leaderboarddef,LB_AM_ARMADA
leaderboarddef,LB_AM_BOG_A
leaderboarddef,LB_AM_HUNTED
leaderboarddef,LB_AM_AC130
leaderboarddef,LB_AM_BOG_B
leaderboarddef,LB_AM_AIRLIFT
leaderboarddef,LB_AM_VILLAGE_ASSAULT
leaderboarddef,LB_AM_SCOUTSNIPER
leaderboarddef,LB_AM_SNIPERESCAPE
leaderboarddef,LB_AM_VILLAGE_DEFEND
leaderboarddef,LB_AM_AMBUSH
leaderboarddef,LB_AM_ICBM
leaderboarddef,LB_AM_LAUNCHFACILITY_A
leaderboarddef,LB_AM_LAUNCHFACILITY_B
leaderboarddef,LB_AM_JEEPRIDE
leaderboarddef,LB_AM_AIRPLANE
leaderboarddef,LB_AM_FULLCHALLENGE
leaderboarddef,LB_TIMETRIAL_FNG
leaderboarddef,LB_MP_MR
leaderboarddef,LB_MP_GM
leaderboarddef,LB_MP_GM_HC
leaderboarddef,LB_MP_GM_OS
leaderboarddef,default_vlb
virtualleaderboarddef,default_vlb
leaderboarddef,lb_mp_mr
virtualleaderboarddef,lb_vr_totalxp
virtualleaderboarddef,lb_vr_kills
leaderboarddef,lb_mp_gm
virtualleaderboarddef,lb_vr_gm_conf
virtualleaderboarddef,lb_vr_gm_ctf
virtualleaderboarddef,lb_vr_gm_dd
virtualleaderboarddef,lb_vr_gm_dm
virtualleaderboarddef,lb_vr_gm_dom
virtualleaderboarddef,lb_vr_gm_gun
virtualleaderboarddef,lb_vr_gm_hp
virtualleaderboarddef,lb_vr_gm_koth
virtualleaderboarddef,lb_vr_gm_sab
virtualleaderboarddef,lb_vr_gm_sd
virtualleaderboarddef,lb_vr_gm_war
leaderboarddef,lb_mp_gm_hc
virtualleaderboarddef,lb_vr_gm_conf_hc
virtualleaderboarddef,lb_vr_gm_ctf_hc
virtualleaderboarddef,lb_vr_gm_dd_hc
virtualleaderboarddef,lb_vr_gm_dm_hc
virtualleaderboarddef,lb_vr_gm_dom_hc
virtualleaderboarddef,lb_vr_gm_gun_hc
virtualleaderboarddef,lb_vr_gm_hp_hc
virtualleaderboarddef,lb_vr_gm_koth_hc
virtualleaderboarddef,lb_vr_gm_sab_hc
virtualleaderboarddef,lb_vr_gm_sd_hc
virtualleaderboarddef,lb_vr_gm_war_hc
leaderboarddef,lb_mp_gm_os
virtualleaderboarddef,lb_vr_gm_conf_os
virtualleaderboarddef,lb_vr_gm_ctf_os
virtualleaderboarddef,lb_vr_gm_dd_os
virtualleaderboarddef,lb_vr_gm_dm_os
virtualleaderboarddef,lb_vr_gm_dom_os
virtualleaderboarddef,lb_vr_gm_gun_os
virtualleaderboarddef,lb_vr_gm_hp_os
leaderboarddef,lb_mp_gm_hc_os
virtualleaderboarddef,lb_vr_gm_koth_os
virtualleaderboarddef,lb_vr_gm_sab_os
virtualleaderboarddef,lb_vr_gm_sd_os
virtualleaderboarddef,lb_vr_gm_war_os
image,,h1_ui_icon_alert
material,h1_ui_icon_unlock_warning
image,h1_menu_bg_vignette
material,h1_ui_bg_vignette
image,h1_menu_bg_footer
material,h1_ui_footer_glitch
image,h1_menu_bg_header
material,h1_ui_header_glitch
luafile,ui/lui/actionscontrols.lua
luafile,ui/lui/advancedvideo.lua
luafile,ui/lui/bootscreenmargins.lua
luafile,ui/lui/buttondesctext.lua
luafile,ui/lui/buttonhelpertext.lua
luafile,ui/lui/chatcontrols.lua
luafile,ui/lui/cod.lua
luafile,ui/lui/codedependence.lua
luafile,ui/lui/consoleoptions.lua
luafile,ui/lui/consolecontrols.lua
luafile,ui/lui/consolegraphics.lua
luafile,ui/lui/consoleaudio.lua
luafile,ui/lui/default.lua
luafile,ui/lui/decoframe.lua
luafile,ui/lui/divider.lua
luafile,ui/lui/eventcatcher.lua
luafile,ui/lui/flowmanager.lua
luafile,ui/lui/gamepadcontrols.lua
luafile,ui/lui/gamex.lua
luafile,ui/lui/h1buttonbackground.lua
luafile,ui/lui/hudmanager.lua
luafile,ui/lui/lookcontrols.lua
luafile,ui/lui/lui.lua
luafile,ui/lui/luibackgroundpanel.lua
luafile,ui/lui/luibindbutton.lua
luafile,ui/lui/luiborder.lua
luafile,ui/lui/luibutton.lua
luafile,ui/lui/luibuttonrepeater.lua
luafile,ui/lui/luicountdown.lua
luafile,ui/lui/luielement.lua
luafile,ui/lui/luigrid.lua
luafile,ui/lui/luihorizontallist.lua
luafile,ui/lui/luiimage.lua
luafile,ui/lui/luiline.lua
luafile,ui/lui/luilitimage.lua
luafile,ui/lui/luilongcountdown.lua
luafile,ui/lui/luistenciltext.lua
luafile,ui/lui/luimousecursor.lua
luafile,ui/lui/luiprogressbar.lua
luafile,ui/lui/luiroot.lua
luafile,ui/lui/luiscrollindicator.lua
luafile,ui/lui/luiscrollingverticallist.lua
luafile,ui/lui/luitext.lua
luafile,ui/lui/luitimer.lua
luafile,ui/lui/luiverticallist.lua
luafile,ui/lui/luiverticalscrollbar.lua
luafile,ui/lui/menubuilder.lua
luafile,ui/lui/menubuilderhelpers.lua
luafile,ui/lui/menugenerics.lua
luafile,ui/lui/menugenericbuttons.lua
luafile,ui/lui/menutemplate.lua
luafile,ui/lui/mftabmanager.lua
luafile,ui/lui/mp_menus/listpaging.lua
luafile,ui/lui/movementcontrols.lua
luafile,ui/lui/groupedoptionsbase.lua
luafile,ui/lui/pcoptions.lua
luafile,ui/lui/pcdisplay.lua
luafile,ui/lui/pcvideo.lua
luafile,ui/lui/pcaudio.lua
luafile,ui/lui/persistentbackground.lua
luafile,ui/lui/comscore.lua
luafile,ui/lui/infobox.lua
luafile,ui/lui/mapblippulse.lua
luafile,ui/lui/h1vlistbuttondesctext.lua
luafile,ui/lui/h1popupdeco.lua
luafile,ui/lui/h1menutab.lua
luafile,ui/lui/sublist.lua
luafile,ui/lui/common_menus/commonpopups.lua
luafile,ui/lui/common_menus/friendslistitem.lua
luafile,ui/lui/common_menus/friendsmenu.lua
luafile,ui/lui/common_menus/friendswidget.lua
luafile,ui/lui/common_menus/friendslistutils.lua
luafile,ui/lui/common_menus/gamemanual.lua
luafile,ui/lui/common_menus/options.lua
luafile,ui/lui/common_menus/optionslayout.lua
luafile,ui/lui/common_menus/playercard.lua
luafile,ui/lui/common_menus/focusableplayercard.lua
luafile,ui/lui/common_menus/rankutils.lua
luafile,ui/lui/common_menus/virtualkeyboard.lua
luafile,ui/lui/common_menus/marketingcomms.lua
luafile,ui/lui/common_menus/marketingpopup.lua
luafile,ui/lui/common_menus/marketingpanel.lua
luafile,ui/lui/common_menus/systeminfo.lua
luafile,ui/lui/common_menus/bootbrightness.lua
luafile,ui/lui/tools/luitest.lua
luafile,ui/lui/tools/luisequence.lua
luafile,ui/lui/mp_menus/main.lua
luafile,ui/lui/mp_menus/factionicon.lua
luafile,ui/lui/mp_menus/mppopups.lua
luafile,ui/lui/mp_menus/mpstatsreset.lua
luafile,ui/lui/mp_menus/mpplayerpopups.lua
luafile,ui/lui/mp_menus/menudata.lua
luafile,ui/lui/mp_menus/cacstaticlayout.lua
luafile,ui/lui/mp_menus/s1cacutils.lua
luafile,ui/lui/mp_menus/cacdataprovider.lua
luafile,ui/lui/mp_menus/inventorycard.lua
luafile,ui/lui/mp_menus/playerdatainit.lua
luafile,ui/lui/mp_menus/mplobbyutils.lua
luafile,ui/lui/mp_menus/challengeutils.lua
luafile,ui/lui/mp_hud/adsoverlayhud.lua
luafile,ui/lui/mp_hud/accuracygreeble1hud.lua
luafile,ui/lui/mp_hud/accuracygreeble2hud.lua
luafile,ui/lui/mp_hud/damagefeedbackhud.lua
luafile,ui/lui/mp_hud/perspectiveblur.lua
luafile,ui/lui/mp_hud/mphud.lua
luafile,ui/lui/mp_hud/weaponinfohud.lua
luafile,ui/lui/mp_hud/hudutils.lua
luafile,ui/lui/mp_hud/hints.lua
luafile,ui/lui/mp_hud/lowammowarninghud.lua
luafile,ui/lui/mp_hud/actionslothud.lua
luafile,ui/lui/mp_hud/perkshud.lua
luafile,ui/lui/mp_hud/scoreboard.lua
luafile,ui/lui/mp_hud/topplayers.lua
luafile,ui/lui/mp_hud/overlayhud.lua
luafile,ui/lui/common_menus/profilepopup.lua
luafile,ui/lui/animated_cards/bootcamp.lua
luafile,ui/lui/animated_cards/cardtest.lua
luafile,ui/lui/animated_cards/pricefreakout.lua
luafile,ui/lui/animated_cards/undies.lua
luafile,ui/lui/animated_cards/et.lua
luafile,ui/lui/animated_cards/mummy.lua
luafile,ui/lui/animated_cards/car.lua
luafile,ui/lui/animated_cards/graffiti.lua
luafile,ui/lui/animated_cards/grotesque.lua
luafile,ui/lui/animated_cards/rogue.lua
luafile,ui/lui/animated_cards/pirate.lua
luafile,ui/lui/animated_cards/merc.lua
luafile,ui/lui/animated_cards/deep.lua
luafile,ui/lui/animated_cards/weather.lua
luafile,ui/lui/animated_cards/surf.lua
luafile,ui/lui/animated_cards/slapstick.lua
luafile,ui/lui/animated_cards/killer.lua
luafile,ui/lui/animated_cards/television.lua
luafile,ui/lui/animated_cards/skulls.lua
luafile,ui/lui/animated_cards/dragon.lua
luafile,ui/lui/animated_cards/nukes.lua
luafile,ui/lui/animated_cards/teabag.lua
luafile,ui/lui/animated_cards/gorilla.lua
luafile,ui/lui/animated_cards/blam.lua
luafile,ui/lui/animated_cards/tank.lua
luafile,ui/lui/animated_cards/shark.lua
luafile,ui/lui/animated_cards/eyeball.lua
luafile,ui/lui/animated_cards/evolution.lua
luafile,ui/lui/animated_cards/revolution.lua
luafile,ui/lui/animated_cards/leprechaun.lua
luafile,ui/lui/animated_cards/standoff.lua
luafile,ui/lui/animated_cards/wicked.lua
luafile,ui/lui/animated_cards/trooper.lua
luafile,ui/lui/animated_cards/supersoldier.lua
luafile,ui/lui/animated_cards/knight.lua
luafile,ui/lui/animated_cards/crystal.lua
luafile,ui/lui/animated_cards/spiritboard.lua
luafile,ui/lui/animated_cards/royal.lua
luafile,ui/lui/animated_cards/sports.lua
luafile,ui/lui/animated_cards/mythic.lua
image,h1_btn_color_fill
material,h1_ui_btn_color_fill
pixelshader,hud_outline_stencil_apply.hlsl
techset,hud_outline_stencil_apply
material,hud_outline_stencil_apply
pixelshader,hud_outline_stencil_fill.hlsl
techset,hud_outline_stencil_fill
material,hud_outline_stencil_fill
pixelshader,hud_outline_stencil_fill_curvy.hlsl
techset,hud_outline_stencil_fill_curvy
material,hud_outline_stencil_fill_curvy
pixelshader,hud_outline_stencil_fill_apply.hlsl
techset,hud_outline_stencil_fill_apply
material,hud_outline_stencil_fill_apply
pixelshader,hud_outline_stencil_fill_apply_curvy.hlsl
techset,hud_outline_stencil_fill_apply_curvy
material,hud_outline_stencil_fill_apply_curvy
material,hud_outline_stencil_fill_apply_cloak
vertexshader,transform_only.hlsl
techset,m_nodraw_passdepth
image,hud_index_01
material,m/hud_outline_stencil_01
image,hud_index_02
material,m/hud_outline_stencil_02
image,hud_index_03
material,m/hud_outline_stencil_03
image,hud_index_04
material,m/hud_outline_stencil_04
image,hud_index_05
material,m/hud_outline_stencil_05
image,hud_index_06
material,m/hud_outline_stencil_06
image,hud_index_07
material,m/hud_outline_stencil_07
pixelshader,vertcol_simple_hss_flf_nofog_ndw_lin_ems_nc.hlsl
techset,m_effect_replace_lin_nofog_ndw_nocast
image,hud_obstruct_red
material,m/hud_obstruct_01
material,m/hud_obstruct_02
image,hud_obstruct_green
material,m/hud_obstruct_03
image,hud_obstruct_cyan
material,m/hud_obstruct_04
image,hud_obstruct_orange
material,m/hud_obstruct_05
image,hud_obstruct_yellow
material,m/hud_obstruct_06
image,hud_obstruct_blue
material,m/hud_obstruct_07
pixelshader,hud_outline_stencil_apply_msaa2x.hlsl
techset,hud_outline_stencil_apply_msaa2x
material,hud_outline_stencil_apply_msaa2x
techset,hud_outline_stencil_apply_msaa4x
material,hud_outline_stencil_apply_msaa4x
pixelshader,hud_outline_stencil_fill_msaa.hlsl
techset,hud_outline_stencil_fill_msaa
material,hud_outline_stencil_fill_msaa
pixelshader,hud_outline_stencil_fill_curvy_msaa.hlsl
techset,hud_outline_stencil_fill_curvy_msaa
material,hud_outline_stencil_fill_curvy_msaa
pixelshader,hud_outline_stencil_fill_apply_msaa2x.hlsl
techset,hud_outline_stencil_fill_apply_msaa2x
material,hud_outline_stencil_fill_apply_msaa2x
pixelshader,hud_outline_stencil_fill_apply_msaa4x.hlsl
techset,hud_outline_stencil_fill_apply_msaa4x
material,hud_outline_stencil_fill_apply_msaa4x
rawfile,dvar_defaults.cfg
rawfile,default_xboxlive.cfg
rawfile,default_720p.cfg
rawfile,thumbstick_default.cfg
rawfile,thumbstick_southpaw.cfg
rawfile,thumbstick_legacy.cfg
rawfile,thumbstick_legacysouthpaw.cfg
rawfile,buttons_default.cfg
rawfile,buttons_tactical.cfg
rawfile,buttons_lefty.cfg
rawfile,buttons_lefty_regular.cfg
rawfile,buttons_nomad.cfg
rawfile,buttons_nomad_tactical.cfg
rawfile,buttons_charlie.cfg
rawfile,buttons_one-hand_gunslinger.cfg
rawfile,buttons_bumper_jumper.cfg
rawfile,buttons_bumper_jumper_tact.cfg
rawfile,buttons_stick_and_move.cfg
rawfile,buttons_default_alt.cfg
rawfile,buttons_tactical_alt.cfg
rawfile,buttons_lefty_alt.cfg
rawfile,buttons_lefty_regular_alt.cfg
rawfile,buttons_nomad_alt.cfg
rawfile,buttons_nomad_tactical_alt.cfg
rawfile,buttons_charlie_alt.cfg
rawfile,buttons_one-hand_gunslinger_alt.cfg
rawfile,buttons_bumper_jumper_alt.cfg
rawfile,buttons_bumper_jumper_tact_alt.cfg
rawfile,buttons_stick_and_move_alt.cfg
rawfile,developer_mp.cfg
rawfile,start_up_core_mp.cfg
rawfile,switch_to_core_mp.cfg
rawfile,build_data_cl.cfg
ddl,mp/default.ddl
techset,,cinematic
material,,white
image,navbar_selection_bar_shadow
material,navbar_selection_bar_shadow
image,navbar_selection_bar
material,navbar_selection_bar
material,,cinematic
image,,default2d
material,$levelbriefingcrossfade
image,h1_bg_loadscreen_mp_vignette
material,h1_ui_load_vignette
image,h1_deco_scanlines_overlay
material,h1_deco_scanlines_overlay
image,,$black
material,black
image,h1_deco_loadscreen_progress_highlight
material,h1_ui_loadscreen_progress_highlight
image,t_screenintrocampainshell_1024
material,loading_animation
image,h1_deco_loadscreen_title_bg
material,h1_ui_load_title
material,,h1_ui_deco_green_triangle
material,,ui_reward_small_double_xp
material,,ui_reward_small_double_party_xp
image,h1_depot_currency_icon_credit_2x
material,depot_currency_credit_2x
material,,ui_reward_xp
menu,error_popmenu
menu,error_popmenu_submenu
menu,save_corrupted
menu,popup_connecting
menu,popup_acceptinginvite
menu,popup_gettingdata
menu,error_popmenu_party
menu,error_popmenu_lobby
menu,acceptinvite_warning
menu,pregame_loaderror
menu,pregame_loaderror_mp
menu,menu_resetstats_warning
menu,cac_elite_popup
menu,connect
menu,playerdataread
menu,connect_h2
menufile,ui_mp/code.txt
ddl,mp/playerdata.ddl
ddl,mp/commondata.ddl
ddl,mp/prestigedata.ddl
ddl,mp/prestigecommondata.ddl
ddl,mp/recipes.ddl
ddl,mp/resetdata.ddl
structureddatadef,mp/elitecreateaclass.def
rawfile,maps/mp/gametypes/_gametypes.txt
rawfile,maps/mp/gametypes/dm.txt
rawfile,maps/mp/gametypes/dom.txt
rawfile,maps/mp/gametypes/sd.txt
rawfile,maps/mp/gametypes/war.txt
rawfile,maps/mp/gametypes/twar.txt
rawfile,maps/mp/gametypes/ball.txt
rawfile,maps/mp/gametypes/ctf.txt
rawfile,maps/mp/gametypes/conf.txt
rawfile,maps/mp/gametypes/infect.txt
rawfile,maps/mp/gametypes/gun.txt
rawfile,maps/mp/gametypes/hp.txt
rawfile,maps/mp/gametypes/sr.txt
rawfile,maps/mp/gametypes/dd.txt
rawfile,maps/mp/gametypes/koth.txt
rawfile,maps/mp/gametypes/sab.txt
rawfile,maps/mp/gametypes/vlobby.txt
rawfile,maps/mp/gametypes/zombies.txt
rawfile,maps/mp/gametypes/goliath.txt
rawfile,maps/mp/gametypes/mugger.txt
rawfile,mp/basemaps.arena
rawfile,mp/coopbasemaps.arena
ddl,mp/clientmatchdata.ddl
ddl,mp/matchdata.ddl
ddl,mp/matchmaking.ddl
ddl,mp/videostreaming.ddl
rawfile,mp/stats_init.cfg
rawfile,mp/stats_init_common.cfg
rawfile,mp/stats_init_privatematch.cfg
image,h1_icon_ps4_button_cross
material,button_primary_ps4
image,h1_icon_ps4_button_circle
material,button_secondary_ps4
image,h1_icon_ps4_button_square
material,button_alt1_ps4
image,h1_icon_ps4_button_triangle
material,button_alt2_ps4
image,h1_icon_ps4_button_l1
material,button_shoulder_left_ps4
image,h1_icon_ps4_button_r1
material,button_shoulder_right_ps4
image,h1_icon_ps4_button_options
material,button_start_ps4
image,h1_icon_ps4_button_touchpad
material,button_select_ps4
image,h1_icon_ps4_stick_animated_lup
material,button_stick_left_up_ps4
image,h1_icon_ps4_stick_animated_rup
material,button_stick_right_up_ps4
image,h1_icon_ps4_stick_animated_ldown
material,button_stick_left_down_ps4
image,h1_icon_ps4_stick_animated_rdown
material,button_stick_right_down_ps4
image,h1_icon_ps4_button_l2
material,button_trigger_left_ps4
image,h1_icon_ps4_button_r2
material,button_trigger_right_ps4
image,h1_icon_ps4_button_dpad_u
material,button_dpad_up_ps4
image,h1_icon_ps4_button_dpad_d
material,button_dpad_down_ps4
image,h1_icon_ps4_button_dpad_l
material,button_dpad_left_ps4
image,h1_icon_ps4_button_dpad_r
material,button_dpad_right_ps4
image,h1_icon_ps4_button_r3_click_01
material,button_right_stick_ps4
image,h1_icon_ps4_button_l3_click_01
material,button_left_stick_ps4
image,h1_deco_option_controller_ps4
material,h1_deco_option_controller_ps4
image,h1_deco_option_controller_ps4_lines
material,h1_deco_option_controller_ps4_lines
rawfile,material_parameter_overrides.csv
image,weapon_blank
material,h1_ui_loader_callingcard
vertexshader,unlit_2d_pw_ua.hlsl
pixelshader,unlit_2d.hlsl
vertexdecl,pp.fcc0.ft0t0.3
techset,2d_ua
image,h1_deco_ui_spinner_square
material,h1_ui_loader_emblem
pixelshader,vertcol_simple_zp_atest_nc.hlsl
vertexshader,vertcol_simple_vs_zp_rvel_atest_nc.hlsl
pixelshader,vertcol_simple_zp_vel_atest_nc.hlsl
vertexshader,vertcol_simple_vs_zp_svel_atest_nc.hlsl
vertexshader,vertcol_simple_vs_zp_hidir_atest_nc.hlsl
pixelshader,vertcol_simple_zp_hidir_atest_nc.hlsl
vertexshader,vertcol_simple_vs_zp_hidir_rvel_atest_nc.hlsl
pixelshader,vertcol_simple_zp_hidir_vel_atest_nc.hlsl
vertexshader,vertcol_simple_vs_zp_hidir_svel_atest_nc.hlsl
vertexshader,vertcol_simple_atest_mtlclr_nofog_nc.hlsl
pixelshader,vertcol_shaded_atest_nofog_lin_nc.hlsl
vertexshader,lpo_sm_nofog_l0n_s_tc0n0_nc.hlsl
pixelshader,lpo_sm_frt_nofog_lmpb_l0n_t0c0n0s0_nc.hlsl
pixelshader,lpo_sm_frt_nofog_lmpb_l0d_t0c0n0s0_nc.hlsl
vertexshader,lpo_sm_nofog_l0d_l0sd_s_tc0n0_nc.hlsl
pixelshader,lpo_sm_frt_nofog_lmpb_l0d_l0sd_t0c0n0s0_nc.hlsl
pixelshader,lpo_sm_frt_nofog_lmpb_l0s_t0c0n0s0_nc.hlsl
pixelshader,lpo_sm_frt_nofog_lmpb_l0s_l0ss_t0c0n0s0_nc.hlsl
pixelshader,lpo_sm_frt_nofog_lmpb_l0s_l0sc_cuc_t0c0n0s0_nc.hlsl
pixelshader,lpo_sm_frt_nofog_lmpb_l0o_t0c0n0s0_nc.hlsl
pixelshader,lpo_sm_frt_nofog_lmpb_l0o_l0ss_t0c0n0s0_nc.hlsl
vertexshader,lpo_sm_nofog_ldbsm_cuc_s_tc0n0_nc.hlsl
pixelshader,lpo_sm_frt_nofog_lmpb_ldbsm_cuc_t0c0n0s0_nc.hlsl
pixelshader,lpo_sm_frt_nofog_lmpb_ldb_sunsm_cuc_t0c0n0s0_nc.hlsl
pixelshader,lpo_sm_frt_nofog_lmpb_ldbsm_t0c0n0s0_nc.hlsl
pixelshader,lpo_sm_frt_nofog_lmpb_ldb_sunsm_t0c0n0s0_nc.hlsl
vertexshader,l_point_feo_s_tc0n0_nc.hlsl
pixelshader,l_spot_feo_lmpb_frt_t0c0n0s0_nc.hlsl
pixelshader,l_omni_feo_lmpb_frt_t0c0n0s0_nc.hlsl
vertexshader,l_point_feo_l0s2_sm_s_tc0n0_nc.hlsl
pixelshader,l_spot_feo_lmpb_l0s2_frt_sm_t0c0n0s0_nc.hlsl
pixelshader,l_spot_feo_lmpb_l0s3_cuc_frt_sm_t0c0n0s0_nc.hlsl
vertexshader,l_point_s_tc0n0_nc.hlsl
pixelshader,l_spot_lmpb_frt_t0c0n0s0_nc.hlsl
pixelshader,l_omni_lmpb_frt_t0c0n0s0_nc.hlsl
vertexshader,l_point_l0s2_sm_s_tc0n0_nc.hlsl
pixelshader,l_spot_lmpb_l0s2_frt_sm_t0c0n0s0_nc.hlsl
pixelshader,l_spot_lmpb_l0s3_cuc_frt_sm_t0c0n0s0_nc.hlsl
vertexshader,velocity_sm_nc_vrigid.hlsl
pixelshader,velocity_sm_nc_vrigid.hlsl
vertexshader,velocity_sm_nc_vskinned.hlsl
vertexshader,debug_normals_nc.hlsl
pixelshader,debug_normals_nc_ps.hlsl
vertexshader,vertcol_simple_vs_zp_i_atest_nc.hlsl
vertexshader,vertcol_simple_vs_zp_i_rvel_atest_nc.hlsl
vertexshader,vertcol_simple_vs_zp_i_svel_atest_nc.hlsl
vertexshader,vertcol_simple_vs_zp_i_hidir_atest_nc.hlsl
vertexshader,vertcol_simple_vs_zp_i_hidir_rvel_atest_nc.hlsl
vertexshader,vertcol_simple_vs_zp_i_hidir_svel_atest_nc.hlsl
vertexshader,vertcol_simple_i_atest_mtlclr_nofog_nc.hlsl
vertexshader,lpo_sm_i_nofog_l0n_s_tc0n0_nc.hlsl
vertexshader,lpo_sm_i_nofog_l0d_l0sd_s_tc0n0_nc.hlsl
vertexshader,lpo_sm_i_nofog_ldbsm_cuc_s_tc0n0_nc.hlsl
vertexshader,l_point_feo_i_s_tc0n0_nc.hlsl
vertexshader,l_point_feo_l0s2_i_sm_s_tc0n0_nc.hlsl
vertexshader,l_point_i_s_tc0n0_nc.hlsl
vertexshader,l_point_l0s2_i_sm_s_tc0n0_nc.hlsl
vertexshader,vertcol_untextured_i_nc_nofog.hlsl
vertexshader,debug_normals_i_nc.hlsl
vertexshader,vertcol_simple_vs_zp_atest_nc.hlsl
vertexshader,vertcol_simple_mtlclr_nofog_nc.hlsl
vertexshader,velocity_sm_vrigid.hlsl
pixelshader,velocity_sm_vrigid.hlsl
vertexshader,velocity_sm_vskinned.hlsl
pixelshader,debug_normals_ps.hlsl
vertexshader,vertcol_simple_i_mtlclr_nofog_nc.hlsl
vertexdecl,pp.ft0t0.3nn.7
vertexdecl,pp.ft0t0.3nn.ftt2.f
vertexdecl,pp.ft0t0.3nn.7tt1.7
techset,m_l_sm_lmpb_t0c0n0sd0_nfwpf_frt_aat
image,,~$white-r32g32b32&wpn_h1_sticker_cos-l
image,,wpn_h1_sticker_nml
image,,wpn_h1_sticker_placeholder
image,,~envbrdflut_ggx_16-rg
material,m/mtl_wpn_h1_sticker_placeholder
image,h1_btn_focused_rect_innerglow2
material,btn_focused_rect_innerglow
image,h2_btn_focused_rect_stroke
material,h1_ui_btn_focused_stroke_square
rawfile,h2m_patch_code_post_gfx_mp
