netconststrings,ncs_snd_patch_ui_mp
netconststrings,ncs_mat_patch_ui_mp
techset,,2d
image,h1_game_mode_capture_the_flag
material,h1_ui_icon_gamemode_ctf
image,ui_invisible
material,ui_invisible
image,h1_popup_bg_light
material,h1_popup_bg_light
image,background
material,h1_ui_icon_currency_background
image,h1_deco_spark1
material,dismantle_spark_1
image,h1_deco_spark2
material,dismantle_spark_2
image,h1_deco_spark3
material,dismantle_spark_3
image,h1_deco_spark4
material,dismantle_spark_4
image,h1_deco_spark5
material,dismantle_spark_5
image,h1_depot_flare_glint
material,reward_flare_glint
image,h1_reward_splash_backing_1
material,reward_splash_backing_1
image,h1_reward_splash_backing_2
material,reward_splash_backing_2
image,h1_reward_splash_backing_3
material,reward_splash_backing_3
image,h1_reward_splash_backing_4
material,reward_splash_backing_4
image,h1_reward_splash_backing_5
material,reward_splash_backing_5
image,h1_reward_bg_shadow
material,reward_splash_bg_shadow
image,h1_reward_light_rays
material,reward_splash_light_rays
image,h1_deco_particles_group1
material,reward_splash_particles_1
image,h1_deco_particles_group2
material,reward_splash_particles_2
image,h1_deco_particles_group3
material,reward_splash_particles_3
image,h1_deco_particles_group4
material,reward_splash_particles_4
image,h1_reticles_previewscene
material,h1_reticles_previewscene
image,module_fe_generic_unlock
material,ks_mod_generic
image,rank_prestige_11
material,rank_prestige11
image,rank_prestige_12
material,rank_prestige12
image,rank_prestige_13
material,rank_prestige13
image,rank_prestige_14
material,rank_prestige14
image,rank_prestige_15
material,rank_prestige15
image,rank_prestige_16
material,rank_prestige16
image,rank_prestige_17
material,rank_prestige17
image,rank_prestige_18
material,rank_prestige18
image,rank_prestige_19
material,rank_prestige19
image,rank_prestige_20
material,rank_prestige20
image,rank_grandmaster_1000
material,rank_prestigemaster
sndcurve,,$default
lpfcurve,,$default
reverbsendcurve,,$default
techset,,2d_pd
image,loadscreen_mp_crash_snow
material,loadscreen_mp_crash_snow
image,preview_mp_crash_snow_vote
material,loadscreen_mp_crash_snow_vote
image,h1_game_mode_win_crash
material,h1_ui_icon_gamemode_win_crash
image,h1_game_mode_demolition
material,h1_ui_icon_gamemode_dd
image,h1_game_mode_varietymappack
material,h1_ui_icon_gamemode_variety
image,h1_game_mode_daybreak
material,h1_ui_icon_gamemode_daybreak
image,h1_playlist_beachbog
material,h1_ui_icon_playlist_beachbog
image,h1_playlist_weekendwarfare
material,h1_ui_icon_playlist_weekend
image,loadscreen_mp_killhouse
material,loadscreen_mp_killhouse
image,preview_mp_killhouse_vote
material,loadscreen_mp_killhouse_vote
image,loadscreen_mp_carentan
material,loadscreen_mp_carentan
image,preview_mp_carentan_vote
material,loadscreen_mp_carentan_vote
image,loadscreen_mp_creek
material,loadscreen_mp_creek
image,preview_mp_creek_vote
material,loadscreen_mp_creek_vote
image,loadscreen_mp_broadcast
material,loadscreen_mp_broadcast
image,loadscreen_mp_bloc2
material,loadscreen_mp_bloc
image,preview_mp_bloc_vote2
material,loadscreen_mp_bloc_vote
image,loadscreen_mp_pipeline2
material,loadscreen_mp_pipeline
image,preview_mp_pipeline_vote2
material,loadscreen_mp_pipeline_vote
image,loadscreen_mp_strike2
material,loadscreen_mp_strike
image,preview_mp_strike_vote2
material,loadscreen_mp_strike_vote
image,loadscreen_mp_cargoship2
material,loadscreen_mp_cargoship
image,preview_mp_cargoship_vote2
material,loadscreen_mp_cargoship_vote
image,preview_mp_broadcast_vote
material,loadscreen_mp_broadcast_vote
image,loadscreen_mp_daybreak
material,loadscreen_mp_farm_spring
image,preview_mp_daybreak_vote
material,loadscreen_mp_farm_spring_vote
image,loadscreen_mp_bog_summer
material,loadscreen_mp_bog_summer
image,preview_mp_bog_summer_vote
material,loadscreen_mp_bog_summer_vote
image,h1_ui_icon_download_arrow
material,h1_ui_download_arrow
image,h1_btn_focused_rect_innerglow
material,btn_focused_rect_innerglow
image,h1_bg_option_slider_bg
material,h1_bg_option_slider_bg
image,h1_bg_option_slider_outline_glow
material,h1_bg_option_slider_outline_glow
image,h1_deco_option_title
material,h1_deco_option_title
image,h1_deco_system_dialog_bg
material,h1_deco_system_dialog_bg
image,h1_deco_title_point
material,h1_deco_title_point
image,h1_popup_title_bg
material,h1_popup_title_bg
image,h1_scrollbar_fill_selected
material,h1_scrollbar_fill_selected
image,h1_tabs_states_selected
material,h1_tabs_states_selected
image,h1_deco_greentriangle
material,h1_ui_deco_green_triangle
image,h1_ui_featured_pip_focused
material,h1_ui_featured_pip_focused
vertexshader,unlit_2d_pw_ua.hlsl
pixelshader,unlit_2d.hlsl
vertexdecl,pp.fcc0.ft0t0.3
techset,2d_ua
image,h1_deco_ui_spinner_square
material,h1_ui_loader_emblem
image,h1_menu_icon_equipped
material,h1_ui_menu_icon_equipped
image,h1_ui_progressbar_green
material,h1_ui_progressbar_green
image,more
material,more
image,glow9slice_green
material,s1_9slice_highlight
image,s1_preview_mp_random
material,s1_preview_mp_random
image,3_cursor3
material,ui_cursor
vertexshader,vs_vertcol_simple_flf_fog_ems_nc.hlsl
pixelshader,vertcol_simple_hss_flf_fog_lin_ems_nc.hlsl
vertexshader,vs_vertcol_simple_flf_dfog_ems_nc.hlsl
pixelshader,vertcol_simple_hss_flf_dfog_lin_ems_nc.hlsl
vertexshader,vertcol_untextured_nc_nofog.hlsl
pixelshader,vertcol_untextured_lin_nofog.hlsl
vertexshader,position_only.hlsl
pixelshader,null.hlsl
vertexdecl,pp.ft0t0.3
vertexdecl,pp.f
vertexdecl,pp.7
techset,m_effect_replace_lin
image,green
material,m/thermalbody_default
pixelshader,vertcol_simple_hss_flf_fog_lin_ct_ems_nc.hlsl
pixelshader,vertcol_simple_hss_flf_dfog_lin_ct_ems_nc.hlsl
techset,m_effect_replace_lin_ct
material,m/thermalbody_default_hdr
image,h2rank_prestige_1_locked
material,rank_prestige1_locked
image,h2rank_prestige_2_locked
material,rank_prestige2_locked
image,h2rank_prestige_3_locked
material,rank_prestige3_locked
image,h2rank_prestige_4_locked
material,rank_prestige4_locked
image,h2rank_prestige_5_locked
material,rank_prestige5_locked
image,h2rank_prestige_6_locked
material,rank_prestige6_locked
image,h2rank_prestige_7_locked
material,rank_prestige7_locked
image,h2rank_prestige_8_locked
material,rank_prestige8_locked
image,h2rank_prestige_9_locked
material,rank_prestige9_locked
image,h2rank_prestige_10_locked
material,rank_prestige10_locked
image,h1_depot_glow_vertical_alpha
material,depot_glow_vertical_alpha
rawfile,h2m_patch_ui_mp
