vertexshader,vs_vertcol_simple_flf_nofog_ems_nc.hlsl_h2
pixelshader,vertcol_simple_hss_flf_tsm_nofog_ndw_ct_ems_nc.hlsl_h2
pixelshader,vertcol_simple_hss_flf_nofog_ndw_ct_ems_nc.hlsl_h2
vertexshader,vertcol_untextured_nc_nofog.hlsl_h2
pixelshader,vertcol_untextured_lin_nc_nofog.hlsl_h2
vertexdecl,pp.ft0t0.3_h2
vertexdecl,pp.f_h2
techset,m_effect_blend_ct_nofog_ndw_h2
image,h2og_missing_fx
material,m/gfx_missing_fx
xmodelsurfs,empty_model000
xmodel,body_h2_us_army_assault
vertexshader,vertcol_simple_mtlclr_fog_nc.hlsl
pixelshader,vertcol_shaded_fog_ndw_lin_nc.hlsl
vertexshader,lpo_sm_fog_l0n_s_tc0n0_nc.hlsl
pixelshader,lpo_sm_fog_lmpb_l0n_b0c0n0s0om0ssr_nc.hlsl
pixelshader,lpo_sm_fog_lmpb_l0d_b0c0n0s0om0ssr_nc.hlsl
vertexshader,lpo_sm_sst_fog_l0d_l0sd_s_tc0n0ssr_nc.hlsl
pixelshader,lpo_sm_fog_lmpb_l0d_l0sd_b0c0n0s0om0ssr_nc.hlsl
pixelshader,lpo_sm_fog_lmpb_l0s_b0c0n0s0om0ssr_nc.hlsl
pixelshader,lpo_sm_fog_lmpb_l0s_l0ss_b0c0n0s0om0ssr_nc.hlsl
pixelshader,lpo_sm_fog_lmpb_l0s_l0sc_cuc_b0c0n0s0om0ssr_nc.hlsl
pixelshader,lpo_sm_fog_lmpb_l0o_b0c0n0s0om0ssr_nc.hlsl
pixelshader,lpo_sm_fog_lmpb_l0o_l0ss_b0c0n0s0om0ssr_nc.hlsl
vertexshader,lpo_sm_sst_fog_ldbsm_cuc_s_tc0n0ssr_nc.hlsl
pixelshader,lpo_sm_fog_lmpb_ldbsm_cuc_b0c0n0s0om0ssr_nc.hlsl
pixelshader,lpo_sm_fog_lmpb_ldb_sunsm_cuc_b0c0n0s0om0ssr_nc.hlsl
pixelshader,lpo_sm_fog_lmpb_ldbsm_b0c0n0s0om0ssr_nc.hlsl
pixelshader,lpo_sm_fog_lmpb_ldb_sunsm_b0c0n0s0om0ssr_nc.hlsl
vertexshader,lpo_sm_dfog_l0n_s_tc0n0_nc.hlsl
pixelshader,lpo_sm_dfog_lmpb_l0n_b0c0n0s0om0ssr_nc.hlsl
pixelshader,lpo_sm_dfog_lmpb_l0d_b0c0n0s0om0ssr_nc.hlsl
vertexshader,lpo_sm_sst_dfog_l0d_l0sd_s_tc0n0ssr_nc.hlsl
pixelshader,lpo_sm_dfog_lmpb_l0d_l0sd_b0c0n0s0om0ssr_nc.hlsl
pixelshader,lpo_sm_dfog_lmpb_l0s_b0c0n0s0om0ssr_nc.hlsl
pixelshader,lpo_sm_dfog_lmpb_l0s_l0ss_b0c0n0s0om0ssr_nc.hlsl
pixelshader,lpo_sm_dfog_lmpb_l0s_l0sc_cuc_b0c0n0s0om0ssr_nc.hlsl
pixelshader,lpo_sm_dfog_lmpb_l0o_b0c0n0s0om0ssr_nc.hlsl
pixelshader,lpo_sm_dfog_lmpb_l0o_l0ss_b0c0n0s0om0ssr_nc.hlsl
vertexshader,lpo_sm_sst_dfog_ldbsm_cuc_s_tc0n0ssr_nc.hlsl
pixelshader,lpo_sm_dfog_lmpb_ldbsm_cuc_b0c0n0s0om0ssr_nc.hlsl
pixelshader,lpo_sm_dfog_lmpb_ldb_sunsm_cuc_b0c0n0s0om0ssr_nc.hlsl
pixelshader,lpo_sm_dfog_lmpb_ldbsm_b0c0n0s0om0ssr_nc.hlsl
pixelshader,lpo_sm_dfog_lmpb_ldb_sunsm_b0c0n0s0om0ssr_nc.hlsl
vertexshader,l_point_feo_s_tc0n0_nc.hlsl
pixelshader,l_spot_feo_lmpb_b0c0n0s0om0_nc.hlsl
pixelshader,l_omni_feo_lmpb_b0c0n0s0om0_nc.hlsl
vertexshader,l_point_feo_l0s2_sm_s_tc0n0_nc.hlsl
pixelshader,l_spot_feo_lmpb_l0s2_sm_b0c0n0s0om0_nc.hlsl
pixelshader,l_spot_feo_lmpb_l0s3_cuc_sm_b0c0n0s0om0_nc.hlsl
vertexshader,l_point_s_tc0n0_nc.hlsl
pixelshader,l_spot_lmpb_b0c0n0s0om0_nc.hlsl
pixelshader,l_omni_lmpb_b0c0n0s0om0_nc.hlsl
vertexshader,l_point_l0s2_sm_s_tc0n0_nc.hlsl
pixelshader,l_spot_lmpb_l0s2_sm_b0c0n0s0om0_nc.hlsl
pixelshader,l_spot_lmpb_l0s3_cuc_sm_b0c0n0s0om0_nc.hlsl
vertexshader,vertcol_untextured_nc_nofog.hlsl
pixelshader,vertcol_untextured_lin_nofog.hlsl
vertexshader,debug_normals_nc.hlsl
pixelshader,debug_normals_ps.hlsl
vertexshader,vertcol_simple_i_mtlclr_fog_nc.hlsl
vertexshader,lpo_sm_i_fog_l0n_s_tc0n0_nc.hlsl
vertexshader,lpo_sm_i_sst_fog_l0d_l0sd_s_tc0n0ssr_nc.hlsl
vertexshader,lpo_sm_i_sst_fog_ldbsm_cuc_s_tc0n0ssr_nc.hlsl
vertexshader,lpo_sm_i_dfog_l0n_s_tc0n0_nc.hlsl
vertexshader,lpo_sm_i_sst_dfog_l0d_l0sd_s_tc0n0ssr_nc.hlsl
vertexshader,lpo_sm_i_sst_dfog_ldbsm_cuc_s_tc0n0ssr_nc.hlsl
vertexshader,l_point_feo_i_s_tc0n0_nc.hlsl
vertexshader,l_point_feo_l0s2_i_sm_s_tc0n0_nc.hlsl
vertexshader,l_point_i_s_tc0n0_nc.hlsl
vertexshader,l_point_l0s2_i_sm_s_tc0n0_nc.hlsl
vertexshader,vertcol_untextured_i_nc_nofog.hlsl
vertexshader,debug_normals_i_nc.hlsl
vertexdecl,pp.ft0t0.3
vertexdecl,pp.ft0t0.3nn.ftt2.f
vertexdecl,pp.f
vertexdecl,pp.ft0t0.3nn.7tt1.7
techset,m_l_sm_lmpb_b0c0n0sd0sr0om0_cltrans
image,faceitem_eyelash_s
image,eyelash_common_nml
image,faceitem_eyelash_o
image,faceitem_eyelash_col
image,~envbrdflut_ggx_16-rg
material,m/mtl_h2_common_head_eyelash
vertexshader,position_only.hlsl
pixelshader,null.hlsl
vertexshader,vertcol_simple_zp_rvel_nc_noatest.hlsl
pixelshader,vertcol_simple_zp_vel_nc.hlsl
vertexshader,vertcol_simple_zp_svel_nc_noatest.hlsl
vertexshader,vertcol_simple_zp_hidir_nc_noatest.hlsl
pixelshader,vertcol_simple_zp_hidir_nc.hlsl
vertexshader,vertcol_simple_zp_hidir_rvel_nc_noatest.hlsl
pixelshader,vertcol_simple_zp_hidir_vel_nc.hlsl
vertexshader,vertcol_simple_zp_hidir_svel_nc_noatest.hlsl
vertexshader,vertcol_simple_mtlclr_nofog_nc.hlsl
pixelshader,vertcol_shaded_nofog_lin_nc.hlsl
vertexshader,lpo_sm_nofog_dn_ds_l0n_s_tc0n0_nc.hlsl
pixelshader,lpo_sm_nofog_lmpb_l0n_r0c0n0s0om0_nc.hlsl
pixelshader,lpo_sm_nofog_lmpb_l0d_r0c0n0s0om0_nc.hlsl
vertexshader,lpo_sm_nofog_dn_ds_l0d_l0sd_s_tc0n0_nc.hlsl
pixelshader,lpo_sm_nofog_lmpb_l0d_l0sd_r0c0n0s0om0_nc.hlsl
pixelshader,lpo_sm_nofog_lmpb_l0s_r0c0n0s0om0_nc.hlsl
pixelshader,lpo_sm_nofog_lmpb_l0s_l0ss_r0c0n0s0om0_nc.hlsl
pixelshader,lpo_sm_nofog_lmpb_l0s_l0sc_cuc_r0c0n0s0om0_nc.hlsl
pixelshader,lpo_sm_nofog_lmpb_l0o_r0c0n0s0om0_nc.hlsl
pixelshader,lpo_sm_nofog_lmpb_l0o_l0ss_r0c0n0s0om0_nc.hlsl
vertexshader,lpo_sm_nofog_dn_ds_ldbsm_cuc_s_tc0n0_nc.hlsl
pixelshader,lpo_sm_nofog_lmpb_ldbsm_cuc_r0c0n0s0om0_nc.hlsl
pixelshader,lpo_sm_nofog_lmpb_ldb_sunsm_cuc_r0c0n0s0om0_nc.hlsl
pixelshader,lpo_sm_nofog_lmpb_ldbsm_r0c0n0s0om0_nc.hlsl
pixelshader,lpo_sm_nofog_lmpb_ldb_sunsm_r0c0n0s0om0_nc.hlsl
pixelshader,l_spot_feo_lmpb_r0c0n0s0om0_nc.hlsl
pixelshader,l_omni_feo_lmpb_r0c0n0s0om0_nc.hlsl
pixelshader,l_spot_feo_lmpb_l0s2_sm_r0c0n0s0om0_nc.hlsl
pixelshader,l_spot_feo_lmpb_l0s3_cuc_sm_r0c0n0s0om0_nc.hlsl
pixelshader,l_spot_lmpb_r0c0n0s0om0_nc.hlsl
pixelshader,l_omni_lmpb_r0c0n0s0om0_nc.hlsl
pixelshader,l_spot_lmpb_l0s2_sm_r0c0n0s0om0_nc.hlsl
pixelshader,l_spot_lmpb_l0s3_cuc_sm_r0c0n0s0om0_nc.hlsl
vertexshader,velocity_sm_nc_vrigid.hlsl
pixelshader,velocity_sm_nc_vrigid.hlsl
vertexshader,velocity_sm_nc_vskinned.hlsl
vertexshader,instanced_position_only.hlsl
vertexshader,vertcol_simple_zp_i_rvel_nc_noatest.hlsl
vertexshader,vertcol_simple_zp_i_svel_nc_noatest.hlsl
vertexshader,vertcol_simple_zp_i_hidir_nc_noatest.hlsl
vertexshader,vertcol_simple_zp_i_hidir_rvel_nc_noatest.hlsl
vertexshader,vertcol_simple_zp_i_hidir_svel_nc_noatest.hlsl
vertexshader,vertcol_simple_i_mtlclr_nofog_nc.hlsl
vertexshader,lpo_sm_i_nofog_dn_ds_l0n_s_tc0n0_nc.hlsl
vertexshader,lpo_sm_i_nofog_dn_ds_l0d_l0sd_s_tc0n0_nc.hlsl
vertexshader,lpo_sm_i_nofog_dn_ds_ldbsm_cuc_s_tc0n0_nc.hlsl
vertexdecl,pp.7
vertexdecl,pp.fnn.7
techset,m_l_sm_lmpb_r0c0n0sd0om0_nfwpf
image,i_h2_us_army_a_head_eye_s
image,i_h2_us_army_a_head_eye_n
image,$white_ao
image,i_h2_us_army_a_head_eye_c
material,m/mtl_h2_common_head_eye_shader_r_darkbrown
image,i_h2_us_army_a_head_balaclava_s
image,i_h2_us_army_a_head_balaclava_n
image,i_h2_us_army_a_head_balaclava_o
image,i_h2_us_army_a_head_balaclava_c
material,m/mtl_h2_head_us_army_a_balaclava
pixelshader,lpo_sm_ndw_fog_l0n_b0c0n0s0_nc.hlsl
pixelshader,lpo_sm_ndw_fog_l0d_b0c0n0s0_nc.hlsl
pixelshader,lpo_sm_ndw_fog_l0d_l0sd_b0c0n0s0_nc.hlsl
pixelshader,lpo_sm_ndw_fog_l0s_b0c0n0s0_nc.hlsl
pixelshader,lpo_sm_ndw_fog_l0s_l0ss_b0c0n0s0_nc.hlsl
pixelshader,lpo_sm_ndw_fog_l0s_l0sc_cuc_b0c0n0s0_nc.hlsl
pixelshader,lpo_sm_ndw_fog_l0o_b0c0n0s0_nc.hlsl
pixelshader,lpo_sm_ndw_fog_l0o_l0ss_b0c0n0s0_nc.hlsl
pixelshader,lpo_sm_ndw_fog_ldbsm_cuc_b0c0n0s0_nc.hlsl
pixelshader,lpo_sm_ndw_fog_ldb_sunsm_cuc_b0c0n0s0_nc.hlsl
pixelshader,lpo_sm_ndw_fog_ldbsm_b0c0n0s0_nc.hlsl
pixelshader,lpo_sm_ndw_fog_ldb_sunsm_b0c0n0s0_nc.hlsl
pixelshader,lpo_sm_ndw_dfog_l0n_b0c0n0s0_nc.hlsl
pixelshader,lpo_sm_ndw_dfog_l0d_b0c0n0s0_nc.hlsl
pixelshader,lpo_sm_ndw_dfog_l0d_l0sd_b0c0n0s0_nc.hlsl
pixelshader,lpo_sm_ndw_dfog_l0s_b0c0n0s0_nc.hlsl
pixelshader,lpo_sm_ndw_dfog_l0s_l0ss_b0c0n0s0_nc.hlsl
pixelshader,lpo_sm_ndw_dfog_l0s_l0sc_cuc_b0c0n0s0_nc.hlsl
pixelshader,lpo_sm_ndw_dfog_l0o_b0c0n0s0_nc.hlsl
pixelshader,lpo_sm_ndw_dfog_l0o_l0ss_b0c0n0s0_nc.hlsl
pixelshader,lpo_sm_ndw_dfog_ldbsm_cuc_b0c0n0s0_nc.hlsl
pixelshader,lpo_sm_ndw_dfog_ldb_sunsm_cuc_b0c0n0s0_nc.hlsl
pixelshader,lpo_sm_ndw_dfog_ldbsm_b0c0n0s0_nc.hlsl
pixelshader,lpo_sm_ndw_dfog_ldb_sunsm_b0c0n0s0_nc.hlsl
pixelshader,l_spot_feo_ndw_b0c0n0s0_nc.hlsl
pixelshader,l_omni_feo_ndw_b0c0n0s0_nc.hlsl
pixelshader,l_spot_feo_ndw_l0s2_sm_b0c0n0s0_nc.hlsl
pixelshader,l_spot_feo_ndw_l0s3_cuc_sm_b0c0n0s0_nc.hlsl
pixelshader,l_spot_ndw_b0c0n0s0_nc.hlsl
pixelshader,l_omni_ndw_b0c0n0s0_nc.hlsl
pixelshader,l_spot_ndw_l0s2_sm_b0c0n0s0_nc.hlsl
pixelshader,l_spot_ndw_l0s3_cuc_sm_b0c0n0s0_nc.hlsl
techset,m_l_sm_ndw_b0c0n0sd0_cltrans
image,~helmet_h_us_army_b_spc-rgb&h~a030b0f7
image,helmet_h_us_army_b_nml
image,helmet_h_us_army_b_col
material,m/mtl_h2_helmet_h_us_army_b_glasses
image,i_h2_us_army_a_head_helmet_s
image,i_h2_us_army_a_head_helmet_n
image,i_h2_us_army_a_head_helmet_o
image,i_h2_us_army_a_head_helmet_c
material,m/mtl_h2_helmet_h_us_army_a
image,i_h2_us_army_a_head_face_s
image,i_h2_us_army_a_head_face_n
image,i_h2_us_army_a_head_face_o
image,i_h2_us_army_a_head_face_c
material,m/mtl_h2_enemy_head_shadow_co_b
xmodelsurfs,head_h2_us_army_assault_lod0
xmodel,head_h2_us_army_assault
image,i_h2_us_army_smg_body_loadout_s
image,i_h2_us_army_smg_body_loadout_n
image,i_h2_us_army_smg_body_loadout_o
image,i_h2_us_army_smg_body_loadout_c
material,m/mtl_h2_us_army_smg_body_loadout
image,i_h2_us_army_a_body_upper_s
image,i_h2_us_army_a_body_upper_n
image,i_h2_us_army_a_body_upper_o
image,i_h2_us_army_a_body_upper_c
material,m/mtl_h2_us_army_a_body_upper
image,i_h2_us_army_a_body_lower_s
image,i_h2_us_army_a_body_lower_n
image,i_h2_us_army_a_body_lower_o
image,i_h2_us_army_a_body_lower_c
material,m/mtl_h2_us_army_a_body_lower
image,i_h2_us_army_smg_body_harness_s
image,i_h2_us_army_smg_body_harness_n
image,i_h2_us_army_smg_body_harness_o
image,i_h2_us_army_smg_body_harness_c
material,m/mtl_h2_us_army_smg_body_harness
xmodelsurfs,body_h2_us_army_smg_lod0
xmodel,body_h2_us_army_smg
image,i_h2_us_army_smg_head_helmet_s
image,i_h2_us_army_smg_head_helmet_n
image,i_h2_us_army_smg_head_helmet_o
image,i_h2_us_army_smg_head_helmet_c
material,m/mtl_h2_us_army_smg_head_helmet
material,m/mtl_h2_us_army_smg_head_helmet_glass
image,$black_color
material,m/mtl_h2_us_army_smg_head_eye
vertexshader,vertcol_simple_mtlclr_nofog.hlsl
pixelshader,vertcol_shaded_nofog_lin.hlsl
vertexshader,lpo_sm_nofog_l0n_tc0.hlsl
pixelshader,lpo_sm_nofog_l0n_r0c0.hlsl
pixelshader,lpo_sm_nofog_l0d_r0c0.hlsl
vertexshader,lpo_sm_nofog_l0d_l0sd_tc0.hlsl
pixelshader,lpo_sm_nofog_l0d_l0sd_r0c0.hlsl
vertexshader,lpo_sm_nofog_l0s_tc0.hlsl
pixelshader,lpo_sm_nofog_l0s_r0c0.hlsl
pixelshader,lpo_sm_nofog_l0s_l0ss_r0c0.hlsl
pixelshader,lpo_sm_nofog_l0s_l0sc_cuc_r0c0.hlsl
pixelshader,lpo_sm_nofog_l0o_r0c0.hlsl
pixelshader,lpo_sm_nofog_l0o_l0ss_r0c0.hlsl
vertexshader,lpo_sm_nofog_ldbsm_cuc_tc0.hlsl
pixelshader,lpo_sm_nofog_ldbsm_cuc_r0c0.hlsl
pixelshader,lpo_sm_nofog_ldb_sunsm_cuc_r0c0.hlsl
pixelshader,lpo_sm_nofog_ldbsm_r0c0.hlsl
pixelshader,lpo_sm_nofog_ldb_sunsm_r0c0.hlsl
vertexshader,l_point_feo_s_tc0.hlsl
pixelshader,l_spot_feo_r0c0.hlsl
pixelshader,l_omni_feo_r0c0.hlsl
vertexshader,l_point_feo_l0s2_sm_s_tc0.hlsl
pixelshader,l_spot_feo_l0s2_sm_r0c0.hlsl
pixelshader,l_spot_feo_l0s3_cuc_sm_r0c0.hlsl
vertexshader,l_point_s_tc0.hlsl
pixelshader,l_spot_r0c0.hlsl
pixelshader,l_omni_r0c0.hlsl
vertexshader,l_point_l0s2_sm_s_tc0.hlsl
pixelshader,l_spot_l0s2_sm_r0c0.hlsl
pixelshader,l_spot_l0s3_cuc_sm_r0c0.hlsl
vertexshader,vertcol_untextured_nofog.hlsl
vertexshader,debug_normals.hlsl
vertexshader,vertcol_simple_i_mtlclr_nofog.hlsl
vertexshader,lpo_sm_i_nofog_l0n_tc0.hlsl
vertexshader,lpo_sm_i_nofog_l0d_l0sd_tc0.hlsl
vertexshader,lpo_sm_i_nofog_l0s_tc0.hlsl
vertexshader,lpo_sm_i_nofog_ldbsm_cuc_tc0.hlsl
vertexshader,l_point_feo_i_tc0.hlsl
vertexshader,l_point_feo_l0s2_i_sm_tc0.hlsl
vertexshader,l_point_i_tc0.hlsl
vertexshader,l_point_l0s2_i_sm_tc0.hlsl
vertexshader,vertcol_untextured_i_nofog.hlsl
vertexshader,debug_normals_i.hlsl
vertexdecl,pp.fcc0.ft0t0.3
vertexdecl,pp.fcc0.ft0t0.3nn.f
vertexdecl,pp.fcc0.f
vertexdecl,pp.fcc0.ft0t0.3nn.7tt1.7
techset,mc_l_sm_r0c0_nfwpf
image,$identitynormalmap
image,black
material,m/mtl_h2_us_army_smg_head_eyelash
material,m/mtl_h2_us_army_smg_head_eyebrow
image,i_h2_us_army_smg_head_face_s
image,i_h2_us_army_smg_head_face_n
image,i_h2_us_army_smg_head_face_o
image,i_h2_us_army_smg_head_face_c
material,m/mtl_h2_us_army_smg_head_face
image,i_h2_us_army_smg_head_tongue_s
image,i_h2_us_army_smg_head_tongue_n
image,i_h2_us_army_smg_head_tongue_o
image,i_h2_us_army_smg_head_tongue_c
material,m/mtl_h2_us_army_smg_head_tongue
image,i_h2_us_army_smg_head_teeth_s
image,i_h2_us_army_smg_head_teeth_n
image,i_h2_us_army_smg_head_teeth_o
image,i_h2_us_army_smg_head_teeth_c
material,m/mtl_h2_us_army_smg_head_teeth
xmodelsurfs,head_h2_us_army_smg_lod0
xmodel,head_h2_us_army_smg
image,i_h2_us_army_lmg_body_upper_s
image,i_h2_us_army_lmg_body_upper_n
image,i_h2_us_army_lmg_body_upper_o
image,i_h2_us_army_lmg_body_upper_c
material,m/mtl_h2_us_army_lmg_body_upper
image,i_h2_us_army_lmg_body_harness_s
image,i_h2_us_army_lmg_body_harness_n
image,i_h2_us_army_lmg_body_harness_o
image,i_h2_us_army_lmg_body_harness_c
material,m/mtl_h2_us_army_lmg_body_harness
image,i_h2_us_army_a_body_loadout_s
image,i_h2_us_army_a_body_loadout_n
image,i_h2_us_army_a_body_loadout_o
image,i_h2_us_army_a_body_loadout_c
material,m/mtl_h2_us_army_a_body_loadout
image,i_h2_us_army_lmg_body_loadout_s
image,i_h2_us_army_lmg_body_loadout_n
image,i_h2_us_army_lmg_body_loadout_o
image,i_h2_us_army_lmg_body_loadout_c
material,m/mtl_h2_us_army_lmg_body_loadout
xmodelsurfs,body_h2_us_army_lmg_lod0
xmodel,body_h2_us_army_lmg
image,i_h2_us_army_lmg_head_helmet_s
image,i_h2_us_army_lmg_head_helmet_n
image,i_h2_us_army_lmg_head_helmet_o
image,i_h2_us_army_lmg_head_helmet_c
material,m/mtl_h2_us_army_lmg_head_helmet
vertexshader,vs_vertcol_simple_flf_fog_nc.hlsl
pixelshader,vertcol_simple_cso_hss_flf_fog_ndw_lin_nc.hlsl
vertexshader,vs_vertcol_simple_flf_dfog_nc.hlsl
pixelshader,vertcol_simple_cso_hss_flf_dfog_ndw_lin_nc.hlsl
vertexshader,vs_vertcol_simple_flf_i_fog_nc.hlsl
vertexshader,vs_vertcol_simple_flf_i_dfog_nc.hlsl
techset,m_unlit_cso_hss_blend_lin_ndw
image,mtl_h2_us_army_sho_head_eyebrow_c
material,m/mtl_h2_us_army_lmg_head_hair
image,i_h2_us_army_lmg_head_helmet_glass_s
image,i_h2_us_army_lmg_head_helmet_glass_n
image,i_h2_us_army_lmg_head_helmet_glass_o
image,i_h2_us_army_lmg_head_helmet_glass_c
material,m/mtl_h2_us_army_lmg_head_helmet_glass
image,i_h2_us_army_lmg_head_face_s
image,i_h2_us_army_lmg_head_face_n
image,i_h2_us_army_lmg_head_face_o
image,i_h2_us_army_lmg_head_face_c
material,m/mtl_h2_us_army_lmg_head_face
material,m/mtl_h2_us_army_lmg_head_eye
material,m/mtl_h2_us_army_lmg_head_teeth
material,m/mtl_h2_us_army_lmg_head_tongue
xmodelsurfs,head_h2_us_army_lmg_lod0
xmodel,head_h2_us_army_lmg
image,h2_airborne_upperbody_shotgun_red_s
image,h2_airborne_upperbody_shotgun_nml
image,h2_airborne_upperbody_shotgun_red_o
image,h2_airborne_upperbody_shotgun_red_col
material,m/mtl_h2_airborne_body_upperbody_shotgun_red
image,h2_airborne_vest_shotgun_s
image,h2_airborne_vest_shotgun_nml
image,h2_airborne_vest_shotgun_o
image,h2_airborne_vest_shotgun_col
material,m/mtl_h2_airborne_body_vest_shotgun
image,h2_airborne_boot_shotgun_s
image,h2_airborne_boot_shotgun_nml
image,h2_airborne_boot_shotgun_o
image,h2_airborne_boot_shotgun_col
material,m/mtl_h2_airborne_boot_a1
image,~h2_airborne_loadout_assault_~a7d9ba49
image,h2_airborne_loadout_assault_nml
image,~h2_airborne_loadout_assault_occ-l
image,h2_airborne_loadout_assault_col
material,m/mtl_h2_airborne_body_loadout_assault
image,h2_airborne_pants_shotgun_red_s
image,h2_airborne_pants_shotgun_nml
image,h2_airborne_pants_shotgun_red_o
image,h2_airborne_pants_shotgun_red_col
material,m/mtl_h2_airborne_body_pants_shotgun_red
xmodelsurfs,airborne_assault_b_lod0
xmodel,body_h2_airborne_assault
vertexshader,vs_vertcol_simple_flf_nofog_ems_nc.hlsl
pixelshader,vertcol_simple_zp_atest_nc.hlsl
vertexshader,vertcol_simple_vs_zp_rvel_atest_nc.hlsl
pixelshader,vertcol_simple_zp_vel_atest_nc.hlsl
vertexshader,vertcol_simple_vs_zp_svel_atest_nc.hlsl
vertexshader,vertcol_simple_vs_zp_hidir_atest_nc.hlsl
pixelshader,vertcol_simple_zp_hidir_atest_nc.hlsl
vertexshader,vertcol_simple_vs_zp_hidir_rvel_atest_nc.hlsl
pixelshader,vertcol_simple_zp_hidir_vel_atest_nc.hlsl
vertexshader,vertcol_simple_vs_zp_hidir_svel_atest_nc.hlsl
pixelshader,vertcol_shaded_atest_nofog_lin_nc.hlsl
vertexshader,lpo_sm_mpr_nofog_l0n_s_tc0n0_nc.hlsl
pixelshader,lpo_sm_sst_smt_dsl_rim_mpr_nofog_lmpb_l0n_t0c0n0s0om0_nc.hlsl
pixelshader,lpo_sm_sst_smt_dsl_rim_mpr_nofog_lmpb_l0d_t0c0n0s0om0_nc.hlsl
vertexshader,lpo_sm_mpr_nofog_l0d_l0sd_s_tc0n0_nc.hlsl
pixelshader,lpo_sm_sst_smt_dsl_rim_mpr_nofog_lmpb_l0d_l0sd_t0c0n0s0om0_nc.hlsl
pixelshader,lpo_sm_sst_smt_dsl_rim_mpr_nofog_lmpb_l0s_t0c0n0s0om0_nc.hlsl
pixelshader,lpo_sm_sst_smt_dsl_rim_mpr_nofog_lmpb_l0s_l0ss_t0c0n0s0om0_nc.hlsl
pixelshader,lpo_sm_sst_smt_dsl_rim_mpr_nofog_lmpb_l0s_l0sc_cuc_t0c0n0s0om0_nc.hlsl
pixelshader,lpo_sm_sst_smt_dsl_rim_mpr_nofog_lmpb_l0o_t0c0n0s0om0_nc.hlsl
pixelshader,lpo_sm_sst_smt_dsl_rim_mpr_nofog_lmpb_l0o_l0ss_t0c0n0s0om0_nc.hlsl
vertexshader,lpo_sm_mpr_nofog_ldbsm_cuc_s_tc0n0_nc.hlsl
pixelshader,lpo_sm_sst_smt_dsl_rim_mpr_nofog_lmpb_ldbsm_cuc_t0c0n0s0om0_nc.hlsl
pixelshader,lpo_sm_sst_smt_dsl_rim_mpr_nofog_lmpb_ldb_sunsm_cuc_t0c0n0s0om0_nc.hlsl
pixelshader,lpo_sm_sst_smt_dsl_rim_mpr_nofog_lmpb_ldbsm_t0c0n0s0om0_nc.hlsl
pixelshader,lpo_sm_sst_smt_dsl_rim_mpr_nofog_lmpb_ldb_sunsm_t0c0n0s0om0_nc.hlsl
pixelshader,l_spot_feo_lmpb_dsl_sst_smt_t0c0n0s0om0_nc.hlsl
pixelshader,l_omni_feo_lmpb_dsl_sst_smt_t0c0n0s0om0_nc.hlsl
pixelshader,l_spot_feo_lmpb_l0s2_dsl_sst_smt_sm_t0c0n0s0om0_nc.hlsl
pixelshader,l_spot_feo_lmpb_l0s3_cuc_dsl_sst_smt_sm_t0c0n0s0om0_nc.hlsl
pixelshader,l_spot_lmpb_dsl_sst_smt_t0c0n0s0om0_nc.hlsl
pixelshader,l_omni_lmpb_dsl_sst_smt_t0c0n0s0om0_nc.hlsl
pixelshader,l_spot_lmpb_l0s2_dsl_sst_smt_sm_t0c0n0s0om0_nc.hlsl
pixelshader,l_spot_lmpb_l0s3_cuc_dsl_sst_smt_sm_t0c0n0s0om0_nc.hlsl
vertexshader,vertcol_simple_vs_zp_i_atest_nc.hlsl
vertexshader,vertcol_simple_vs_zp_i_rvel_atest_nc.hlsl
vertexshader,vertcol_simple_vs_zp_i_svel_atest_nc.hlsl
vertexshader,vertcol_simple_vs_zp_i_hidir_atest_nc.hlsl
vertexshader,vertcol_simple_vs_zp_i_hidir_rvel_atest_nc.hlsl
vertexshader,vertcol_simple_vs_zp_i_hidir_svel_atest_nc.hlsl
vertexshader,lpo_sm_i_mpr_nofog_l0n_s_tc0n0_nc.hlsl
vertexshader,lpo_sm_i_mpr_nofog_l0d_l0sd_s_tc0n0_nc.hlsl
vertexshader,lpo_sm_i_mpr_nofog_ldbsm_cuc_s_tc0n0_nc.hlsl
vertexdecl,pp.ft0t0.3nn.7
techset,m_l_sm_lmpb_t0c0n0sd0om0_nfwpf_sst_smt_dsl_mpr
image,mp_head_young_s
image,mp_head_young_nml
image,mp_head_young_o
image,mp_head_young_col
image,mp_head_young_rvl
material,m/mtl_mp_head_young
material,m/mtl_yuri_eye_shader_r
material,m/mtl_yuri_eye_shader_l
image,h2_airborne_head_balaclava_a_s
image,h2_airborne_head_balaclava_a_nml
image,h2_airborne_head_balaclava_a_o
image,h2_airborne_head_balaclava_a_col
material,m/mtl_h2_airborne_head_balaclava_a
image,~h2_airborne_head_helmet_a_sp~759faa4c
image,h2_airborne_head_helmet_a_nml
image,~h2_airborne_head_helmet_a_occ-l
image,h2_airborne_head_helmet_a_col
material,m/mtl_h2_airborne_head_helmet_a
material,m/mtl_h2_airborne_head_helmet_a_glass
xmodelsurfs,airborne_assault_head_lod0
xmodel,head_h2_airborne_assault
material,m/mtl_h2_airborne_body_vest_smg
image,h2_airborne_pants_shotgun_s
image,h2_airborne_pants_shotgun_o
image,h2_airborne_pants_shotgun_col
material,m/mtl_h2_airborne_body_lowerbody_smg
image,h2_opforce_body_arctic_smg_loadout_nml
image,h2_opforce_body_arctic_smg_loadout_col
material,m/mtl_h2_airborne_body_loadout_smg
image,h2_opforce_body_arctic_smg_harness_s
image,h2_opforce_body_arctic_smg_harness_nml
image,h2_opforce_body_arctic_smg_harness_o
image,h2_opforce_body_arctic_smg_harness_col
material,m/mtl_h2_airborne_body_harness_smg
xmodelsurfs,airborne_smg_body_lod0
xmodel,body_h2_airborne_smg
image,ultra_nationalist_gasmask_s
image,ultra_nationalist_gasmask_nml
image,ultra_nationalist_gasmask_o
image,ultra_nationalist_gasmask_col
material,m/mtl_ultra_nationalist_headgear_gasmask
image,~ultra_nationalist_gasmask_al~306c3cd6
image,ultra_nationalist_gasmask_alpha_nml
image,ultra_nationalist_gasmask_alpha_col
material,m/mtl_ultra_nationalist_headgear_gasmask_alpha
image,~h2_airborne_head_b_spc-rgb&h~a1ab9b89
image,h2_airborne_head_b_nml
image,~h2_airborne_head_b_occ-l
image,h2_airborne_head_b_col
material,m/mtl_h2_airborne_head_c_helmet
xmodelsurfs,airborne_smg_head_lod0
xmodel,head_h2_airborne_smg
image,h2_airborne_head_c_balaclava_nml
image,~h2_airborne_head_c_balaclava_occ-l
image,h2_airborne_head_c_balaclava_col
material,m/mtl_h2_airborne_head_c_balaclava
material,m/mtl_mp_faceitems_eyelash
material,m/mtl_mp_eye_shader_r
material,m/mtl_mp_eye_shader_l
image,faceitems_teeth_burke_s
image,zom_teeth_a_nml
image,faceitems_teeth_burke_o
image,faceitems_teeth_burke_col
material,m/mtl_mp_faceitems_teeth
image,~$white-r32g32b32&zom_tongue_a_cos-l
image,zom_tongue_a_nml
image,~zom_tongue_a_occ-l
image,faceitems_tongue_col
material,m/mtl_mp_faceitems_tongue
image,~a_zhukov_head_spc-rgb&a_zhuk~82f0d8b6
image,a_zhukov_head_nml
image,~a_zhukov_head_occ-l
image,a_zhukov_head_col
image,a_zhukov_head_rvl
material,m/mtl_a_zhukov_head_shader
image,faceitem_eyebrow_s
image,h1_price_beard_nml
image,faceitem_eyebrow_o
image,faceitem_eyebrow_col
material,m/mtl_h2_common_head_eyebrow
xmodelsurfs,airborne_lmg_head_lod0
xmodel,head_h2_airborne_lmg
image,~h2_opforce_body_arctic_lmg_l~dbaf1cb6
image,h2_opforce_body_arctic_lmg_loadout_nml
image,h2_opforce_body_arctic_lmg_harness_col
material,m/mtl_h2_spetsnaz_opforce_arctic_lmg_loadout
image,h2_opforce_body_arctic_lmg_harness_s
image,h2_opforce_body_arctic_lmg_harness_nml
image,h2_opforce_body_arctic_lmg_harness_o
material,m/mtl_h2_spetsnaz_opforce_arctic_lmg_harness
xmodelsurfs,airborne_lmg_body_lod0
xmodel,body_h2_airborne_lmg
image,i_h2_tf141_a_head_helmet_s
image,i_h2_tf141_a_head_helmet_n
image,i_h2_tf141_a_head_helmet_o
image,i_h2_tf141_a_head_helmet_c
material,m/mtl_h2_tf141_a_head_helmet
image,i_h2_tf141_a_head_glass_s
image,i_h2_tf141_a_head_glass_n
image,i_h2_tf141_a_head_glass_c
material,m/mtl_h2_tf141_a_head_glass
image,i_h2_tf141_a_head_face_s
image,i_h2_tf141_a_head_face_n
image,i_h2_tf141_a_head_face_o
image,i_h2_tf141_a_head_face_c
material,m/mtl_h2_tf141_a_head_face
material,m/mtl_h2_tf141_a_head_eye
image,~faceitem_eyelash_spc-rgb&fac~db355c8f
image,faceitem_eyelash_nml
image,~$black-l
material,m/mtl_h2_tf141_a_head_eyelash
image,i_h2_tf141_a_head_balaclava_s
image,i_h2_tf141_a_head_balaclava_n
image,i_h2_tf141_a_head_balaclava_o
image,i_h2_tf141_a_head_balaclava_c
material,m/mtl_h2_tf141_a_head_balaclava
image,i_h2_tf141_a_head_scarf_s
image,i_h2_tf141_a_head_scarf_n
image,i_h2_tf141_a_head_scarf_o
image,i_h2_tf141_a_head_scarf_c
material,m/mtl_h2_tf141_a_head_scarf
xmodelsurfs,head_h2_tf141_assault_lod0
xmodel,head_h2_tf141_assault
image,i_h2_tf141_a_body_upper_s
image,i_h2_tf141_a_body_upper_n
image,i_h2_tf141_a_body_upper_o
image,i_h2_tf141_a_body_upper_c
material,m/mtl_h2_tf141_a_body_upper
image,i_h2_tf141_a_body_loadout_s
image,i_h2_tf141_a_body_loadout_n
image,i_h2_tf141_a_body_loadout_o
image,i_h2_tf141_a_body_loadout_c
material,m/mtl_h2_tf141_a_body_loadout
image,i_h2_tf141_a_body_lower_s
image,i_h2_tf141_a_body_lower_n
image,i_h2_tf141_a_body_lower_o
image,i_h2_tf141_a_body_lower_c
material,m/mtl_h2_tf141_a_body_lower
image,i_h2_tf141_a_body_harness_s
image,i_h2_tf141_a_body_harness_n
image,i_h2_tf141_a_body_harness_o
image,i_h2_tf141_a_body_harness_c
material,m/mtl_h2_tf141_a_body_harness
xmodelsurfs,body_h2_tf141_assault_lod0
xmodel,body_h2_tf141_assault
material,m/mtl_h2_common_head_teeth
image,~h1_gaz_beard_spc-rgb&h1_gaz_~93824a0c
image,royce_beard_nml
image,royce_beard_col
material,m/mtl_h2_seal_soccom_royce_hair_card
image,~$white-r39g39b39&royce_head_cos-l
image,royce_head_nml
image,~royce_head_occ-l
image,royce_head_col
material,m/mtl_h2_seal_soccom_royce
material,m/mtl_h2_common_head_tongue
image,~$white-r32g32b32&eyelash_common_cos-l
material,m/mtl_h2_udt_head_eyelash
material,m/mtl_h2_udt_head_eye_shader_r
image,~h2_hero_head_price_headgear_~e62408b3
image,h2_hero_head_price_headgear_arctic_nml
image,~h2_hero_head_price_headgear_~405c7978
image,h2_hero_head_price_headgear_desert_col
material,m/mtl_h2_seal_soccom_scarf
image,~helmet_h_soccom_spc-rgb&helm~20223acd
image,helmet_h_forest_nml
image,~helmet_h_occ-l
image,helmet_h_forest_col
material,m/mtl_h2_seal_soccom_forest_helmet_h
xmodelsurfs,head_h2_tf141_smg_lod0
xmodel,head_h2_tf141_smg
image,~h2_tf141_body_assault_a_uppe~48eb92c7
image,h2_tf141_body_assault_b_upperbody_forest_nml
image,~h2_tf141_body_assault_a_uppe~2912a73c
image,h2_tf141_body_assault_b_upperbody_forest_col
material,m/mtl_h2_tf141_body_assault_b_upperbody_forest
image,~h2_tf141_body_assault_b_load~de161c11
image,h2_tf141_body_assault_b_loadout_nml
image,~h2_tf141_body_assault_b_loadout_occ-l
image,h2_tf141_body_assault_b_loadout_forest_col
material,m/mtl_h2_tf141_body_assault_b_loadout_forest
image,~h2_tf141_body_assault_b_lowe~b68a704b
image,h2_tf141_body_assault_b_lowerbody_nml
image,~h2_tf141_body_lmg_lowerbody_~0b21d5cd
image,h2_tf141_body_assault_b_lowerbody_forest_col
material,m/mtl_h2_tf141_body_assault_b_lowerbody_forest
image,~h2_tf141_body_assault_a_harn~84b7b424
image,h2_tf141_body_assault_a_harness_nml
image,~h2_tf141_body_assault_a_harness_occ-l
image,h2_tf141_body_assault_b_harness_forest_col
material,m/mtl_h2_tf141_body_assault_b_harness_ghost_forest
xmodelsurfs,body_h2_tf141_smg_lod0
xmodel,body_h2_tf141_smg
image,~head_seal_soccom_da_arctic_c~9fdaba9e
image,head_seal_soccom_da_arctic_collar_nml
image,~head_seal_soccom_da_arctic_c~527dcb1a
image,head_seal_soccom_da_arctic_collar_col
material,m/mtl_h2_seal_soccom_collar
image,~head_seal_soccom_a_glass_spc~b6eacb55
image,head_seal_soccom_a_glass_nml
image,head_seal_soccom_a_glass_col
material,m/mtl_h2_seal_soccom_glass_a
material,m/mtl_mp_faceitems_eyebrows
image,~s_swaynos_head_spc-rgb&s_swa~98068d79
image,s_swaynos_head_nml
image,~s_swaynos_head_occ-l
image,s_swaynos_head_col
image,h2_d_lykes_rvl
material,m/mtl_s_swaynos_head
image,~seal_soccom_head_ca_forest_s~2f5a60ef
image,seal_soccom_head_ca_forest_nml
image,~seal_soccom_head_ca_occ-l
image,seal_soccom_head_ca_forest_col
material,m/mtl_h2_seal_soccom_helmet_forest_c
xmodelsurfs,head_h2_tf141_lmg_lod0
xmodel,head_h2_tf141_lmg
xmodelsurfs,body_h2_us_army_assault_lod0
xmodel,body_h2_us_army_ar
image,i_h2_militia_a_body_cloth_s
image,i_h2_militia_a_body_cloth_n
image,i_h2_militia_a_body_cloth_o
image,i_h2_militia_a_body_cloth_c
material,m/mtl_h2_militia_a_body_cloth
image,i_h2_militia_a_body_upper_s
image,i_h2_militia_a_body_upper_n
image,i_h2_militia_a_body_upper_o
image,i_h2_militia_a_body_upper_c
image,i_h2_militia_a_body_upper_rvl
material,m/mtl_h2_militia_a_body_upper
image,i_h2_militia_a_body_lower_s
image,i_h2_militia_a_body_lower_n
image,i_h2_militia_a_body_lower_o
image,i_h2_militia_a_body_lower_c
image,i_h2_militia_a_body_lower_rvl
material,m/mtl_h2_militia_a_body_lower
image,i_h2_militia_a_body_loadout_s
image,i_h2_militia_a_body_loadout_n
image,i_h2_militia_a_body_loadout_o
image,i_h2_militia_a_body_loadout_c
material,m/mtl_h2_militia_a_body_loadout
xmodelsurfs,body_h2_militia_assault_lod0
xmodel,body_h2_militia_assault
image,i_h2_us_army_sho_head_eyebrow_c
material,m/mtl_h2_militia_a_head_eyebrow
material,m/mtl_h2_militia_a_head_eye
image,i_h2_militia_a_head_bandana_s
image,i_h2_militia_a_head_bandana_n
image,i_h2_militia_a_head_bandana_o
image,i_h2_militia_a_head_bandana_c
material,m/mtl_h2_militia_a_head_bandana
material,m/mtl_h2_militia_a_head_teeth
image,i_h2_militia_a_head_hair_s
image,i_h2_militia_a_head_hair_n
image,i_h2_militia_a_head_hair_c
material,m/mtl_h2_militia_a_head_hair
image,i_h2_militia_a_head_glasses_s
image,i_h2_militia_a_head_glasses_n
image,i_h2_militia_a_head_glasses_o
image,i_h2_militia_a_head_glasses_c
material,m/mtl_h2_militia_a_head_glasses
material,m/mtl_h2_militia_a_head_tongue
image,i_h2_militia_a_head_face_s
image,i_h2_militia_a_head_face_n
image,i_h2_militia_a_head_face_o
image,i_h2_militia_a_head_face_c
image,i_h2_militia_a_head_face_rvl
material,m/mtl_h2_militia_a_head_face
material,m/mtl_h2_militia_a_head_eyelash
xmodelsurfs,head_h2_militia_assault_lod0
xmodel,head_h2_militia_assault
image,~$white-r32g32b32&h2_militia_~faa57711
image,h2_militia_body_lmg_aa_cloth_blk_nml
image,~h2_militia_body_lmg_aa_cloth~9b51dd6c
image,h2_militia_body_lmg_aa_cloth_blk_col
material,m/mtl_h2_militia_body_lmg_aa_cloth_blk
image,~h2_brazil_body_civ_slum_m_up~7d7c5f64
image,h2_brazil_body_civ_slum_m_upperbody_arms_nml
image,~h2_militia_body_lmg_upperbod~3f4be38a
image,h2_militia_upperbody_arms_col
image,h2_brazil_body_civ_slum_m_upperbody_arms_rvl
material,m/mtl_h2_militia_body_lmg_upperbody_arms
image,~h2_brazil_body_civ_slum_m_lo~3ccb2cb9
image,h2_brazil_body_civ_slum_m_lowerbody_legs_nml
image,~h2_militia_body_lmg_lowerbod~287e8b58
image,h2_brazil_body_civ_slum_m_lowerbody_legs_col
image,h2_brazil_body_civ_slum_m_lowerbody_legs_rvl
material,m/mtl_h2_militia_body_lmg_lowerbody_legs
image,~h2_militia_body_lmg_loadout_~0fe5cb40
image,h2_militia_body_lmg_loadout_nml
image,~h2_militia_body_lmg_loadout_occ-l
image,h2_militia_body_lmg_loadout_col
material,m/mtl_h2_militia_body_lmg_loadout
image,~$white-r32g32b32&h2_brazil_b~1fac8c1d
image,h2_brazil_body_civ_slum_m_aa_cloth_nml
image,~h2_militia_body_assault_aa_c~9a08584b
image,h2_militia_body_assault_aa_cloth_blk_col
material,m/mtl_h2_militia_body_assault_aa_cloth_blk
xmodelsurfs,body_h2_militia_lmg_lod0
xmodel,body_h2_militia_lmg
material,m/mtl_h2_common_head_eye_shader_l
material,m/mtl_h2_common_head_eye_shader_r
image,~militia_head_hair_spc-rgb&mi~5fa4c44c
image,a_turnage_hairs_nml
image,militia_head_hair_col
material,m/mtl_h2_a_turnage_hair_ge128_b
image,~head_militia_b_spc-rgb&head_~faa739b3
image,head_militia_b_nml
image,~head_militia_b_occ-l
image,head_militia_b_col
image,head_militia_b_rvl
material,m/mtl_h2_militia_head_m_afro_b
material,m/mtl_h2_a_turnage_hair_b
xmodelsurfs,head_h2_militia_lmg_lod0
xmodel,head_h2_militia_lmg
image,~$white-r32g32b32&h2_brazil_b~810ce0da
image,h2_brazil_body_civ_slum_m_ba_upperbody_nml
image,~h2_militia_body_smg_aa_upper~3fd88b7f
image,h2_militia_body_smg_aa_upperbody_wht_col
material,m/mtl_h2_militia_body_smg_aa_upperbody_wht
image,~h2_brazil_body_civ_slum_m_up~4192324f
image,h2_brazil_body_civ_slum_m_upperbody_arms_wht_nml
image,~h2_militia_body_smg_upperbod~3f4be38a
image,h2_militia_upperbody_arms_wht_col
material,m/mtl_h2_militia_body_smg_upperbody_arms_wht
image,~$white-r32g32b32&h2_brazil_b~8285f3f4
image,h2_brazil_body_civ_slum_m_ba_lowerbody_nml
image,~h2_militia_body_smg_aa_lower~3fd88b7f
image,h2_militia_body_smg_aa_lowerbody_wht_col
material,m/mtl_h2_militia_body_smg_aa_lowerbody_wht
image,~h2_militia_body_smg_loadout_~f853b31d
image,h2_militia_body_smg_loadout_nml
image,~h2_militia_body_smg_loadout_occ-l
image,h2_militia_body_smg_loadout_col
material,m/mtl_h2_militia_body_smg_loadout
xmodelsurfs,body_h2_militia_smg_lod0
xmodel,body_h2_militia_smg
image,h_valladares_head_s
image,h_valladares_head_nml
image,h_valladares_head_o
image,h_valladares_head_col
image,h_valladares_head_rvl
material,m/mtl_h2_militia_head_m_cau_a
image,h_valladares_hair_card_s
image,t_younger_hairs_nml
image,h_valladares_hair_card_o
image,h_valladares_hair_card_col
material,m/mtl_h2_valladares_hair_card
image,bandana_a_s
image,bandana_a_nml
image,bandana_a_o
image,bandana_a_col
material,m/mtl_h2_head_militia_bandana_a
xmodelsurfs,head_h2_militia_smg_lod0
xmodel,head_h2_militia_smg
image,i_h2_seal_a_body_upper_s
image,i_h2_seal_a_body_upper_n
image,i_h2_seal_a_body_upper_o
image,i_h2_seal_a_body_upper_c
material,m/mtl_h2_seal_a_body_upper
image,i_h2_seal_a_body_lower_s
image,i_h2_seal_a_body_lower_n
image,i_h2_seal_a_body_lower_o
image,i_h2_seal_a_body_lower_c
material,m/mtl_h2_seal_a_body_lower
image,i_h2_seal_a_body_glass_s
image,i_h2_seal_a_body_glass_n
image,i_h2_seal_a_body_glass_c
material,m/mtl_h2_seal_a_body_glass
image,i_h2_seal_a_body_loadout_s
image,i_h2_seal_a_body_loadout_n
image,i_h2_seal_a_body_loadout_o
image,i_h2_seal_a_body_loadout_c
material,m/mtl_h2_seal_a_body_loadout
image,i_h2_seal_a_body_lifesaver_s
image,i_h2_seal_a_body_lifesaver_n
image,i_h2_seal_a_body_lifesaver_o
image,i_h2_seal_a_body_lifesaver_c
material,m/mtl_h2_seal_a_body_lifesaver
xmodelsurfs,body_h2_seal_assault_lod0
xmodel,body_h2_seal_assault
image,i_h2_seal_a_head_face_s
image,i_h2_seal_a_head_face_n
image,i_h2_seal_a_head_face_o
image,i_h2_seal_a_head_face_c
material,m/mtl_h2_seal_a_head_face
material,m/mtl_h2_seal_a_head_eye
material,m/mtl_h2_seal_a_head_eyelash
image,i_h2_seal_a_head_gear_s
image,i_h2_seal_a_head_gear_n
image,i_h2_seal_a_head_gear_o
image,i_h2_seal_a_head_gear_c
material,m/mtl_h2_seal_a_head_gear
xmodelsurfs,head_h2_seal_assault_lod0
xmodel,head_h2_seal_assault
image,~h2_udt_body_smg_loadout_spc-~998f6e10
image,h2_udt_body_smg_loadout_nml
image,~h2_udt_body_smg_loadout_occ-l
image,h2_udt_body_smg_loadout_col
material,m/mtl_h2_udt_body_smg_loadout
material,m/mtl_h2_udt_body_smg_loadout_glass
image,h2_udt_body_smg_upperbody_s
image,h2_udt_body_smg_upperbody_nml
image,h2_udt_body_smg_upperbody_o
image,h2_udt_body_smg_upperbody_col
material,m/mtl_h2_udt_body_smg_upperbody
image,h2_udt_body_smg_harness_s
image,h2_udt_body_smg_harness_nml
image,h2_udt_body_smg_harness_o
image,h2_udt_body_smg_harness_col
material,m/mtl_h2_udt_body_smg_harness
image,udt_body_assault_a_lowerbody_s
image,udt_body_assault_a_lowerbody_nml
image,udt_body_assault_a_lowerbody_o
image,udt_body_assault_a_lowerbody_col
material,m/mtl_h2_udt_body_assault_a_lowerbody
xmodelsurfs,body_h2_seal_smg_lod0
xmodel,body_h2_seal_smg
image,h2_udt_head_m_cau_a_s
image,h2_udt_head_m_cau_a_nml
image,h2_udt_head_m_cau_a_o
image,h2_udt_head_m_cau_a_col
image,h2_udt_head_m_cau_a_rvl
material,m/mtl_h2_udt_head_m_cau_a_head
image,h2_udt_head_m_cau_a_haircap_s
image,h2_udt_head_m_cau_a_haircap_nml
image,h2_udt_head_m_cau_a_haircap_o
image,h2_udt_head_m_cau_a_haircap_col
material,m/mtl_h2_udt_head_m_cau_a_haircap
material,m/mtl_h2_udt_head_eye_shader_l
material,m/mtl_h2_udt_head_tongue
material,m/mtl_h2_udt_head_teeth
image,~h2_udt_headgear_spc-rgb&h2_u~ed06d0f5
image,h2_udt_headgear_nml
image,~h2_udt_headgear_occ-l
image,h2_udt_headgear_col
material,m/mtl_h2_udt_headgear
xmodelsurfs,head_h2_seal_smg_lod0
xmodel,head_h2_seal_smg
image,~h2_udt_lykes_spc-rgb&h2_udt_~fb279ba9
image,h2_udt_lykes_nml
image,h2_udt_lykes_col
image,h2_udt_lykes_rvl
material,m/mt_h2_udt_lykes_head
material,m/mtl_h2_udt_head_eyebrow
image,sas_woodland_headgear_s
image,sas_woodland_headgear_nml
image,sas_woodland_headgear_o
image,sas_woodland_headgear_dark_col
material,m/mtl_h2_udt_woodland_headgear
xmodelsurfs,head_h2_seal_lmg_lod0
xmodel,head_h2_seal_lmg
image,i_h2_opforce_a_body_upper_s
image,i_h2_opforce_a_body_upper_n
image,i_h2_opforce_a_body_upper_o
image,i_h2_opforce_a_body_upper_c
material,m/mtl_h2_opforce_a_body_upper
image,i_h2_opforce_a_body_lower_s
image,i_h2_opforce_a_body_lower_n
image,i_h2_opforce_a_body_lower_o
image,i_h2_opforce_a_body_lower_c
material,m/mtl_h2_opforce_a_body_lower
image,~h2_militia_body_assault_load~22e5134f
image,h2_militia_body_assault_loadout_nml
image,~h2_militia_body_assault_loadout_occ-l
image,h2_arab_body_assault_loadout_col
material,m/mtl_h2_opforce_a_body_loadout
image,i_h2_opforce_a_body_gear_s
image,i_h2_opforce_a_body_gear_n
image,i_h2_opforce_a_body_gear_o
image,i_h2_opforce_a_body_gear_c
material,m/mtl_h2_opforce_a_body_gear
image,i_h2_opforce_a_body_scarf_s
image,i_h2_opforce_a_body_scarf_n
image,i_h2_opforce_a_body_scarf_o
image,i_h2_opforce_a_body_scarf_c
material,m/mtl_h2_opforce_a_body_scarf
xmodelsurfs,body_h2_opforce_assault_lod0
xmodel,body_h2_opforce_assault
image,i_h2_opforce_a_head_keffiyeh_s
image,i_h2_opforce_a_head_keffiyeh_n
image,i_h2_opforce_a_head_keffiyeh_o
image,i_h2_opforce_a_head_keffiyeh_c
material,m/mtl_h2_opforce_a_head_keffiyeh
material,m/mtl_h2_opforce_a_head_eye
image,i_h2_opforce_a_head_face_s
image,i_h2_opforce_a_head_face_n
image,i_h2_opforce_a_head_face_o
image,i_h2_opforce_a_head_face_c
material,m/mtl_h2_opforce_a_head_face
image,i_h2_opforce_a_head_keffiyeh_fray_s
image,i_h2_opforce_a_head_keffiyeh_fray_n
image,i_h2_opforce_a_head_keffiyeh_fray_o
image,i_h2_opforce_a_head_keffiyeh_fray_c
material,m/mtl_h2_opforce_a_head_keffiyeh_fray
material,m/mtl_h2_opforce_a_head_eyelash
xmodelsurfs,head_h2_opforce_assault_lod0
xmodel,head_h2_opforce_assault
image,~h2_arab_body_lmg_upperbody_s~4670d795
image,h2_arab_body_lmg_upperbody_nml
image,~h2_arab_body_lmg_upperbody_occ-l
image,h2_arab_body_smg_upperbody_col
material,m/mtl_h2_arab_body_smg_upperbody
image,~h2_arab_body_lmg_lowerbody_s~af93dfdd
image,h2_arab_body_lmg_lowerbody_nml
image,~h2_arab_body_lmg_lowerbody_occ-l
image,h2_arab_body_smg_lowerbody_col
material,m/mtl_h2_arab_body_smg_lowerbody
image,h2_arab_body_smg_loadout_col
material,m/mtl_h2_arab_body_smg_loadout
image,~h2_arab_body_smg_gear_spc-rg~dbba625f
image,h2_arab_body_smg_gear_nml
image,~h2_arab_body_smg_gear_occ-l
image,h2_arab_body_smg_gear_col
material,m/mtl_h2_arab_body_smg_gear
xmodelsurfs,body_h2_opforce_smg_lod0
xmodel,body_h2_opforce_smg
material,m/mtl_h2_common_head_eye_shader_l_lightbrown
material,m/mtl_h2_common_head_eye_shader_r_lightbrown
image,~$white-r85g85b85&arab_b_head~c1ae227e
image,arab_b_head_scarf_nml
image,~arab_b_head_scarf_occ-l
image,arab_b_head_scarf_col
material,m/mtl_h2_head_arab_b_scarf
image,~arab_a_head_spc-rgb&arab_a_h~0748b739
image,arab_a_head_nml
image,~arab_b_head_occ-l
image,arab_b_head_col
image,arab_a_head_rvl
material,m/mtl_h2_head_arab_b_head
xmodelsurfs,head_h2_opforce_smg_lod0
xmodel,head_h2_opforce_smg
image,h2_arab_body_lmg_upperbody_col
material,m/mtl_h2_arab_body_lmg_upperbody
image,h2_arab_body_lmg_lowerbody_col
material,m/mtl_h2_arab_body_lmg_lowerbody
image,~h2_arab_body_lmg_loadout_spc~b610758c
image,h2_arab_body_lmg_loadout_nml
image,~h2_arab_body_lmg_loadout_occ-l
image,h2_arab_body_lmg_loadout_col
material,m/mtl_h2_arab_body_lmg_loadout
xmodelsurfs,body_h2_opforce_lmg_lod0
xmodel,body_h2_opforce_lmg
image,~arab_a_head_occ-l
image,arab_a_head_col
material,m/mtl_h2_head_arab_a_head
material,m/mtl_arab_head_eyelash
image,arab_opfor_lmg_headgear_mp_s
image,spetsnaz_balaclava_a1_nml
image,arab_opfor_lmg_headgear_mp_o
image,arab_opfor_lmg_headgear_mp_col
material,m/mtl_h1_head_sp_arab_regular_asadcoup_facemask
material,m/mtl_arab_head_eye
material,m/mtl_arab_head_tongue
material,m/mtl_arab_head_teeth
xmodelsurfs,head_h2_opforce_lmg_lod0
xmodel,head_h2_opforce_lmg
rawfile,h2m_rangers
