rawfile,scripts/utility.gsc
rawfile,maps/mp/gametypes/_damage.gsc
rawfile,maps/mp/gametypes/_hardpoints.gsc
rawfile,maps/mp/gametypes/_hud_message.gsc
rawfile,maps/mp/gametypes/_menus.gsc
rawfile,maps/mp/gametypes/_missions.gsc
rawfile,maps/mp/gametypes/_persistence.gsc
rawfile,maps/mp/gametypes/_weapons.gsc
rawfile,maps/mp/gametypes/hp.gsc
rawfile,maps/mp/h2_killstreaks/_ac130.gsc
rawfile,maps/mp/h2_killstreaks/_airdrop.gsc
rawfile,maps/mp/h2_killstreaks/_airstrike.gsc
rawfile,maps/mp/h2_killstreaks/_autosentry.gsc
rawfile,maps/mp/h2_killstreaks/_common.gsc
rawfile,maps/mp/h2_killstreaks/_emp.gsc
rawfile,maps/mp/h2_killstreaks/_harrier.gsc
rawfile,maps/mp/h2_killstreaks/_nuke.gsc
rawfile,maps/mp/h2_killstreaks/_remotemissile.gsc
rawfile,maps/mp/h2_killstreaks/_uav.gsc
rawfile,maps/mp/perks/_perkfunctions.gsc
rawfile,maps/mp/perks/_perks.gsc
rawfile,maps/mp/_events.gsc
rawfile,maps/mp/_helicopter.gsc
rawfile,maps/mp/_javelin.gsc
rawfile,maps/mp/_matchdata.gsc
rawfile,maps/mp/_stinger.gsc
rawfile,scripts/mp/barriers.gsc
rawfile,scripts/mp/bot_patches.gsc
rawfile,scripts/mp/domination.gsc
rawfile,scripts/mp/endgame_patch.gsc
rawfile,scripts/mp/gun.gsc
rawfile,scripts/mp/h2m_new.gsc
rawfile,scripts/mp/patches.gsc
rawfile,scripts/mp/rank_patches.gsc
rawfile,scripts/mp/utility_patches.gsc
rawfile,scripts/mp_patches/common.gsc
rawfile,scripts/mp_patches/custom_teams.gsc
rawfile,scripts/mp_patches/custom_weapons.gsc
rawfile,scripts/vlobby_patches/vlobby_cac.gsc
rawfile,scripts/vlobby_patches/vlobby_weapons.gsc
rawfile,ui_scripts/mp/buttons/__init__.lua
rawfile,ui_scripts/mp/create_a_class/details.lua
rawfile,ui_scripts/mp/create_a_class/loadout_editor.lua
rawfile,ui_scripts/mp/create_a_class/loadout_weapons.lua
rawfile,ui_scripts/mp/create_a_class/utils.lua
rawfile,ui_scripts/mp/create_a_class/__init__.lua
rawfile,ui_scripts/mp/discord/__init__.lua
rawfile,ui_scripts/mp/dividers/__init__.lua
rawfile,ui_scripts/mp/h2m_ui_scripts/__init__.lua
rawfile,ui_scripts/mp/h2m_ui_scripts/components/generic.lua
rawfile,ui_scripts/mp/h2m_ui_scripts/components/tabs.lua
rawfile,ui_scripts/mp/h2m_ui_scripts/components/visual_config.lua
rawfile,ui_scripts/mp/h2m_ui_scripts/menus/cacdetails.lua
rawfile,ui_scripts/mp/h2m_ui_scripts/menus/mp_main_menu.lua
rawfile,ui_scripts/mp/hud/actionslothud.lua
rawfile,ui_scripts/mp/hud/damage_feedback.lua
rawfile,ui_scripts/mp/hud/deathstreak.lua
rawfile,ui_scripts/mp/hud/experience_bar.lua
rawfile,ui_scripts/mp/hud/hints.lua
rawfile,ui_scripts/mp/hud/hud_utils.lua
rawfile,ui_scripts/mp/hud/killcam.lua
rawfile,ui_scripts/mp/hud/low_ammo_warning.lua
rawfile,ui_scripts/mp/hud/minimap.lua
rawfile,ui_scripts/mp/hud/mp_hud.lua
rawfile,ui_scripts/mp/hud/obituary.lua
rawfile,ui_scripts/mp/hud/options.lua
rawfile,ui_scripts/mp/hud/perks.lua
rawfile,ui_scripts/mp/hud/playercard_events.lua
rawfile,ui_scripts/mp/hud/roundend.lua
rawfile,ui_scripts/mp/hud/score_popup.lua
rawfile,ui_scripts/mp/hud/scoreboard.lua
rawfile,ui_scripts/mp/hud/splashes.lua
rawfile,ui_scripts/mp/hud/stuck.lua
rawfile,ui_scripts/mp/hud/team_scores.lua
rawfile,ui_scripts/mp/hud/weapon_info.lua
rawfile,ui_scripts/mp/hud/__init__.lua
rawfile,ui_scripts/mp/hud/killstreaks/ac130.lua
rawfile,ui_scripts/mp/hud/killstreaks/chopper.lua
rawfile,ui_scripts/mp/hud/killstreaks/emp.lua
rawfile,ui_scripts/mp/hud/killstreaks/predator.lua
rawfile,ui_scripts/mp/hud/weapons/javelin.lua
rawfile,ui_scripts/mp/killstreak/__init__.lua
rawfile,ui_scripts/mp/killstreak/menu.lua
rawfile,ui_scripts/mp/liam_tests/hud.lua
rawfile,ui_scripts/mp/liam_tests/__init__.lua
rawfile,ui_scripts/mp/loadscreen/__init__.lua
rawfile,ui_scripts/mp/main_menu/__init__.lua
rawfile,ui_scripts/mp/map_selection/h1_tab.lua
rawfile,ui_scripts/mp/map_selection/h2_tab.lua
rawfile,ui_scripts/mp/map_selection/iw4_tab.lua
rawfile,ui_scripts/mp/map_selection/map_selection_new.lua
rawfile,ui_scripts/mp/map_selection/__init__.lua
rawfile,ui_scripts/mp/map_selection/data/dividers.lua
rawfile,ui_scripts/mp/map_selection/data/h1_maps.lua
rawfile,ui_scripts/mp/map_selection/data/h2_maps.lua
rawfile,ui_scripts/mp/map_selection/data/iw4_maps.lua
rawfile,ui_scripts/mp/map_selection/data/maps.lua
rawfile,ui_scripts/mp/motd/featured.lua
rawfile,ui_scripts/mp/motd/motd.lua
rawfile,ui_scripts/mp/motd/__init__.lua
rawfile,ui_scripts/mp/options/gamepad_controls.lua
rawfile,ui_scripts/mp/options/lookcontrols.lua
rawfile,ui_scripts/mp/options/pcaudio.lua
rawfile,ui_scripts/mp/options/pcdisplay.lua
rawfile,ui_scripts/mp/options/pcoptions.lua
rawfile,ui_scripts/mp/options/pcvideo.lua
rawfile,ui_scripts/mp/options/__init__.lua
rawfile,ui_scripts/mp/patches/calling_card_aspect.lua
rawfile,ui_scripts/mp/patches/custom_classes.lua
rawfile,ui_scripts/mp/patches/mpcustomclassrestrictions.lua
rawfile,ui_scripts/mp/patches/patch_unused_menus.lua
rawfile,ui_scripts/mp/patches/prestige_menu.lua
rawfile,ui_scripts/mp/patches/prestigepreviewwidget.lua
rawfile,ui_scripts/mp/patches/__init__.lua
rawfile,ui_scripts/mp/server_list/confirm.lua
rawfile,ui_scripts/mp/server_list/serverlist.lua
rawfile,ui_scripts/mp/server_list/__init__.lua
rawfile,ui_scripts/mp/startup/__init__.lua
rawfile,ui_scripts/mp/systemlinkmenu/gamesetup.lua
rawfile,ui_scripts/mp/systemlinkmenu/__init__.lua
rawfile,ui_scripts/mp/title/__init__.lua
rawfile,ui_scripts/mp/vlobby/__init__.lua
rawfile,h2m_files
