vertexshader,position_only.hlsl
pixelshader,null.hlsl
vertexshader,vertcol_simple_zp_rvel_nc_noatest.hlsl
pixelshader,vertcol_simple_zp_vel_nc.hlsl
vertexshader,vertcol_simple_zp_svel_nc_noatest.hlsl
vertexshader,vertcol_simple_zp_hidir_nc_noatest.hlsl
pixelshader,vertcol_simple_zp_hidir_nc.hlsl
vertexshader,vertcol_simple_zp_hidir_rvel_nc_noatest.hlsl
pixelshader,vertcol_simple_zp_hidir_vel_nc.hlsl
vertexshader,vertcol_simple_zp_hidir_svel_nc_noatest.hlsl
vertexshader,vertcol_simple_mtlclr_nofog_nc.hlsl
pixelshader,vertcol_shaded_nofog_lin_dc1dn1ds1dg1dna1_nc.hlsl
vertexshader,lpo_sm_nofog_dn_ds_l0n_s_tc0n0_nc.hlsl
pixelshader,lpo_sm_nofog_dc1dn1ds1dg1dna1_lmpb_l0n_r0c0n0s0om0_nc.hlsl
pixelshader,lpo_sm_nofog_dc1dn1ds1dg1dna1_lmpb_l0d_r0c0n0s0om0_nc.hlsl
vertexshader,lpo_sm_nofog_dn_ds_l0d_l0sd_s_tc0n0_nc.hlsl
pixelshader,lpo_sm_nofog_dc1dn1ds1dg1dna1_lmpb_l0d_l0sd_r0c0n0s0om0_nc.hlsl
pixelshader,lpo_sm_nofog_dc1dn1ds1dg1dna1_lmpb_l0s_r0c0n0s0om0_nc.hlsl
pixelshader,lpo_sm_nofog_dc1dn1ds1dg1dna1_lmpb_l0s_l0ss_r0c0n0s0om0_nc.hlsl
pixelshader,lpo_sm_nofog_dc1dn1ds1dg1dna1_lmpb_l0s_l0sc_cuc_r0c0n0s0om0_nc.hlsl
pixelshader,lpo_sm_nofog_dc1dn1ds1dg1dna1_lmpb_l0o_r0c0n0s0om0_nc.hlsl
pixelshader,lpo_sm_nofog_dc1dn1ds1dg1dna1_lmpb_l0o_l0ss_r0c0n0s0om0_nc.hlsl
vertexshader,lpo_sm_nofog_dn_ds_ldbsm_cuc_s_tc0n0_nc.hlsl
pixelshader,lpo_sm_nofog_dc1dn1ds1dg1dna1_lmpb_ldbsm_cuc_r0c0n0s0om0_nc.hlsl
pixelshader,lpo_sm_nofog_dc1dn1ds1dg1dna1_lmpb_ldb_sunsm_cuc_r0c0n0s0om0_nc.hlsl
pixelshader,lpo_sm_nofog_dc1dn1ds1dg1dna1_lmpb_ldbsm_r0c0n0s0om0_nc.hlsl
pixelshader,lpo_sm_nofog_dc1dn1ds1dg1dna1_lmpb_ldb_sunsm_r0c0n0s0om0_nc.hlsl
vertexshader,l_point_feo_s_tc0n0_nc.hlsl
pixelshader,l_spot_feo_dc1dn1ds1dg1dna1_lmpb_r0c0n0s0om0_nc.hlsl
pixelshader,l_omni_feo_dc1dn1ds1dg1dna1_lmpb_r0c0n0s0om0_nc.hlsl
vertexshader,l_point_feo_l0s2_sm_s_tc0n0_nc.hlsl
pixelshader,l_spot_feo_dc1dn1ds1dg1dna1_lmpb_l0s2_sm_r0c0n0s0om0_nc.hlsl
pixelshader,l_spot_feo_dc1dn1ds1dg1dna1_lmpb_l0s3_cuc_sm_r0c0n0s0om0_nc.hlsl
vertexshader,l_point_s_tc0n0_nc.hlsl
pixelshader,l_spot_dc1dn1ds1dg1dna1_lmpb_r0c0n0s0om0_nc.hlsl
pixelshader,l_omni_dc1dn1ds1dg1dna1_lmpb_r0c0n0s0om0_nc.hlsl
vertexshader,l_point_l0s2_sm_s_tc0n0_nc.hlsl
pixelshader,l_spot_dc1dn1ds1dg1dna1_lmpb_l0s2_sm_r0c0n0s0om0_nc.hlsl
pixelshader,l_spot_dc1dn1ds1dg1dna1_lmpb_l0s3_cuc_sm_r0c0n0s0om0_nc.hlsl
vertexshader,vertcol_untextured_nc_nofog.hlsl
pixelshader,vertcol_untextured_lin_nofog.hlsl
vertexshader,velocity_sm_nc_vrigid.hlsl
pixelshader,velocity_sm_nc_vrigid.hlsl
vertexshader,velocity_sm_nc_vskinned.hlsl
vertexshader,debug_normals_nc.hlsl
pixelshader,debug_normals_ps.hlsl
vertexshader,instanced_position_only.hlsl
vertexshader,vertcol_simple_zp_i_rvel_nc_noatest.hlsl
vertexshader,vertcol_simple_zp_i_svel_nc_noatest.hlsl
vertexshader,vertcol_simple_zp_i_hidir_nc_noatest.hlsl
vertexshader,vertcol_simple_zp_i_hidir_rvel_nc_noatest.hlsl
vertexshader,vertcol_simple_zp_i_hidir_svel_nc_noatest.hlsl
vertexshader,vertcol_simple_i_mtlclr_nofog_nc.hlsl
vertexshader,lpo_sm_i_nofog_dn_ds_l0n_s_tc0n0_nc.hlsl
vertexshader,lpo_sm_i_nofog_dn_ds_l0d_l0sd_s_tc0n0_nc.hlsl
vertexshader,lpo_sm_i_nofog_dn_ds_ldbsm_cuc_s_tc0n0_nc.hlsl
vertexshader,l_point_feo_i_s_tc0n0_nc.hlsl
vertexshader,l_point_feo_l0s2_i_sm_s_tc0n0_nc.hlsl
vertexshader,l_point_i_s_tc0n0_nc.hlsl
vertexshader,l_point_l0s2_i_sm_s_tc0n0_nc.hlsl
vertexshader,vertcol_untextured_i_nc_nofog.hlsl
vertexshader,debug_normals_i_nc.hlsl
vertexdecl,pp.7
vertexdecl,pp.f
vertexdecl,pp.fnn.7
vertexdecl,pp.ft0t0.3
vertexdecl,pp.ft0t0.3nn.ftt2.f
vertexdecl,pp.ft0t0.3nn.7tt1.7
techset,m_l_sm_lmpb_dc1dn1ds1dg1dna1_r0c0n0sd0om0_nfwpf
image,camo_transparent_col
image,$black_color
image,i_h2_aa12_rail_n
image,camo_nml
image,i_h2_aa12_rail_o
image,i_h2_aa12_rail_c
image,i_h2_aa12_rail_m
image,~camo_spcmaps_01_spc-rgb&camo~b29a8732
image,~envbrdflut_ggx_16-rg
material,m/mtl_h2_aa12_rail_camo
image,i_h2_aa12_details_s
image,i_h2_aa12_details_n
image,i_h2_aa12_details_o
image,i_h2_aa12_details_c
image,i_h2_aa12_details_m
material,m/mtl_h2_aa12_details_camo
image,i_h2_aa12_body_s
image,i_h2_aa12_body_n
image,i_h2_aa12_body_o
image,i_h2_aa12_body_c
image,i_h2_aa12_body_m
material,m/mtl_h2_aa12_body_camo
image,i_h2_aa12_mag_n
image,i_h2_aa12_mag_o
image,i_h2_aa12_mag_c
image,i_h2_aa12_mag_m
material,m/mtl_h2_aa12_mag_camo
image,i_h2_aa12_sight_s
image,i_h2_aa12_sight_n
image,i_h2_aa12_sight_o
image,i_h2_aa12_sight_c
image,i_h2_aa12_sight_m
material,m/mtl_h2_aa12_sight_camo
xmodelsurfs,wpn_h2_aa12_vm_lod0
xmodel,wpn_h2_aa12_vm
xmodelsurfs,wpn_h2_aa12_npc_lod0
xmodel,wpn_h2_aa12_npc
vertexshader,vs_vertcol_simple_flf_nofog_ems_nc.hlsl
pixelshader,vertcol_simple_hss_flf_tsm_nofog_ndw_ems_nc.hlsl
pixelshader,vertcol_simple_hss_flf_nofog_ndw_ems_nc.hlsl
techset,m_effect_blend_nofog_ndw
image,h1_og_missing_fx
material,m/gfx_missing_fx
xmodelsurfs,empty_model000
xmodel,viewmodel_base_viewhands
xmodel,wpn_h1_melee_combat_knife_vm
xmodel,wpn_h1_melee_combat_knife_npc
xanim,vm_h2_aa12_idle
xanim,vm_h2_aa12_fire
xanim,h1_wpn_knife_melee_slice
xanim,h1_wpn_knife_melee_stab
xanim,vm_h2_aa12_reload
xanim,vm_h2_aa12_reload_empty
xanim,vm_h2_aa12_raise
xanim,vm_h2_aa12_raise_first
xanim,vm_h2_aa12_drop
xanim,vm_h2_aa12_raise_quick
xanim,vm_h2_aa12_drop_quick
xanim,vm_h2_aa12_sprint_in
xanim,vm_h2_aa12_sprint_loop
xanim,vm_h2_aa12_sprint_out
xanim,vm_h2_aa12_fire_ads_last
xanim,h2_vm_mp_mantle_57_up
xanim,h2_vm_mp_mantle_51_up
xanim,h2_vm_mp_mantle_45_up
xanim,h2_vm_mp_mantle_39_up
xanim,h2_vm_mp_mantle_33_up
xanim,h2_vm_mp_mantle_57_over
xanim,h2_vm_mp_mantle_51_over
xanim,h2_vm_mp_mantle_45_over
xanim,h2_vm_mp_mantle_39_over
xanim,h2_vm_mp_mantle_33_over
xanim,vm_h2_aa12_inspect
xanim,vm_h2_aa12_ads_up
xanim,vm_h2_aa12_ads_down
xanim,vm_jump
xanim,vm_land
xanim,vm_land_heavy
xanim,h1_wpn_generic_walk_f
xanim,vm_crawl_in
xanim,h1_wpn_generic_crawl_f
xanim,h1_wpn_generic_crawl_b
xanim,vm_prone_drop
xanim,h2_vm_mp_mantle_27_up
xanim,h2_vm_mp_mantle_21_up
xanim,h2_vm_mp_mantle_27_over
xanim,h2_vm_mp_mantle_21_over
attachment,fmj
attachment,foregrip
attachment,holo
attachment,reflex
attachment,silencershotgun
attachment,xmag
sndcurve,$default
lpfcurve,$default
reverbsendcurve,$default
loaded_sound,h1_weapons/melee/h2h_knife_stab1
loaded_sound,h1_weapons/melee/h2h_knife_stab2
sound,melee_knife_stab
loaded_sound,weapons/h2/aa12/lift
sound,wpn_aa12_fly_lift
loaded_sound,weapons/h2/aa12/mag_out
sound,wpn_aa12_fly_mag_out
loaded_sound,weapons/h2/aa12/mag_in
sound,wpn_aa12_fly_mag_in
loaded_sound,weapons/h2/aa12/chamber
sound,wpn_aa12_fly_chamber
loaded_sound,weapons/h2/aa12/bolt_back
sound,wpn_aa12_fly_bolt_back
loaded_sound,weapons/h2/aa12/bolt_forward
sound,wpn_aa12_fly_bolt_forward
loaded_sound,null
sound,wpn_aa12_fly_inspect_look1
sound,wpn_aa12_fly_inspect_rest
sound,
sound,
sound,
sound,
sound,
sound,
sound,
sound,
sound,
sound,
sound,
sound,
sound,
sound,
sound,
sound,
sound,
sound,
sound,
sound,
sound,
sound,
sound,
sound,
sound,
sound,
sound,
vertexshader,vs_vertcol_simple_flf_fog_ems.hlsl
pixelshader,ice_vertcol_simple_hss_flf_tsm_fog_ndw_ems.hlsl
pixelshader,ice_vertcol_simple_hss_flf_fog_ndw_ems.hlsl
vertexshader,vs_vertcol_simple_flf_dfog_ems.hlsl
pixelshader,ice_vertcol_simple_hss_flf_dfog_ndw_ems.hlsl
vertexshader,vertcol_untextured_nofog.hlsl
vertexdecl,pp.fcc0.ft0t0.3
vertexdecl,pp.fcc0.f
techset,effect_blend_ndw_ice
image,shrinking_pebbles_1
material,fx_shrinking_pebbles_1_blend_z0
fx,
fx,
fx,
fx,
fx,
fx,
fx,
fx,
fx,
fx,
fx,
fx,
fx,
fx,
fx,
fx,
vertexshader,vertcol_eyeofs_flf_fog_feo_foa_ems.hlsl
pixelshader,vertcol_simple_hss_flf_add_fog_feo_addblend_ndw_ems.hlsl
vertexshader,zfeather_l0s_flf_foa_fog_feo_eo.hlsl
pixelshader,zfeather_l0s_hss_flf_premul_fog_feo_addblend_ndw.hlsl
vertexshader,zfeather_l0s_flf_foa_dfog_eo.hlsl
pixelshader,zfeather_l0s_hss_flf_premul_dfog_addblend_ndw.hlsl
vertexdecl,pp.fcc0.ft0t0.3nn.7
techset,effect_zf_falloff_add_eo_ndw
image,muzzle_flash_round_01_tip
material,fx_muzzle_flash_round_01_add_atlas_god_z10_e5_tip
vertexshader,distortion_scale_legacydst_zf_ui.hlsl
pixelshader,distortion_scale_dat_legacydst_zf_ui.hlsl
vertexshader,distortion_scale_legacydst_zf.hlsl
pixelshader,distortion_scale_dat_legacydst_zf.hlsl
vertexdecl,pp.fcc0.ft0t0.3nn.7tt1.7
techset,distortion_scale_legacydst_zf_dat
image,h1_og_distortion_heat
material,gfx_distortion_heat_far
vertexshader,vertcol_simple_flf_fog_feo_ems.hlsl
vertexshader,zfeather_l0s_flf_fog_feo.hlsl
vertexshader,zfeather_l0s_flf_dfog.hlsl
techset,effect_zf_add_ndw
image,fire_puff_top_a
material,fx_fire_puff_top_a_add_atlas_z20
vertexshader,zfeather_l0s_flf_tsm_fog_tab.hlsl
pixelshader,zfeather_l0s_hss_flf_tsm_fog_tab_ndw.hlsl
vertexshader,vs_vertcol_simple_flf_fog_tab_ems.hlsl
pixelshader,vertcol_simple_hss_flf_fog_ndw_tab_ems.hlsl
vertexshader,zfeather_l0s_flf_fog_tab.hlsl
pixelshader,zfeather_l0s_hss_flf_fog_tab_ndw.hlsl
vertexshader,zfeather_l0s_flf_dfog_tab.hlsl
pixelshader,zfeather_l0s_hss_flf_dfog_tab_ndw.hlsl
techset,effect_zf_blend_tab_ndw
image,smk_white_muzzle_tip
material,fx_smk_white_muzzle_blend_atlas_z40_fb_tip
vertexshader,particle_cloud_sparkf_flf_l0n.hlsl
pixelshader,particle_cloud_sparkf_flf_l0n_premul_ga_lcm.hlsl
techset,particle_cloud_lcm_hss_sparkf_add_ga
image,sparks_blur_hdr
material,sparkfountain_blur_hdr_add_atlas
vertexshader,vs_vertcol_simple_flf_nofog_ems.hlsl
pixelshader,vertcol_simple_hss_flf_add_addblend_ndw_ems.hlsl
techset,effect_add_nofog_ndw
image,h1_og_exp_spark
material,gfx_exp_spark
fx,fx/muzzleflashes/flash_light_fv_child
fx,fx/muzzleflashes/shotgunflash_view
vertexshader,zfeather_l0s_flf.hlsl
pixelshader,zfeather_l0s_hss_flf_premul_addblend_ndw.hlsl
techset,effect_zf_add_nofog_ndw
image,explosion_flash_atlas
material,gfx_explosion_flash_atlas
fx,fx/muzzleflashes/light_flash_wv_a
fx,fx/muzzleflashes/light_flash_wv_b
fx,fx/muzzleflashes/light_flash_wv_c
fx,fx/muzzleflashes/shotgunflash
loaded_sound,foley/weapmvmt/wpn_med_pick_up_01
loaded_sound,foley/weapmvmt/wpn_med_pick_up_02
loaded_sound,foley/weapmvmt/wpn_med_pick_up_03
sound,wpn_med_pickup
sound,wpn_med_pickup_plr
loaded_sound,foley/weapmvmt/wpn_ammo_pickup_01
loaded_sound,foley/weapmvmt/wpn_ammo_pickup_02
loaded_sound,foley/weapmvmt/wpn_ammo_pickup_03
sound,wpn_ammo_pickup
sound,wpn_ammo_pickup_plr
sndcurve,weapon4
loaded_sound,weapons/h2/aa12/fire_npc
sound,wpn_aa12_fire_npc
loaded_sound,weapons/h2/aa12/fire_plr
sound,wpn_aa12_fire_plr
sndcurve,exponential_40db
loaded_sound,weapon/dryfire/wpn_dryfire_sg_01
loaded_sound,weapon/dryfire/wpn_dryfire_sg_02
loaded_sound,weapon/dryfire/wpn_dryfire_sg_03
loaded_sound,weapon/dryfire/wpn_dryfire_sg_04
sound,wpn_dryfire_sg_npc
sound,wpn_dryfire_sg_plr
loaded_sound,h1_weapons/melee/melee_swing01
loaded_sound,h1_weapons/melee/melee_swing03
sound,melee_swing_large
sound,h2_shotgun_melee_hit
sound,h2_shotgun_melee_miss
loaded_sound,h1_items/night_vision_on
sound,item_nightvision_on_mp
loaded_sound,h1_items/night_vision_off
sound,item_nightvision_off_mp
loaded_sound,foley/weapmvmt/wpn_med_raise_01
loaded_sound,foley/weapmvmt/wpn_med_raise_02
loaded_sound,foley/weapmvmt/wpn_med_raise_03
sound,wpn_med_raise
sound,wpn_med_raise_plr
loaded_sound,foley/weapmvmt/wpn_med_holster_01
loaded_sound,foley/weapmvmt/wpn_med_holster_02
loaded_sound,foley/weapmvmt/wpn_med_holster_03
sound,wpn_med_holster
sound,wpn_med_holster_plr
loaded_sound,foley/weapmvmt/wpn_med_ads_up_01
loaded_sound,foley/weapmvmt/wpn_med_ads_up_02
sound,wpn_med_ads_up_plr
loaded_sound,foley/weapmvmt/wpn_med_ads_down_01
loaded_sound,foley/weapmvmt/wpn_med_ads_down_02
sound,wpn_med_ads_down_plr
xmodel,wpn_h1_shell_12ga_npc
loaded_sound,weapons/shells/shell_bounce_sg01
loaded_sound,weapons/shells/shell_bounce_sg02
loaded_sound,weapons/shells/shell_bounce_sg03
loaded_sound,weapons/shells/shell_bounce_sg04
loaded_sound,weapons/shells/shell_bounce_sg05
loaded_sound,weapons/shells/shell_bounce_sg06
loaded_sound,weapons/shells/shell_bounce_sg07
sound,shell_shotgun_default
fx,vfx/shelleject/shotgun_resting
fx,vfx/shelleject/shotgun_view_blurred01
fx,vfx/shelleject/shotgun_view_blurred02
fx,vfx/shelleject/shotgun_view_blurred03
fx,vfx/shelleject/shotgun_view
fx,vfx/shelleject/shotgun
vertexshader,unlit_2d_pw.hlsl
pixelshader,unlit_2d.hlsl
techset,2d
image,hip_reticle_shotgun
material,reticle_shotgun
vertexshader,unlit_2d_pw.hlsl_h2
pixelshader,unlit_2d.hlsl_h2
vertexdecl,pp.fcc0.ft0t0.3_h2
techset,2d_h2
image,h2_weapon_aa12
material,hud_icon_aa12
image,default
material,hud_icon_shotgun
phys_collmap,weapon_aa12
physpreset,weapon_heavy
vertexshader,trivial_vertcol_simple.hlsl
pixelshader,vertcol_simple_cso_hss_slf_flf_add_ct_addblend_ndw_ems.hlsl
techset,effect_cso_hss_add_slf_ct_nofog_ndw
image,tracer#0
material,fx_tracer
tracer,defaulttracer
weapon,h2_aa12_mp
image,i_h2_m1014_receiver_s
image,i_h2_m1014_receiver_n
image,i_h2_m1014_receiver_o
image,i_h2_m1014_receiver_c
image,i_h2_m1014_receiver_m
material,m/mtl_h2_m1014_receiver_camo
image,i_h2_m1014_stock_s
image,i_h2_m1014_stock_n
image,i_h2_m1014_stock_o
image,i_h2_m1014_stock_c
material,m/mtl_h2_m1014_stock_camo
image,i_h2_m1014_ironsight_s
image,i_h2_m1014_ironsight_n
image,i_h2_m1014_ironsight_o
image,i_h2_m1014_ironsight_c
material,m/mtl_h2_m1014_ironsight_camo
image,i_h2_m1014_handguard_s
image,i_h2_m1014_handguard_n
image,i_h2_m1014_handguard_o
image,i_h2_m1014_handguard_c
material,m/mtl_h2_m1014_handguard_camo
pixelshader,vertcol_shaded_nofog_lin_nc.hlsl
vertexshader,lpo_sm_nofog_l0n_tc0_nc.hlsl
pixelshader,lpo_sm_nofog_lmpb_l0n_misv_r0c0_nc.hlsl
pixelshader,lpo_sm_nofog_lmpb_l0d_misv_r0c0_nc.hlsl
vertexshader,lpo_sm_nofog_l0d_l0sd_tc0_nc.hlsl
pixelshader,lpo_sm_nofog_lmpb_l0d_l0sd_misv_r0c0_nc.hlsl
vertexshader,lpo_sm_nofog_l0s_tc0_nc.hlsl
pixelshader,lpo_sm_nofog_lmpb_l0s_misv_r0c0_nc.hlsl
pixelshader,lpo_sm_nofog_lmpb_l0s_l0ss_misv_r0c0_nc.hlsl
pixelshader,lpo_sm_nofog_lmpb_l0s_l0sc_cuc_misv_r0c0_nc.hlsl
pixelshader,lpo_sm_nofog_lmpb_l0o_misv_r0c0_nc.hlsl
pixelshader,lpo_sm_nofog_lmpb_l0o_l0ss_misv_r0c0_nc.hlsl
vertexshader,lpo_sm_nofog_ldbsm_cuc_tc0_nc.hlsl
pixelshader,lpo_sm_nofog_lmpb_ldbsm_cuc_misv_r0c0_nc.hlsl
pixelshader,lpo_sm_nofog_lmpb_ldb_sunsm_cuc_misv_r0c0_nc.hlsl
pixelshader,lpo_sm_nofog_lmpb_ldbsm_misv_r0c0_nc.hlsl
pixelshader,lpo_sm_nofog_lmpb_ldb_sunsm_misv_r0c0_nc.hlsl
vertexshader,l_point_feo_tc0_nc.hlsl
pixelshader,l_spot_feo_lmpb_r0c0_nc.hlsl
pixelshader,l_omni_feo_lmpb_r0c0_nc.hlsl
vertexshader,l_point_feo_l0s2_sm_tc0_nc.hlsl
pixelshader,l_spot_feo_lmpb_l0s2_sm_r0c0_nc.hlsl
pixelshader,l_spot_feo_lmpb_l0s3_cuc_sm_r0c0_nc.hlsl
vertexshader,l_point_tc0_nc.hlsl
pixelshader,l_spot_lmpb_r0c0_nc.hlsl
pixelshader,l_omni_lmpb_r0c0_nc.hlsl
vertexshader,l_point_l0s2_sm_tc0_nc.hlsl
pixelshader,l_spot_lmpb_l0s2_sm_r0c0_nc.hlsl
pixelshader,l_spot_lmpb_l0s3_cuc_sm_r0c0_nc.hlsl
vertexshader,lpo_sm_i_nofog_l0n_tc0_nc.hlsl
vertexshader,lpo_sm_i_nofog_l0d_l0sd_tc0_nc.hlsl
vertexshader,lpo_sm_i_nofog_l0s_tc0_nc.hlsl
vertexshader,lpo_sm_i_nofog_ldbsm_cuc_tc0_nc.hlsl
vertexshader,l_point_feo_i_tc0_nc.hlsl
vertexshader,l_point_feo_l0s2_i_sm_tc0_nc.hlsl
vertexshader,l_point_i_tc0_nc.hlsl
vertexshader,l_point_l0s2_i_sm_tc0_nc.hlsl
vertexdecl,pp.ft0t0.3nn.f
techset,m_l_sm_lmpb_r0c0_nfwpf_misv
image,i_h2_m1014_sight_ems
image,$identitynormalmap
material,m/mtl_h2_m1014_sight_ems
xmodelsurfs,wpn_h2_m1014_vm_lod0
xmodel,wpn_h2_m1014_vm
xmodelsurfs,wpn_h2_m1014_npc_lod0
xmodel,wpn_h2_m1014_npc
xanim,vm_h2_m1014_idle
xanim,vm_h2_m1014_fire
xanim,vm_h2_m1014_reload_loop
xanim,vm_h2_m1014_reload_start
xanim,vm_h2_m1014_reload_end
xanim,vm_h2_m1014_raise
xanim,vm_h2_m1014_raise_first
xanim,vm_h2_m1014_breach
xanim,vm_h2_m1014_drop
xanim,vm_h2_m1014_raise_quick
xanim,vm_h2_m1014_drop_quick
xanim,vm_h2_m1014_sprint_in
xanim,vm_h2_m1014_sprint_loop
xanim,vm_h2_m1014_sprint_out
xanim,vm_h2_m1014_fire_ads
xanim,vm_h2_m1014_inspect
xanim,vm_h2_m1014_ads_up
xanim,vm_h2_m1014_ads_down
sndcurve,weapon2
loaded_sound,h1_foley/wpfoly_m4ben_reload_lift_v1
sound,weap_m4benelli_start_plr
loaded_sound,h1_foley/wpfoly_m4ben_reload_loop_v1
sound,weap_m4benelli_loop_plr
loaded_sound,h1_foley/wpfoly_m4ben_reload_end_v1
sound,weap_m4benelli_end_plr
loaded_sound,h1_weapons/wpn/inspect/wpn_h1_m1014_ins_look_01
sound,wpn_h1_m1014_ins_look_01
loaded_sound,h1_weapons/wpn/inspect/wpn_h1_m1014_ins_look_02
sound,wpn_h1_m1014_ins_look_02
loaded_sound,h1_weapons/wpn/inspect/wpn_h1_m1014_ins_rest
sound,wpn_h1_m1014_ins_rest
sound,wpn_m1014_fly_close_chamber
sound,
sound,
sound,
sound,
sound,
sound,
sound,
sound,
sound,
sound,
sound,
sound,
sound,
sound,
sound,
sound,
sound,
sound,
sound,
sound,
sound,
sound,
sound,
sound,
sound,
sound,
sound,
sound,
fx,
fx,
fx,
fx,
fx,
fx,
fx,
fx,
fx,
fx,
fx,
fx,
fx,
fx,
fx,
fx,
loaded_sound,weapons/h2/m1014/fire_npc
sound,wpn_m1014_fire_npc
loaded_sound,weapons/h2/m1014/fire_plr
sound,wpn_m1014_fire_plr
loaded_sound,h1_weapons/melee/h2h_knife_swing1
loaded_sound,h1_weapons/melee/h2h_knife_swing2
sound,melee_m1014_swing_plr
sound,weap_m4benelli_end_npc
sound,weap_m4benelli_reload_npc
image,h1_weaponicons_m104
material,hud_icon_benelli_m4
phys_collmap,wpn_h1_shotgun_m1014_npc
weapon,h2_m1014_mp
image,i_h2_model1887_barrel_s
image,i_h2_model1887_barrel_n
image,i_h2_model1887_barrel_o
image,i_h2_model1887_barrel_c
image,i_h2_model1887_barrel_m
material,m/mtl_h2_model1887_barrel_camo
image,i_h2_model1887_receiver_s
image,i_h2_model1887_receiver_n
image,i_h2_model1887_receiver_o
image,i_h2_model1887_receiver_c
image,i_h2_model1887_receiver_m
material,m/mtl_h2_model1887_receiver_camo
image,i_h2_model1887_wood_s
image,i_h2_model1887_wood_n
image,i_h2_model1887_wood_o
image,i_h2_model1887_wood_c
image,i_h2_model1887_wood_m
material,m/mtl_h2_model1887_wood_camo
xmodelsurfs,wpn_h2_model1887_vm_lod0
xmodel,wpn_h2_model1887_vm
xmodelsurfs,wpn_h2_model1887_npc_lod0
xmodel,wpn_h2_model1887_npc
xanim,vm_h2_model1887_idle_r
xanim,vm_h2_model1887_idle_l
xanim,vm_h2_model1887_idle
xanim,vm_h2_model1887_fire_r
xanim,vm_h2_model1887_fire_l
xanim,vm_h2_model1887_fire
xanim,vm_h2_model1887_rechamber_r
xanim,vm_h2_model1887_rechamber_l
xanim,vm_h2_model1887_rechamber
xanim,vm_h2_model1887_reload_loop_r
xanim,vm_h2_model1887_reload_loop_l
xanim,vm_h2_model1887_reload_loop
xanim,vm_h2_model1887_reload_start_r
xanim,vm_h2_model1887_reload_start_l
xanim,vm_h2_model1887_reload_start
xanim,vm_h2_model1887_reload_end_r
xanim,vm_h2_model1887_reload_end_l
xanim,vm_h2_model1887_reload_end
xanim,vm_h2_model1887_raise_r
xanim,vm_h2_model1887_raise_l
xanim,vm_h2_model1887_raise
xanim,vm_h2_model1887_raise_first_r
xanim,vm_h2_model1887_raise_first_l
xanim,vm_h2_model1887_raise_first
xanim,vm_h2_model1887_breach
xanim,vm_h2_model1887_drop_r
xanim,vm_h2_model1887_drop_l
xanim,vm_h2_model1887_drop
xanim,vm_h2_model1887_raise_quick
xanim,vm_h2_model1887_drop_quick
xanim,vm_h2_model1887_sprint_in_r
xanim,vm_h2_model1887_sprint_in_l
xanim,vm_h2_model1887_sprint_in
xanim,vm_h2_model1887_sprint_loop_r
xanim,vm_h2_model1887_sprint_loop_l
xanim,vm_h2_model1887_sprint_loop
xanim,vm_h2_model1887_sprint_out_r
xanim,vm_h2_model1887_sprint_out_l
xanim,vm_h2_model1887_sprint_out
xanim,vm_h2_model1887_fire_ads
xanim,vm_h2_model1887_rechamber_ads
xanim,vm_h2_model1887_inspect_r
xanim,vm_h2_model1887_inspect_l
xanim,vm_h2_model1887_inspect
xanim,vm_h2_model1887_ads_up
xanim,vm_h2_model1887_ads_down
attachment,akimbo
loaded_sound,weapons/iw4/1887s/close
sound,wpn_1887s_fly_close
loaded_sound,weapons/iw4/1887s/close_l
sound,wpn_1887s_fly_close_l
loaded_sound,weapons/iw4/1887s/close_r
sound,wpn_1887s_fly_close_r
loaded_sound,weapons/iw4/1887s/inspect_look1
sound,wpn_1887s_fly_inspect_look1
loaded_sound,weapons/iw4/1887s/inspect_look2
sound,wpn_1887s_fly_inspect_look2
loaded_sound,weapons/iw4/1887s/inspect_rest
sound,wpn_1887s_fly_inspect_rest
loaded_sound,weapons/iw4/1887s/lift
sound,wpn_1887s_fly_lift
loaded_sound,weapons/iw4/1887s/lift_l
sound,wpn_1887s_fly_lift_l
loaded_sound,weapons/iw4/1887s/lift_r
sound,wpn_1887s_fly_lift_r
loaded_sound,weapons/iw4/1887s/loop
sound,wpn_1887s_fly_loop
loaded_sound,weapons/iw4/1887s/loop_l
sound,wpn_1887s_fly_loop_l
loaded_sound,weapons/iw4/1887s/loop_r
sound,wpn_1887s_fly_loop_r
loaded_sound,weapons/iw4/1887s/open
sound,wpn_1887s_fly_open
loaded_sound,weapons/iw4/1887s/open_l
sound,wpn_1887s_fly_open_l
loaded_sound,weapons/iw4/1887s/open_r
sound,wpn_1887s_fly_open_r
sound,
sound,
sound,
sound,
sound,
sound,
sound,
sound,
sound,
sound,
sound,
sound,
sound,
sound,
sound,
sound,
sound,
sound,
sound,
sound,
fx,vfx/shelleject/shelleject_1887
fx,
fx,
fx,
fx,
fx,
fx,
fx,
fx,
fx,
fx,
fx,
fx,
fx,
fx,
fx,
loaded_sound,weapons/h2/model/fire_npc
sound,wpn_1887s_fire_npc
loaded_sound,weapons/h2/model/fire_plr
sound,wpn_1887s_fire_plr
image,h2_weapon_model1887
material,hud_icon_model1887
phys_collmap,weapon_model1887
tracer,shotgun
weapon,h2_model1887_mp
image,i_h2_ranger_base_s
image,i_h2_ranger_base_n
image,i_h2_ranger_base_o
image,i_h2_ranger_base_c
image,i_h2_ranger_base_m
material,m/mtl_h2_ranger_base_camo
xmodelsurfs,wpn_h2_ranger_vm_lod0
xmodel,wpn_h2_ranger_vm
xmodelsurfs,wpn_h2_ranger_npc_lod0
xmodel,wpn_h2_ranger_npc
xanim,vm_h2_ranger_idle_r
xanim,vm_h2_ranger_idle_l
xanim,vm_h2_ranger_idle
xanim,vm_h2_ranger_fire_r
xanim,vm_h2_ranger_fire_l
xanim,vm_h2_ranger_fire
xanim,vm_h2_ranger_reload_r
xanim,vm_h2_ranger_reload_l
xanim,vm_h2_ranger_reload
xanim,vm_h2_ranger_raise_r
xanim,vm_h2_ranger_raise_l
xanim,vm_h2_ranger_raise
xanim,vm_h2_ranger_raise_first_r
xanim,vm_h2_ranger_raise_first_l
xanim,vm_h2_ranger_raise_first
xanim,vm_h2_ranger_drop_r
xanim,vm_h2_ranger_drop_l
xanim,vm_h2_ranger_drop
xanim,vm_h2_ranger_sprint_in_r
xanim,vm_h2_ranger_sprint_in_l
xanim,vm_h2_ranger_sprint_in
xanim,vm_h2_ranger_sprint_loop_r
xanim,vm_h2_ranger_sprint_loop_l
xanim,vm_h2_ranger_sprint_loop
xanim,vm_h2_ranger_sprint_out_r
xanim,vm_h2_ranger_sprint_out_l
xanim,vm_h2_ranger_sprint_out
xanim,vm_h2_ranger_nvg_puton
xanim,vm_h2_ranger_nvg_takeoff
xanim,vm_h2_ranger_inspect_r
xanim,vm_h2_ranger_inspect_l
xanim,vm_h2_ranger_inspect
xanim,vm_h2_ranger_ads
loaded_sound,weapons/h2/ranger/inspect_look2_r
sound,wpn_ranger_fly_inspect2_r
loaded_sound,weapons/h2/ranger/inspect_look2_l
sound,wpn_ranger_fly_inspect2_l
loaded_sound,weapons/h2/ranger/inspect_look1_r
sound,wpn_ranger_fly_inspect1_r
loaded_sound,weapons/h2/ranger/inspect_look1_l
sound,wpn_ranger_fly_inspect1_l
loaded_sound,weapons/h2/ranger/inspect1
sound,wpn_ranger_fly_inspect1
loaded_sound,weapons/h2/ranger/inspect_rest_l
sound,wpn_ranger_fly_inspect_rest_l
loaded_sound,weapons/h2/ranger/inspect_rest
sound,wpn_ranger_fly_inspect_end
loaded_sound,weapons/h2/ranger/inspect_2
sound,wpn_ranger_fly_inspec_2
loaded_sound,weapons/h2/ranger/chamber_r
sound,wpn_ranger_fly_chamber_r
loaded_sound,weapons/h2/ranger/chamber_l
sound,wpn_ranger_fly_chamber_l
loaded_sound,weapons/h2/ranger/chamber
sound,wpn_ranger_fly_chamber
loaded_sound,weapons/h2/ranger/rest_r
sound,wpn_ranger_fly_rest_r
loaded_sound,weapons/h2/ranger/open
sound,wpn_ranger_fly_open_r
sound,wpn_ranger_fly_open_l
sound,wpn_ranger_fly_open
loaded_sound,weapons/h2/ranger/mag_out_r
sound,wpn_ranger_fly_mag_out_r
loaded_sound,weapons/h2/ranger/mag_out_l
sound,wpn_ranger_fly_mag_out_l
loaded_sound,weapons/h2/ranger/mag_out
sound,wpn_ranger_fly_mag_out
loaded_sound,weapons/h2/ranger/mag_in_r
sound,wpn_ranger_fly_mag_in_r
loaded_sound,weapons/h2/ranger/mag_in_l
sound,wpn_ranger_fly_mag_in_l
loaded_sound,weapons/h2/ranger/mag_in
sound,wpn_ranger_fly_mag_in
loaded_sound,weapons/h2/ranger/lift_r
sound,wpn_ranger_fly_lift_r
loaded_sound,weapons/h2/ranger/lift_l
sound,wpn_ranger_fly_lift_l
loaded_sound,weapons/h2/ranger/lift
sound,wpn_ranger_fly_lift
sound,wpn_ranger_mag_in
sound,wpn_ranger_chamber
sound,weap_ranger_lift
sound,
sound,
sound,
sound,
sound,
sound,
sound,
fx,vfx/shelleject/shelleject_ranger
fx,
fx,
fx,
fx,
fx,
fx,
fx,
fx,
fx,
fx,
fx,
fx,
fx,
fx,
fx,
loaded_sound,weapons/h2/ranger/fire_npc
sound,wpn_ranger_fire_npc
loaded_sound,weapons/h2/ranger/fire_plr
sound,wpn_ranger_fire_plr
image,h2_weapon_ranger
material,hud_icon_sawed_off
phys_collmap,weapon_m14ebr_arctic
weapon,h2_ranger_mp
image,i_h2_spas12_front_s
image,i_h2_spas12_front_n
image,i_h2_spas12_front_o
image,i_h2_spas12_front_c
image,i_h2_spas12_front_m
material,m/mtl_h2_spas12_front_camo
image,i_h2_spas12_receiver_s
image,i_h2_spas12_receiver_n
image,i_h2_spas12_receiver_o
image,i_h2_spas12_receiver_c
image,i_h2_spas12_receiver_m
material,m/mtl_h2_spas12_receiver_camo
image,i_h2_spas12_sight_s
image,i_h2_spas12_sight_n
image,i_h2_spas12_sight_o
image,i_h2_spas12_sight_c
image,i_h2_spas12_sight_m
material,m/mtl_h2_spas12_sight_camo
xmodelsurfs,wpn_h2_spas12_vm_lod0
xmodel,wpn_h2_spas12_vm
xmodelsurfs,wpn_h2_spas12_npc_lod0
xmodel,wpn_h2_spas12_npc
xanim,vm_h2_spas12_idle
xanim,vm_h2_spas12_fire
xanim,vm_h2_spas12_rechamber
xanim,vm_h2_spas12_reload_loop
xanim,vm_h2_spas12_reload_in
xanim,vm_h2_spas12_reload_out
xanim,vm_h2_spas12_raise
xanim,vm_h2_spas12_raise_first
xanim,vm_h2_spas12_drop
xanim,vm_h2_spas12_raise_quick
xanim,vm_h2_spas12_drop_quick
xanim,vm_h2_spas12_sprint_in
xanim,vm_h2_spas12_sprint_loop
xanim,vm_h2_spas12_sprint_out
xanim,vm_h2_spas12_fire_ads
xanim,vm_h2_spas12_rechamber_ads
xanim,h2_vm_sp_mantle_57_up_spas12
xanim,h2_vm_sp_mantle_51_up_spas12
xanim,h2_vm_sp_mantle_45_up_spas12
xanim,h2_vm_sp_mantle_39_up_spas12
xanim,h2_vm_sp_mantle_33_up_spas12
xanim,h2_vm_sp_mantle_57_over_spas12
xanim,h2_vm_sp_mantle_51_over_spas12
xanim,h2_vm_sp_mantle_45_over_spas12
xanim,h2_vm_sp_mantle_39_over_spas12
xanim,h2_vm_sp_mantle_33_over_spas12
xanim,vm_h2_spas12_inspect
xanim,vm_h2_spas12_ads_up
xanim,vm_h2_spas12_ads_down
loaded_sound,weapons/h2/spas12/lift
sound,wpn_spas12_fly_lift
loaded_sound,weapons/h2/spas12/open
sound,wpn_spas12_fly_open
loaded_sound,weapons/h2/spas12/loop
sound,wpn_spas12_fly_loop
loaded_sound,weapons/h2/spas12/close
sound,wpn_spas12_fly_close
loaded_sound,h1_weapons/wpn/inspect/wpn_h1_ak47_ins_look_01
sound,wpn_h1_ak47_ins_look_01
loaded_sound,h1_weapons/wpn/inspect/wpn_h1_ak47_ins_look_02
sound,wpn_h1_ak47_ins_look_02
loaded_sound,h1_weapons/wpn/inspect/wpn_h1_ak47_ins_rest
sound,wpn_h1_ak47_ins_rest
sound,
sound,
sound,
sound,
sound,
sound,
sound,
sound,
sound,
sound,
sound,
sound,
sound,
sound,
sound,
sound,
sound,
sound,
sound,
sound,
sound,
sound,
sound,
sound,
sound,
sound,
sound,
sound,
fx,
fx,
fx,
fx,
fx,
fx,
fx,
fx,
fx,
fx,
fx,
fx,
fx,
fx,
fx,
loaded_sound,weapons/h2/spas12/fire_npc
sound,wpn_spas12_fire_npc
loaded_sound,weapons/h2/spas12/fire_plr
sound,wpn_spas12_fire_plr
image,h2_weapon_spas12
material,hud_icon_spas12
phys_collmap,weapon_spas12
weapon,h2_spas12_mp
image,i_h2_striker_barrel_s
image,i_h2_striker_barrel_n
image,i_h2_striker_barrel_o
image,i_h2_striker_barrel_c
image,i_h2_striker_barrel_m
material,m/mtl_h2_striker_barrel_camo
image,i_h2_striker_mag_s
image,i_h2_striker_mag_n
image,i_h2_striker_mag_o
image,i_h2_striker_mag_c
image,i_h2_striker_mag_m
material,m/mtl_h2_striker_mag_camo
image,i_h2_striker_sight_s
image,i_h2_striker_sight_n
image,i_h2_striker_sight_o
image,i_h2_striker_sight_c
image,i_h2_striker_sight_m
material,m/mtl_h2_striker_sight_camo
image,i_h2_striker_handle_s
image,i_h2_striker_handle_n
image,i_h2_striker_handle_o
image,i_h2_striker_handle_c
image,i_h2_striker_handle_m
material,m/mtl_h2_striker_handle_camo
xmodelsurfs,wpn_h2_striker_vm_lod0
xmodel,wpn_h2_striker_vm
xmodelsurfs,wpn_h2_striker_npc_lod0
xmodel,wpn_h2_striker_npc
xanim,vm_h2_striker_idle
xanim,vm_h2_striker_fire
xanim,vm_h2_striker_reload_loop
xanim,vm_h2_striker_reload_in
xanim,vm_h2_striker_reload_out
xanim,vm_h2_striker_raise
xanim,vm_h2_striker_raise_first
xanim,vm_h2_striker_drop
xanim,vm_h2_striker_raise_quick
xanim,vm_h2_striker_drop_quick
xanim,vm_h2_striker_sprint_in
xanim,vm_h2_striker_sprint_loop
xanim,vm_h2_striker_sprint_out
xanim,vm_h2_striker_fire_ads
xanim,vm_h2_striker_inspect
xanim,vm_h2_striker_ads_up
xanim,vm_h2_striker_ads_down
loaded_sound,mw3/foley/wpfoly_mp412_reload_lift_v1
sound,weap_striker_lift_plr
loaded_sound,weapons/h2/striker/chamber
sound,wpn_striker_fly_chamber
loaded_sound,weapons/h2/striker/inspect_look1
sound,wpn_striker_fly_inspect_look1
loaded_sound,weapons/h2/striker/inspect_look2
sound,wpn_striker_fly_inspect_look2
loaded_sound,weapons/h2/striker/inspect_rest
sound,wpn_striker_fly_inspect_rest
loaded_sound,weapons/h2/striker/lift
sound,wpn_striker_fly_lift
loaded_sound,weapons/h2/striker/mag_in
sound,wpn_striker_fly_mag_in
sound,
sound,
sound,
sound,
sound,
sound,
sound,
sound,
sound,
sound,
sound,
sound,
sound,
sound,
sound,
sound,
sound,
sound,
sound,
sound,
sound,
sound,
sound,
sound,
sound,
sound,
sound,
sound,
fx,
fx,
fx,
fx,
fx,
fx,
fx,
fx,
fx,
fx,
fx,
fx,
fx,
fx,
fx,
fx,
loaded_sound,weapons/h2/striker/fire_npc
sound,wpn_striker_fire_npc
loaded_sound,weapons/h2/striker/fire_plr
sound,wpn_striker_fire_plr
image,h2_weapon_striker
material,hud_icon_striker
phys_collmap,weapon_striker
weapon,h2_striker_mp
image,i_h2_winchest_sights_s
image,i_h2_winchest_sights_n
image,i_h2_winchest_sights_o
image,i_h2_winchest_sights_c
image,i_h2_winchest_sights_m
material,m/mtl_h2_winchest_sights_camo
image,i_h2_winchest_forend_s
image,i_h2_winchest_forend_n
image,i_h2_winchest_forend_o
image,i_h2_winchest_forend_c
image,i_h2_winchest_forend_m
material,m/mtl_h2_winchest_forend_camo
image,i_h2_winchest_receiver_s
image,i_h2_winchest_receiver_n
image,i_h2_winchest_receiver_o
image,i_h2_winchest_receiver_c
image,i_h2_winchest_receiver_m
material,m/mtl_h2_winchest_receiver_camo
image,i_h2_winchest_stock_s
image,i_h2_winchest_stock_n
image,i_h2_winchest_stock_o
image,i_h2_winchest_stock_c
image,i_h2_winchest_stock_m
material,m/mtl_h2_winchest_stock_camo
pixelshader,lpo_sm_nofog_lmpb_l0n_r0c0n0s0om0_nc.hlsl
pixelshader,lpo_sm_nofog_lmpb_l0d_r0c0n0s0om0_nc.hlsl
pixelshader,lpo_sm_nofog_lmpb_l0d_l0sd_r0c0n0s0om0_nc.hlsl
pixelshader,lpo_sm_nofog_lmpb_l0s_r0c0n0s0om0_nc.hlsl
pixelshader,lpo_sm_nofog_lmpb_l0s_l0ss_r0c0n0s0om0_nc.hlsl
pixelshader,lpo_sm_nofog_lmpb_l0s_l0sc_cuc_r0c0n0s0om0_nc.hlsl
pixelshader,lpo_sm_nofog_lmpb_l0o_r0c0n0s0om0_nc.hlsl
pixelshader,lpo_sm_nofog_lmpb_l0o_l0ss_r0c0n0s0om0_nc.hlsl
pixelshader,lpo_sm_nofog_lmpb_ldbsm_cuc_r0c0n0s0om0_nc.hlsl
pixelshader,lpo_sm_nofog_lmpb_ldb_sunsm_cuc_r0c0n0s0om0_nc.hlsl
pixelshader,lpo_sm_nofog_lmpb_ldbsm_r0c0n0s0om0_nc.hlsl
pixelshader,lpo_sm_nofog_lmpb_ldb_sunsm_r0c0n0s0om0_nc.hlsl
pixelshader,l_spot_feo_lmpb_r0c0n0s0om0_nc.hlsl
pixelshader,l_omni_feo_lmpb_r0c0n0s0om0_nc.hlsl
pixelshader,l_spot_feo_lmpb_l0s2_sm_r0c0n0s0om0_nc.hlsl
pixelshader,l_spot_feo_lmpb_l0s3_cuc_sm_r0c0n0s0om0_nc.hlsl
pixelshader,l_spot_lmpb_r0c0n0s0om0_nc.hlsl
pixelshader,l_omni_lmpb_r0c0n0s0om0_nc.hlsl
pixelshader,l_spot_lmpb_l0s2_sm_r0c0n0s0om0_nc.hlsl
pixelshader,l_spot_lmpb_l0s3_cuc_sm_r0c0n0s0om0_nc.hlsl
techset,m_l_sm_lmpb_r0c0n0sd0om0_nfwpf
image,i_h2_winchest_rail_s
image,i_h2_winchest_rail_n
image,i_h2_winchest_rail_o
image,i_h2_winchest_rail_c
material,m/mtl_h2_winchest_rail
xmodelsurfs,wpn_h2_winchest_vm_lod0
xmodel,wpn_h2_winchest_vm
xmodelsurfs,wpn_h2_winchest_npc_lod0
xmodel,wpn_h2_winchest_npc
xanim,vm_h2_winchest_idle
xanim,vm_h2_winchest_fire
xanim,vm_h2_winchest_rechamber
xanim,vm_h2_winchest_reload_loop
xanim,vm_h2_winchest_reload_start
xanim,vm_h2_winchest_reload_end
xanim,vm_h2_winchest_raise
xanim,vm_h2_winchest_raise_first
xanim,vm_h2_winchest_drop
xanim,vm_h2_winchest_raise_quick
xanim,vm_h2_winchest_drop_quick
xanim,vm_h2_winchest_sprint_in
xanim,vm_h2_winchest_sprint_loop
xanim,vm_h2_winchest_sprint_out
xanim,vm_h2_winchest_fire_ads
xanim,vm_h2_winchest_rechamber_ads
xanim,vm_ar_explosion_f
xanim,vm_ar_explosion_r
xanim,vm_ar_explosion_b
xanim,vm_ar_explosion_l
xanim,h1_vm_mp_mantle_57_up
xanim,h1_vm_mp_mantle_51_up
xanim,h1_vm_mp_mantle_45_up
xanim,h1_vm_mp_mantle_39_up
xanim,h1_vm_mp_mantle_33_up
xanim,h1_vm_mp_mantle_57_over
xanim,h1_vm_mp_mantle_51_over
xanim,h1_vm_mp_mantle_45_over
xanim,h1_vm_mp_mantle_39_over
xanim,h1_vm_mp_mantle_33_over
xanim,vm_h2_winchest_inspect
xanim,vm_h2_winchest_ads_up
xanim,vm_h2_winchest_ads_down
xanim,h1_wpn_sho_w1200_idle_additive
xanim,h1_vm_mp_mantle_27_up
xanim,h1_vm_mp_mantle_21_up
xanim,h1_vm_mp_mantle_27_over
xanim,h1_vm_mp_mantle_21_over
attachment,acog
attachment,thermal
loaded_sound,h1_foley/wpfoly_winchester_reload_lift_v1
sound,weap_winch1200_start_plr
loaded_sound,h1_foley/wpfoly_winchester_reload_loop_v1
sound,weap_winch1200_loop_plr
sound,weap_winch1200_end_plr
loaded_sound,h1_foley/wpfoly_winchester_reload_pump_v1
sound,weap_winch1200_pump_plr
sound,wpn_h1_w1200_ins_look_01
sound,wpn_h1_w1200_ins_look_02
sound,wpn_h1_w1200_ins_rest
sound,
sound,
sound,
sound,
sound,
sound,
sound,
sound,
sound,
sound,
sound,
sound,
sound,
sound,
sound,
sound,
sound,
sound,
sound,
sound,
sound,
sound,
sound,
sound,
sound,
sound,
sound,
fx,
fx,
fx,
fx,
fx,
fx,
fx,
fx,
fx,
fx,
fx,
fx,
fx,
fx,
fx,
fx,
image,h1_og_glow_org
material,gfx_glow_org
fx,fx/muzzleflashes/winch_flshview
image,h1_og_fire_patch_ember_add
material,gfx_fire_patch_ember_add
fx,fx/muzzleflashes/winch_flash_wv
sndcurve,distant_helicopter
loaded_sound,h1_weapons/wpn/w1200/h1_wpn_w1200_npc_tail
sound,weap_winchester1200_fire_npc_tail
loaded_sound,h1_weapons/wpn/w1200/h1_wpn_w1200_far_01
loaded_sound,h1_weapons/wpn/w1200/h1_wpn_w1200_far_02
loaded_sound,h1_weapons/wpn/w1200/h1_wpn_w1200_far_03
sound,weap_winchester1200_fire_npc_far
loaded_sound,h1_weapons/wpn/w1200/h1_wpn_w1200_mid_01
loaded_sound,h1_weapons/wpn/w1200/h1_wpn_w1200_mid_02
loaded_sound,h1_weapons/wpn/w1200/h1_wpn_w1200_mid_03
sound,weap_winch1200_fire_npc
loaded_sound,h1_weapons/wpn/w1200/wpn_h1_w1200_tail_ext
sndcontext,wpn_int_med
loaded_sound,h1_weapons/wpn/tail_int/wpn_h1_shotgun_tail_int_01
sound,h1_wpn_w1200_tail_plr
loaded_sound,h1_weapons/wpn/sub/wpn_h1_lfe_shotgun
sound,h1_wpn_w1200_lfe_plr_first
loaded_sound,h1_weapons/wpn/sub/wpn_h1_sub_shotgun
sound,h1_wpn_w1200_sub_plr_first
loaded_sound,h1_weapons/wpn/supp/h1_wpn_supp_punch_02
sound,h1_wpn_w1200_punch_plr_first
loaded_sound,h1_weapons/wpn/w1200/wpn_h1_w1200_boom_01
sound,h1_wpn_w1200_boom_plr_first
loaded_sound,h1_weapons/wpn/w1200/wpn_h1_w1200_shot_01
loaded_sound,h1_weapons/wpn/w1200/wpn_h1_w1200_shot_02
loaded_sound,h1_weapons/wpn/w1200/wpn_h1_w1200_shot_03
sound,h1_wpn_w1200_plr_first
sound,melee_winch1200_swing_plr
sound,weap_winch1200_pump_npc
sound,weap_winch1200_end_npc
sound,weap_winch1200_reload_npc
image,h1_weaponicons_w1200
material,hud_icon_winchester_1200
phys_collmap,wpn_h1_shotgun_w1200_npc
weapon,h2_winchester1200_mp
image,i_h2_raffica_stock_s
image,i_h2_raffica_stock_n
image,i_h2_raffica_stock_o
image,i_h2_raffica_stock_c
image,i_h2_raffica_stock_m
material,m/mtl_h2_raffica_stock_camo
vertexshader,vertcol_simple_mtlclr_nofog.hlsl
pixelshader,vertcol_shaded_nofog_lin.hlsl
vertexshader,lpo_sm_nofog_l0n_tc0.hlsl
pixelshader,lpo_sm_nofog_l0n_r0c0.hlsl
pixelshader,lpo_sm_nofog_l0d_r0c0.hlsl
vertexshader,lpo_sm_nofog_l0d_l0sd_tc0.hlsl
pixelshader,lpo_sm_nofog_l0d_l0sd_r0c0.hlsl
vertexshader,lpo_sm_nofog_l0s_tc0.hlsl
pixelshader,lpo_sm_nofog_l0s_r0c0.hlsl
pixelshader,lpo_sm_nofog_l0s_l0ss_r0c0.hlsl
pixelshader,lpo_sm_nofog_l0s_l0sc_cuc_r0c0.hlsl
pixelshader,lpo_sm_nofog_l0o_r0c0.hlsl
pixelshader,lpo_sm_nofog_l0o_l0ss_r0c0.hlsl
vertexshader,lpo_sm_nofog_ldbsm_cuc_tc0.hlsl
pixelshader,lpo_sm_nofog_ldbsm_cuc_r0c0.hlsl
pixelshader,lpo_sm_nofog_ldb_sunsm_cuc_r0c0.hlsl
pixelshader,lpo_sm_nofog_ldbsm_r0c0.hlsl
pixelshader,lpo_sm_nofog_ldb_sunsm_r0c0.hlsl
vertexshader,l_point_feo_s_tc0.hlsl
pixelshader,l_spot_feo_r0c0.hlsl
pixelshader,l_omni_feo_r0c0.hlsl
vertexshader,l_point_feo_l0s2_sm_s_tc0.hlsl
pixelshader,l_spot_feo_l0s2_sm_r0c0.hlsl
pixelshader,l_spot_feo_l0s3_cuc_sm_r0c0.hlsl
vertexshader,l_point_s_tc0.hlsl
pixelshader,l_spot_r0c0.hlsl
pixelshader,l_omni_r0c0.hlsl
vertexshader,l_point_l0s2_sm_s_tc0.hlsl
pixelshader,l_spot_l0s2_sm_r0c0.hlsl
pixelshader,l_spot_l0s3_cuc_sm_r0c0.hlsl
vertexshader,debug_normals.hlsl
vertexshader,vertcol_simple_i_mtlclr_nofog.hlsl
vertexshader,lpo_sm_i_nofog_l0n_tc0.hlsl
vertexshader,lpo_sm_i_nofog_l0d_l0sd_tc0.hlsl
vertexshader,lpo_sm_i_nofog_l0s_tc0.hlsl
vertexshader,lpo_sm_i_nofog_ldbsm_cuc_tc0.hlsl
vertexshader,l_point_feo_i_tc0.hlsl
vertexshader,l_point_feo_l0s2_i_sm_tc0.hlsl
vertexshader,l_point_i_tc0.hlsl
vertexshader,l_point_l0s2_i_sm_tc0.hlsl
vertexshader,vertcol_untextured_i_nofog.hlsl
vertexshader,debug_normals_i.hlsl
pixelshader,vertcol_untextured_lin_nc_nofog.hlsl
vertexdecl,pp.fcc0.ft0t0.3nn.f
techset,mc_l_sm_r0c0_nfwpf
image,wpn_h1_pst_m9_sight_ems
material,m/mtl_h2_raffica_trinium
image,i_h2_raffica_slide_s
image,i_h2_raffica_slide_n
image,i_h2_raffica_slide_o
image,i_h2_raffica_slide_c
image,i_h2_raffica_slide_m
material,m/mtl_h2_raffica_slide_camo
image,i_h2_raffica_grip_s
image,i_h2_raffica_grip_n
image,i_h2_raffica_grip_o
image,i_h2_raffica_grip_c
image,i_h2_raffica_grip_m
material,m/mtl_h2_raffica_grip_camo
image,i_h2_raffica_mag_s
image,i_h2_raffica_mag_n
image,i_h2_raffica_mag_o
image,i_h2_raffica_mag_c
material,m/mtl_h2_raffica_mag
image,i_h2_raffica_frame_s
image,i_h2_raffica_frame_n
image,i_h2_raffica_frame_o
image,i_h2_raffica_frame_c
image,i_h2_raffica_frame_m
material,m/mtl_h2_raffica_frame_camo
image,i_h2_glock_rail_s
image,i_h2_glock_rail_n
image,$white_ao
image,i_h2_glock_rail_c
material,m/mtl_h2_glock_rail_camo
xmodelsurfs,wpn_h2_raffica_vm_lod0
xmodel,wpn_h2_raffica_vm
xmodelsurfs,wpn_h2_raffica_npc_lod0
xmodel,wpn_h2_raffica_npc
xanim,vm_h2_raffica_idle_r
xanim,vm_h2_raffica_idle_l
xanim,vm_h2_raffica_idle
xanim,vm_h2_raffica_fire_r
xanim,vm_h2_raffica_fire_l
xanim,vm_h2_raffica_fire
xanim,vm_h2_raffica_fire_last_r
xanim,vm_h2_raffica_fire_last_l
xanim,vm_h2_raffica_fire_last
xanim,vm_h2_raffica_reload_r
xanim,vm_h2_raffica_reload_l
xanim,vm_h2_raffica_reload
xanim,vm_h2_raffica_reload_empty_r
xanim,vm_h2_raffica_reload_empty_l
xanim,vm_h2_raffica_reload_empty
xanim,vm_h2_raffica_raise_r
xanim,vm_h2_raffica_raise_l
xanim,vm_h2_raffica_raise
xanim,vm_h2_raffica_raise_first
xanim,vm_h2_raffica_breach
xanim,vm_h2_raffica_drop_r
xanim,vm_h2_raffica_drop_l
xanim,vm_h2_raffica_drop
xanim,vm_h2_raffica_sprint_in_r
xanim,vm_h2_raffica_sprint_in_l
xanim,vm_h2_raffica_sprint_in
xanim,vm_h2_raffica_sprint_loop_r
xanim,vm_h2_raffica_sprint_loop_l
xanim,vm_h2_raffica_sprint_loop
xanim,vm_h2_raffica_sprint_out_r
xanim,vm_h2_raffica_sprint_out_l
xanim,vm_h2_raffica_sprint_out
xanim,vm_h2_raffica_fire_ads
xanim,vm_h2_raffica_fire_ads_last
xanim,h1_vm_mp_mantle_57_up_pistol
xanim,h1_vm_mp_mantle_51_up_pistol
xanim,h1_vm_mp_mantle_45_up_pistol
xanim,h1_vm_mp_mantle_39_up_pistol
xanim,h1_vm_mp_mantle_33_up_pistol
xanim,h1_vm_mp_mantle_57_over_pistol
xanim,h1_vm_mp_mantle_51_over_pistol
xanim,h1_vm_mp_mantle_45_over_pistol
xanim,h1_vm_mp_mantle_39_over_pistol
xanim,h1_vm_mp_mantle_33_over_pistol
xanim,vm_h2_raffica_inspect_r
xanim,vm_h2_raffica_inspect_l
xanim,vm_h2_raffica_inspect
xanim,vm_h2_raffica_ads_up
xanim,vm_h2_raffica_ads_down
xanim,h1_wpn_pst_walk_f
xanim,vm_crawl_f
xanim,h1_wpn_pst_m9_empty_additive_r
xanim,h1_wpn_pst_m9_empty_additive_l
xanim,vm_h2_raffica_empty_additive
xanim,h1_vm_mp_mantle_27_up_pistol
xanim,h1_vm_mp_mantle_21_up_pistol
xanim,h1_vm_mp_mantle_27_over_pistol
xanim,h1_vm_mp_mantle_21_over_pistol
attachment,silencerpistol
loaded_sound,weapons/h2/raffica/mag_out
sound,wpn_raffica_fly_mag_out
loaded_sound,weapons/h2/raffica/mag_in
sound,wpn_raffica_fly_mag_in
loaded_sound,weapons/h2/raffica/inspect_look3
sound,wpn_raffica_fly_inspect_look3
loaded_sound,weapons/h2/raffica/inspect_look2
sound,wpn_raffica_fly_inspect_look2
loaded_sound,weapons/h2/raffica/inspect_look1
sound,wpn_raffica_fly_inspect_look1
loaded_sound,weapons/h2/raffica/flip_grip
sound,wpn_raffica_fly_flip_grip
loaded_sound,weapons/h2/raffica/chamber
sound,wpn_raffica_fly_chamber
loaded_sound,weapons/h2/m9/chamber_l
sound,wpn_m9_fly_chamber_l
loaded_sound,weapons/h2/m9/chamber_r
sound,wpn_m9_fly_chamber_r
loaded_sound,weapons/h2/m9/mag_in_l
sound,wpn_m9_fly_mag_in_l
loaded_sound,weapons/h2/m9/mag_in_r
sound,wpn_m9_fly_mag_in_r
loaded_sound,weapons/h2/m9/mag_out_l
sound,wpn_m9_fly_mag_out_l
loaded_sound,weapons/h2/m9/mag_out_r
sound,wpn_m9_fly_mag_out_r
sound,
sound,
sound,
sound,
sound,
sound,
sound,
sound,
sound,
sound,
sound,
sound,
sound,
sound,
sound,
sound,
sound,
sound,
sound,
sound,
sound,
sound,
fx,
fx,
fx,
fx,
fx,
fx,
fx,
fx,
fx,
fx,
fx,
fx,
fx,
fx,
fx,
fx,
image,h1_og_distortion_ring
material,gfx_distortion_ring_light
fx,fx/muzzleflashes/beretta_flash_view
image,h1_og_ak47_flares
material,gfx_muzflash_ak47
vertexshader,zfeather_l0s_flf_tsm_fog.hlsl
pixelshader,zfeather_l0s_hss_flf_tsm_fog_ndw.hlsl
pixelshader,vertcol_simple_hss_flf_fog_ndw_ems.hlsl
vertexshader,zfeather_l0s_flf_fog.hlsl
pixelshader,zfeather_l0s_hss_flf_fog_ndw.hlsl
pixelshader,zfeather_l0s_hss_flf_dfog_ndw.hlsl
techset,effect_zf_blend_ndw
image,smk_white_atlas
material,gfx_smk_white_atlas
material,fx_muzzle_flash_round_01_add_atlas_z40_tip
fx,fx/muzzleflashes/flash_smoke_fv_pistol
fx,fx/muzzleflashes/beretta_flash_wv_a
fx,fx/muzzleflashes/beretta_flash_wv_b
fx,fx/muzzleflashes/beretta_flash_wv_c
fx,fx/muzzleflashes/beretta_flash_wv
loaded_sound,foley/weapmvmt/wpn_handgun_pick_up_01
loaded_sound,foley/weapmvmt/wpn_handgun_pick_up_02
loaded_sound,foley/weapmvmt/wpn_handgun_pick_up_03
sound,wpn_handgun_pickup
sound,wpn_handgun_pickup_plr
loaded_sound,weapons/h2/raffica/fire_npc
sound,wpn_raffica_fire_npc
loaded_sound,weapons/h2/raffica/fire_plr
sound,wpn_raffica_fire_plr
loaded_sound,weapon/dryfire/wpn_dryfire_pistol_01
loaded_sound,weapon/dryfire/wpn_dryfire_pistol_02
loaded_sound,weapon/dryfire/wpn_dryfire_pistol_03
sound,wpn_dryfire_pistol_npc
sound,wpn_dryfire_pistol_plr
sound,melee_swing_small
sound,h2_pistol_melee_hit
sound,h2_pistol_melee_miss
loaded_sound,foley/weapmvmt/wpn_handgun_raise_01
loaded_sound,foley/weapmvmt/wpn_handgun_raise_02
loaded_sound,foley/weapmvmt/wpn_handgun_raise_03
sound,wpn_handgun_raise
sound,wpn_handgun_raise_plr
loaded_sound,foley/weapmvmt/wpn_handgun_holster_01
loaded_sound,foley/weapmvmt/wpn_handgun_holster_02
loaded_sound,foley/weapmvmt/wpn_handgun_holster_03
sound,wpn_handgun_holster
sound,wpn_handgun_holster_plr
loaded_sound,foley/weapmvmt/wpn_handgun_ads_up_01
loaded_sound,foley/weapmvmt/wpn_handgun_ads_up_02
sound,wpn_handgun_ads_up_plr
loaded_sound,foley/weapmvmt/wpn_handgun_ads_down_01
loaded_sound,foley/weapmvmt/wpn_handgun_ads_down_02
sound,wpn_handgun_ads_down_plr
xmodel,wpn_h1_shell_9mm_npc
loaded_sound,h1_weapons/wpn/shell/shell_pistol_default_01
loaded_sound,h1_weapons/wpn/shell/shell_pistol_default_02
loaded_sound,h1_weapons/wpn/shell/shell_pistol_default_03
loaded_sound,h1_weapons/wpn/shell/shell_pistol_default_04
loaded_sound,h1_weapons/wpn/shell/shell_pistol_default_05
loaded_sound,h1_weapons/wpn/shell/shell_pistol_default_06
loaded_sound,h1_weapons/wpn/shell/shell_pistol_default_07
loaded_sound,h1_weapons/wpn/shell/shell_pistol_default_08
loaded_sound,h1_weapons/wpn/shell/shell_pistol_default_09
loaded_sound,h1_weapons/wpn/shell/shell_pistol_default_10
sound,shell_pistol_default
fx,vfx/shelleject/pistol_resting
fx,vfx/shelleject/pistol_view_blurred01
fx,vfx/shelleject/pistol_view_blurred02
fx,vfx/shelleject/pistol_view_blurred03
fx,vfx/shelleject/pistol_view
fx,vfx/shelleject/pistol
image,h1_side_small
material,reticle_side_small
image,h2_weapon_beretta_393
material,hud_icon_beretta393
material,hud_icon_m9beretta
phys_collmap,wpn_h2_beretta393_npc
physpreset,weapon_light
weapon,h2_beretta393_mp
image,i_h2_colt45_grip_s
image,i_h2_colt45_grip_n
image,i_h2_colt45_grip_o
image,i_h2_colt45_grip_c
image,i_h2_colt45_grip_m
material,m/mtl_h2_colt45_grip_camo
image,i_h2_colt45_body_s
image,i_h2_colt45_body_n
image,i_h2_colt45_body_o
image,i_h2_colt45_body_c
image,i_h2_colt45_body_m
material,m/mtl_h2_colt45_body_camo
image,i_h2_colt45_slide_s
image,i_h2_colt45_slide_n
image,i_h2_colt45_slide_o
image,i_h2_colt45_slide_c
image,i_h2_colt45_slide_m
material,m/mtl_h2_colt45_slide_camo
image,i_h2_bolo_knife_s
image,i_h2_bolo_knife_n
image,i_h2_bolo_knife_o
image,i_h2_bolo_knife_c
image,i_h2_bolo_knife_m
material,m/mtl_h2_bolo_knife_camo
xmodelsurfs,wpn_h2_colt45_vm_lod0
xmodel,wpn_h2_colt45_vm
xmodelsurfs,wpn_h2_colt45_npc_lod0
xmodel,wpn_h2_colt45_npc
xanim,vm_h2_colt45_idle_r
xanim,vm_h2_colt45_idle_l
xanim,vm_h2_colt45_idle
xanim,vm_h2_colt45_fire_r
xanim,vm_h2_colt45_fire_l
xanim,vm_h2_colt45_fire
xanim,vm_h2_colt45_fire_last_r
xanim,vm_h2_colt45_fire_last_l
xanim,vm_h2_colt45_fire_last
xanim,vm_h2_colt45_melee_slice
xanim,vm_h2_colt45_melee_stab
xanim,vm_h2_colt45_reload_r
xanim,vm_h2_colt45_reload_l
xanim,vm_h2_colt45_reload
xanim,vm_h2_colt45_reload_empty_r
xanim,vm_h2_colt45_reload_empty_l
xanim,vm_h2_colt45_reload_empty
xanim,vm_h2_colt45_raise_r
xanim,vm_h2_colt45_raise_l
xanim,vm_h2_colt45_raise
xanim,vm_h2_colt45_drop_r
xanim,vm_h2_colt45_drop_l
xanim,vm_h2_colt45_drop
xanim,vm_h2_colt45_sprint_in_r
xanim,vm_h2_colt45_sprint_in_l
xanim,vm_h2_colt45_sprint_in
xanim,vm_h2_colt45_sprint_loop_r
xanim,vm_h2_colt45_sprint_loop_l
xanim,vm_h2_colt45_sprint_loop
xanim,vm_h2_colt45_sprint_out_r
xanim,vm_h2_colt45_sprint_out_l
xanim,vm_h2_colt45_sprint_out
xanim,vm_h2_colt45_fire_ads
xanim,vm_h2_colt45_inspect_r
xanim,vm_h2_colt45_inspect_l
xanim,vm_h2_colt45_inspect
xanim,vm_h2_colt45_ads_up
xanim,vm_h2_colt45_ads_down
xanim,h1_wpn_pst_crawl_b
xanim,vm_h2_colt45_additive_r
xanim,vm_h2_colt45_additive_l
xanim,vm_h2_colt45_empty_additive
attachment,tacknifecolt45
loaded_sound,h1_foley/wpfoly_colt1911_reload_lift_v1
sound,weap_m1911colt_clift_plr
loaded_sound,h1_foley/wpfoly_colt1911_reload_clipout_v1
sound,weap_m1911colt_clipout_plr
loaded_sound,h1_foley/wpfoly_colt1911_reload_clipin_v1
sound,weap_m1911colt_clipin_plr
loaded_sound,h1_foley/wpfoly_colt1911_reload_chamber_v1
sound,weap_m1911colt_chamber_plr
loaded_sound,h1_weapons/wpn/inspect/wpn_h1_m1911_ins_look_01
sound,wpn_h1_m1911_ins_look_01
loaded_sound,h1_weapons/wpn/inspect/wpn_h1_m1911_ins_look_02
sound,wpn_h1_m1911_ins_look_02
loaded_sound,h1_weapons/wpn/inspect/wpn_h1_m1911_ins_pull
sound,wpn_h1_m1911_ins_pull
loaded_sound,h1_weapons/wpn/inspect/wpn_h1_m1911_ins_release
sound,wpn_h1_m1911_ins_release
loaded_sound,h1_foley/wpfoly_beretta9mm_reload_chamber_v2
sound,weap_m9_chamber_plr
loaded_sound,h1_foley/wpfoly_beretta9mm_reload_clipin_v2
sound,weap_m9_clipin_plr
loaded_sound,h1_foley/wpfoly_beretta9mm_reload_clipout_v2
sound,weap_m9_clipout_plr
loaded_sound,weapons/h2/colt45/chamber_l
sound,wpn_colt45_fly_chamber_l
loaded_sound,weapons/h2/colt45/chamber_r
sound,wpn_colt45_fly_chamber_r
loaded_sound,weapons/h2/colt45/fire1_l
sound,wpn_colt45_fly_inspect_fire1_l
loaded_sound,weapons/h2/colt45/fire1_r
sound,wpn_colt45_fly_inspect_fire1_r
loaded_sound,weapons/h2/colt45/fire2_l
sound,wpn_colt45_fly_inspect_fire2_l
loaded_sound,weapons/h2/colt45/fire2_r
sound,wpn_colt45_fly_inspect_fire2_r
loaded_sound,weapons/h2/colt45/fire3_l
sound,wpn_colt45_fly_inspect_fire3_l
loaded_sound,weapons/h2/colt45/fire3_r
sound,wpn_colt45_fly_inspect_fire3_r
loaded_sound,weapons/h2/colt45/mag_in_l
sound,wpn_colt45_fly_mag_in_l
loaded_sound,weapons/h2/colt45/mag_in_r
sound,wpn_colt45_fly_mag_in_r
loaded_sound,weapons/h2/colt45/mag_out_l
sound,wpn_colt45_fly_mag_out_l
loaded_sound,weapons/h2/colt45/mag_out_r
sound,wpn_colt45_fly_mag_out_r
loaded_sound,h1_foley/wpfoly_usp_reload_clipout_v2
sound,weap_usp45_clipout_plr
loaded_sound,h1_foley/wpfoly_usp_reload_clipin_v1
sound,weap_usp45_clipin_plr
loaded_sound,h1_foley/wpfoly_usp_reload_lift_v1
sound,weap_usp45_lift_plr
sound,
sound,
sound,
sound,
sound,
sound,
sound,
sound,
sound,
fx,
fx,
fx,
fx,
fx,
fx,
fx,
fx,
fx,
fx,
fx,
fx,
fx,
fx,
fx,
fx,
fx,fx/muzzleflashes/pistolflash_view
fx,fx/muzzleflashes/pistolflash
loaded_sound,h1_weapons/wpn/m9/h1_wpn_m9_npc_tail
sound,weap_colt45_fire_npc_tail
loaded_sound,h1_weapons/wpn/m9/h1_wpn_m9_far_01
loaded_sound,h1_weapons/wpn/m9/h1_wpn_m9_far_02
loaded_sound,h1_weapons/wpn/m9/h1_wpn_m9_far_03
loaded_sound,h1_weapons/wpn/m9/h1_wpn_m9_far_04
sound,weap_colt45_fire_npc_far
loaded_sound,h1_weapons/wpn/m1911/h1_wpn_m1911_mid_01
loaded_sound,h1_weapons/wpn/m1911/h1_wpn_m1911_mid_02
loaded_sound,h1_weapons/wpn/m1911/h1_wpn_m1911_mid_03
loaded_sound,h1_weapons/wpn/m1911/h1_wpn_m1911_mid_04
sound,weap_m1911colt45_fire_npc
loaded_sound,h1_weapons/wpn/m1911/wpn_h1_m1911_tail_ext
loaded_sound,h1_weapons/wpn/tail_int/wpn_h1_pistol_tail_int_01
sound,h1_wpn_m1911_tail_plr
loaded_sound,h1_weapons/wpn/m1911/wpn_h1_m1911_mech_01
loaded_sound,h1_weapons/wpn/m1911/wpn_h1_m1911_mech_02
loaded_sound,h1_weapons/wpn/m1911/wpn_h1_m1911_mech_03
loaded_sound,h1_weapons/wpn/m1911/wpn_h1_m1911_mech_04
sound,h1_wpn_m1911_mech_plr_first
loaded_sound,h1_weapons/wpn/sub/wpn_h1_sub_pistol
sound,h1_wpn_m1911_sub_plr_first
loaded_sound,h1_weapons/wpn/m9/wpn_h1_m9_punch
sound,h1_wpn_m1911_punch_plr_first
loaded_sound,h1_weapons/wpn/m1911/wpn_h1_m1911_shot_01
loaded_sound,h1_weapons/wpn/m1911/wpn_h1_m1911_shot_02
loaded_sound,h1_weapons/wpn/m1911/wpn_h1_m1911_shot_03
loaded_sound,h1_weapons/wpn/m1911/wpn_h1_m1911_shot_04
sound,h1_wpn_m1911_plr_first
sound,melee_m1911colt45_swing_plr
sound,weap_m1911colt_clipin_npc
sound,weap_m1911colt_reload_npc
image,h1_weaponicons_m1911
material,hud_icon_colt_45
phys_collmap,wpn_h1_pst_m1911_npc
weapon,h2_colt45_mp
image,i_iw4_magnum_base_s
image,i_iw4_magnum_base_n
image,i_iw4_magnum_base_o
image,i_iw4_magnum_base_c
image,i_iw4_magnum_base_m
material,m/mtl_iw4_magnum_camo
material,m/mtl_h2_bolo_knife
xmodelsurfs,wpn_iw4_magnum_vm_lod0
xmodel,wpn_iw4_magnum_vm
xmodelsurfs,wpn_iw4_magnum_npc_lod0
xmodel,wpn_iw4_magnum_npc
xanim,vm_iw4_magnum_idle_r
xanim,vm_iw4_magnum_idle_l
xanim,vm_iw4_magnum_idle
xanim,vm_iw4_magnum_fire_r
xanim,vm_iw4_magnum_fire_l
xanim,vm_iw4_magnum_fire
xanim,vm_iw4_magnum_melee_slice
xanim,vm_iw4_magnum_melee_stab
xanim,vm_iw4_magnum_reload_r
xanim,vm_iw4_magnum_reload_l
xanim,vm_iw4_magnum_reload
xanim,vm_iw4_magnum_raise_r
xanim,vm_iw4_magnum_raise_l
xanim,vm_iw4_magnum_raise
xanim,vm_iw4_magnum_raise_first
xanim,vm_iw4_magnum_drop_r
xanim,vm_iw4_magnum_drop_l
xanim,vm_iw4_magnum_drop
xanim,vm_iw4_magnum_sprint_in_r
xanim,vm_iw4_magnum_sprint_in_l
xanim,vm_iw4_magnum_sprint_in
xanim,vm_iw4_magnum_sprint_loop_r
xanim,vm_iw4_magnum_sprint_loop_l
xanim,vm_iw4_magnum_sprint_loop
xanim,vm_iw4_magnum_sprint_out_r
xanim,vm_iw4_magnum_sprint_out_l
xanim,vm_iw4_magnum_sprint_out
xanim,vm_iw4_magnum_fire_ads
xanim,vm_iw4_magnum_inspect_r
xanim,vm_iw4_magnum_inspect_l
xanim,vm_iw4_magnum_inspect
xanim,vm_iw4_magnum_ads_up
xanim,vm_iw4_magnum_ads_down
attachment,tacknifecolt44
loaded_sound,h1_dlc_wpn/44mag/44mag_ins_aki_01
sound,44mag_ins_aki_01
loaded_sound,h1_dlc_wpn/44mag/44mag_ins_aki_02
sound,44mag_ins_aki_02
loaded_sound,h1_dlc_wpn/44mag/44mag_ins_aki_03
sound,44mag_ins_aki_03
loaded_sound,h1_dlc_wpn/44mag/44mag_ins_aki_04
sound,44mag_ins_aki_04
loaded_sound,weapons/iw4/magnum/chamber
sound,wpn_magnum_fly_chamber
loaded_sound,weapons/iw4/magnum/chamber_l
sound,wpn_magnum_fly_chamber_l
loaded_sound,weapons/iw4/magnum/chamber_r
sound,wpn_magnum_fly_chamber_r
loaded_sound,weapons/iw4/magnum/inspect_look1
sound,wpn_magnum_fly_inspect_look1
loaded_sound,weapons/iw4/magnum/inspect_look2
sound,wpn_magnum_fly_inspect_look2
loaded_sound,weapons/iw4/magnum/inspect_rest
sound,wpn_magnum_fly_inspect_rest
loaded_sound,weapons/iw4/magnum/lift
sound,wpn_magnum_fly_lift
loaded_sound,weapons/iw4/magnum/lift_l
sound,wpn_magnum_fly_lift_l
loaded_sound,weapons/iw4/magnum/lift_r
sound,wpn_magnum_fly_lift_r
loaded_sound,weapons/iw4/magnum/mag_in
sound,wpn_magnum_fly_mag_in
loaded_sound,weapons/iw4/magnum/mag_in_l
sound,wpn_magnum_fly_mag_in_l
loaded_sound,weapons/iw4/magnum/mag_in_r
sound,wpn_magnum_fly_mag_in_r
loaded_sound,weapons/iw4/magnum/mag_out
sound,wpn_magnum_fly_mag_out
loaded_sound,weapons/iw4/magnum/mag_out_l
sound,wpn_magnum_fly_mag_out_l
loaded_sound,weapons/iw4/magnum/mag_out_r
sound,wpn_magnum_fly_mag_out_r
sound,
sound,
sound,
sound,
sound,
sound,
sound,
sound,
sound,
sound,
sound,
sound,
sound,
sound,
sound,
sound,
fx,vfx/shelleject/shelleject_coltanaconda
fx,
fx,
fx,
fx,
fx,
fx,
fx,
fx,
fx,
fx,
fx,
fx,
fx,
fx,
fx,
loaded_sound,weapons/iw4/magnum/fire_npc
sound,wpn_magnum_fire_npc
loaded_sound,weapons/iw4/magnum/fire_plr
sound,wpn_magnum_fire_plr
sound,h2_wpn_coltanaconda_dryfire_plr
image,hud_magnum
material,hud_icon_colt_anaconda
phys_collmap,wpn_h2_coltanaconda_npc
weapon,h2_coltanaconda_mp
image,i_h2_deagle_grip_s
image,i_h2_deagle_grip_n
image,i_h2_deagle_grip_o
image,i_h2_deagle_grip_c
image,i_h2_deagle_grip_m
material,m/mtl_h2_deagle_grip_camo
image,i_h2_deagle_frame_s
image,i_h2_deagle_frame_n
image,i_h2_deagle_frame_o
image,i_h2_deagle_frame_c
image,i_h2_deagle_frame_m
material,m/mtl_h2_deagle_frame_camo
image,i_h2_deagle_barrel_s
image,i_h2_deagle_barrel_n
image,i_h2_deagle_barrel_o
image,i_h2_deagle_barrel_c
image,i_h2_deagle_barrel_m
material,m/mtl_h2_deagle_barrel_camo
image,i_h2_deagle_tactical_s
image,i_h2_deagle_tactical_n
image,i_h2_deagle_tactical_o
image,i_h2_deagle_tactical_c
image,i_h2_deagle_tactical_m
material,m/mtl_h2_deagle_tactical_camo
image,i_h2_deagle_mag_s
image,i_h2_deagle_mag_n
image,i_h2_deagle_mag_o
image,i_h2_deagle_mag_c
material,m/mtl_h2_deagle_mag
image,i_h2_deagle_slide_s
image,i_h2_deagle_slide_n
image,i_h2_deagle_slide_o
image,i_h2_deagle_slide_c
image,i_h2_deagle_slide_m
material,m/mtl_h2_deagle_slide_camo
xmodelsurfs,wpn_h2_deagle_vm_lod0
xmodel,wpn_h2_deagle_vm
xmodelsurfs,wpn_h2_deagle_npc_lod0
xmodel,wpn_h2_deagle_npc
xanim,vm_h2_deagle_idle_r
xanim,vm_h2_deagle_idle_l
xanim,vm_h2_deagle_idle
xanim,vm_h2_deagle_fire_r
xanim,vm_h2_deagle_fire_l
xanim,vm_h2_deagle_fire
xanim,vm_h2_deagle_fire_last_r
xanim,vm_h2_deagle_fire_last_l
xanim,vm_h2_deagle_fire_last
xanim,vm_h2_deagle_melee_slice
xanim,vm_h2_deagle_melee_stab
xanim,vm_h2_deagle_reload_r
xanim,vm_h2_deagle_reload_l
xanim,vm_h2_deagle_reload
xanim,vm_h2_deagle_reload_empty_r
xanim,vm_h2_deagle_reload_empty_l
xanim,vm_h2_deagle_reload_empty
xanim,vm_h2_deagle_raise_r
xanim,vm_h2_deagle_raise_l
xanim,vm_h2_deagle_raise
xanim,vm_h2_deagle_raise_first_r
xanim,vm_h2_deagle_raise_first_l
xanim,vm_h2_deagle_raise_first
xanim,vm_h2_deagle_drop_r
xanim,vm_h2_deagle_drop_l
xanim,vm_h2_deagle_drop
xanim,vm_h2_deagle_sprint_in_r
xanim,vm_h2_deagle_sprint_in_l
xanim,vm_h2_deagle_sprint_in
xanim,vm_h2_deagle_sprint_loop_r
xanim,vm_h2_deagle_sprint_loop_l
xanim,vm_h2_deagle_sprint_loop
xanim,vm_h2_deagle_sprint_out_r
xanim,vm_h2_deagle_sprint_out_l
xanim,vm_h2_deagle_sprint_out
xanim,vm_h2_deagle_fire_ads
xanim,vm_h2_deagle_inspect_r
xanim,vm_h2_deagle_inspect_l
xanim,vm_h2_deagle_inspect
xanim,vm_h2_deagle_ads_up
xanim,vm_h2_deagle_ads_down
xanim,h1_wpn_pst_de50_walk_f
xanim,vm_h2_deagle_empty_additive_r
xanim,vm_h2_deagle_empty_additive_l
xanim,vm_h2_deagle_empty_additive
attachment,tacknifedeagle
loaded_sound,weapons/h2/deagle/clift
sound,wpn_deagle_fly_clift
loaded_sound,weapons/h2/deagle/mag_out
sound,wpn_deagle_fly_mag_out
loaded_sound,weapons/h2/deagle/mag_in
sound,wpn_deagle_fly_mag_in
loaded_sound,weapons/h2/deagle/chamber
sound,wpn_deagle_fly_chamber
loaded_sound,weapons/h2/deagle/clift_l
sound,wpn_deagle_fly_clift_l
loaded_sound,weapons/h2/deagle/mag_out_l
sound,wpn_deagle_fly_mag_out_l
loaded_sound,weapons/h2/deagle/mag_in_l
sound,wpn_deagle_fly_mag_in_l
loaded_sound,weapons/h2/deagle/chamber_l
sound,wpn_deagle_fly_chamber_l
loaded_sound,weapons/h2/deagle/clift_r
sound,wpn_deagle_fly_clift_r
loaded_sound,weapons/h2/deagle/mag_out_r
sound,wpn_deagle_fly_mag_out_r
loaded_sound,weapons/h2/deagle/mag_in_r
sound,wpn_deagle_fly_mag_in_r
loaded_sound,weapons/h2/deagle/chamber_r
sound,wpn_deagle_fly_chamber_r
sound,wpn_h1_deserteagle_ins_look_01
sound,wpn_h1_deserteagle_ins_look_02
loaded_sound,h1_weapons/wpn/inspect/wpn_h1_deserteagle_ins_pull
sound,wpn_h1_deserteagle_ins_pull
loaded_sound,h1_weapons/wpn/inspect/wpn_h1_deserteagle_ins_release
sound,wpn_h1_deserteagle_ins_release
loaded_sound,weapons/h2/deagle/inspect_look1_l
sound,wpn_deagle_fly_inspect_look1_l
loaded_sound,weapons/h2/deagle/inspect_look2_l
sound,wpn_deagle_fly_inspect_look2_l
loaded_sound,weapons/h2/deagle/inspect_rest_l
sound,wpn_deagle_fly_inspect_rest_l
loaded_sound,weapons/h2/deagle/inspect_look1_r
sound,wpn_deagle_fly_inspect_look1_r
loaded_sound,weapons/h2/deagle/inspect_look2_r
sound,wpn_deagle_fly_inspect_look2_r
loaded_sound,weapons/h2/deagle/inspect_rest_r
sound,wpn_deagle_fly_inspect_rest_r
loaded_sound,weapons/h2/deagle/akimbo_raise
sound,wpn_deagle_fly_first_lift_l
sound,
sound,
sound,
sound,
sound,
sound,
sound,
sound,
sound,
sound,
sound,
sound,
fx,
fx,
fx,
fx,
fx,
fx,
fx,
fx,
fx,
fx,
fx,
fx,
fx,
fx,
fx,
fx,
sound,h2_wpn_desert_eagle_npc_close
loaded_sound,h1_weapons/wpn/deserteagle/wpn_h1_deserteagle_tail_ext
loaded_sound,h1_weapons/wpn/tail_int/wpn_h1_ar_tail_int_01
sound,h1_wpn_deserteagle_tail_plr
loaded_sound,h1_weapons/wpn/sub/wpn_h1_lfe_smg
sound,h1_wpn_deserteagle_lfe_plr
loaded_sound,h1_weapons/wpn/sub/wpn_h1_sub_smg
sound,h1_wpn_deserteagle_sub_plr
loaded_sound,h1_weapons/wpn/skorpion/wpn_h1_skorpion_punch
sound,h1_wpn_deserteagle_punch_plr
loaded_sound,h1_weapons/wpn/deserteagle/wpn_h1_deserteagle_shot_01
loaded_sound,h1_weapons/wpn/deserteagle/wpn_h1_deserteagle_shot_02
loaded_sound,h1_weapons/wpn/deserteagle/wpn_h1_deserteagle_shot_03
loaded_sound,h1_weapons/wpn/deserteagle/wpn_h1_deserteagle_shot_04
sound,h1_wpn_deserteagle_plr
sound,h2_wpn_desert_eagle_npc_close_first
sound,h1_wpn_deserteagle_lfe_plr_first
sound,h1_wpn_deserteagle_sub_plr_first
sound,h1_wpn_deserteagle_punch_plr_first
sound,h1_wpn_deserteagle_plr_first
image,h2_weapon_deserteagle
material,hud_icon_desert_eagle
image,h1_og_hud_colt45
material,hud_icon_pistol
phys_collmap,wpn_h1_pst_de50_npc
weapon,h2_deserteagle_mp
image,i_h2_glock_base_s
image,i_h2_glock_base_n
image,i_h2_glock_base_o
image,i_h2_glock_base_c
image,i_h2_glock_base_m
material,m/mtl_h2_glock_body_camo
material,m/mtl_h2_glock_mag
xmodelsurfs,wpn_h2_glock_vm_lod0
xmodel,wpn_h2_glock_vm
xmodelsurfs,wpn_h2_glock_npc_lod0
xmodel,wpn_h2_glock_npc
xanim,vm_h2_glock_idle_r
xanim,vm_h2_glock_idle_l
xanim,vm_h2_glock_idle
xanim,vm_h2_glock_fire_r
xanim,vm_h2_glock_fire_l
xanim,vm_h2_glock_fire
xanim,vm_h2_glock_fire_last_r
xanim,vm_h2_glock_fire_last_l
xanim,vm_h2_glock_fire_last
xanim,vm_h2_glock_reload_r
xanim,vm_h2_glock_reload_l
xanim,vm_h2_glock_reload
xanim,vm_h2_glock_reload_empty_r
xanim,vm_h2_glock_reload_empty_l
xanim,vm_h2_glock_reload_empty
xanim,vm_h2_glock_raise_r
xanim,vm_h2_glock_raise_l
xanim,vm_h2_glock_raise
xanim,vm_h2_glock_raise_first
xanim,vm_h2_glock_drop_r
xanim,vm_h2_glock_drop_l
xanim,vm_h2_glock_drop
xanim,vm_h2_glock_sprint_in_r
xanim,vm_h2_glock_sprint_in_l
xanim,vm_h2_glock_sprint_in
xanim,vm_h2_glock_sprint_loop_r
xanim,vm_h2_glock_sprint_loop_l
xanim,vm_h2_glock_sprint_loop
xanim,vm_h2_glock_sprint_out_r
xanim,vm_h2_glock_sprint_out_l
xanim,vm_h2_glock_sprint_out
xanim,vm_h2_glock_fire_ads
xanim,vm_h2_glock_inspect_r
xanim,vm_h2_glock_inspect_l
xanim,vm_h2_glock_inspect
xanim,vm_h2_glock_ads_up
xanim,vm_h2_glock_ads_down
xanim,vm_h2_glock_recoil
xanim,vm_h2_glock_empty_additive_r
xanim,vm_h2_glock_empty_additive_l
xanim,vm_h2_glock_empty_additive
loaded_sound,weapons/h2/glock/first_lift
sound,wpn_glock_fly_first_lift
loaded_sound,weapons/h2/glock/first_lift_chamber
sound,wpn_glock_fly_first_lift_chamber
loaded_sound,weapons/h2/glock/lift
sound,wpn_glock_fly_lift
loaded_sound,weapons/h2/glock/mag_out
sound,wpn_glock_fly_mag_out
loaded_sound,weapons/h2/glock/mag_in
sound,wpn_glock_fly_mag_in
loaded_sound,weapons/h2/glock/chamber
sound,wpn_glock_fly_chamber
loaded_sound,weapons/h2/glock/inspect_look1
sound,wpn_glock_fly_inspect_look1
loaded_sound,weapons/h2/glock/inspect_look2
sound,wpn_glock_fly_inspect_look2
loaded_sound,weapons/h2/glock/inspect_rest
sound,wpn_glock_fly_inspect_rest
sound,wpn_glock_fly_chamber_l
sound,wpn_glock_fly_chamber_r
loaded_sound,weapons/h2/glock/inspect_look1_l
sound,wpn_glock_fly_inspect_look1_l
loaded_sound,weapons/h2/glock/inspect_look1_r
sound,wpn_glock_fly_inspect_look1_r
loaded_sound,weapons/h2/glock/inspect_look2_l
sound,wpn_glock_fly_inspect_look2_l
loaded_sound,weapons/h2/glock/inspect_look2_r
sound,wpn_glock_fly_inspect_look2_r
loaded_sound,weapons/h2/glock/inspect_rest_l
sound,wpn_glock_fly_inspect_rest_l
loaded_sound,weapons/h2/glock/inspect_rest_r
sound,wpn_glock_fly_inspect_rest_r
sound,wpn_glock_fly_lift_l
sound,wpn_glock_fly_lift_r
sound,wpn_glock_fly_mag_in_l
sound,wpn_glock_fly_mag_in_r
sound,wpn_glock_fly_mag_out_l
sound,wpn_glock_fly_mag_out_r
sound,
sound,
sound,
sound,
sound,
sound,
sound,
sound,
sound,
sound,
sound,
sound,
fx,
fx,
fx,
fx,
fx,
fx,
fx,
fx,
fx,
fx,
fx,
fx,
fx,
fx,
fx,
fx,
fx,fx/muzzleflashes/uzi_flash_view
image,muzzle_flash_glow_01
material,fx_muzzle_flash_glow_01_add_atlas_z40_tip
fx,fx/muzzleflashes/ak47_flash_wv_a
fx,fx/muzzleflashes/ak47_flash_wv_b
fx,fx/muzzleflashes/ak47_flash_wv_c
fx,fx/muzzleflashes/ak47_flash_wv
loaded_sound,weapons/h2/glock/fire_npc
sound,wpn_glock_fire_npc
loaded_sound,weapons/h2/glock/fire_plr
sound,wpn_glock_fire_plr
image,h2_weapon_glock
material,hud_icon_glock
phys_collmap,wpn_h2_glock_npc
weapon,h2_glock_mp
image,i_h2_m9_frame_s
image,i_h2_m9_frame_n
image,i_h2_m9_frame_o
image,i_h2_m9_frame_c
image,i_h2_m9_frame_m
material,m/mtl_h2_m9_frame_camo
image,i_h2_m9_grip_s
image,i_h2_m9_grip_n
image,i_h2_m9_grip_o
image,i_h2_m9_grip_c
image,i_h2_m9_grip_m
material,m/mtl_h2_m9_grip_camo
image,i_h2_m9_mag_s
image,i_h2_m9_mag_n
image,i_h2_m9_mag_o
image,i_h2_m9_mag_c
material,m/mtl_h2_m9_mag
image,i_h2_usp_sight_ems
material,m/mtl_h2_m9_sight_ems
image,i_h2_m9_slide_s
image,i_h2_m9_slide_n
image,i_h2_m9_slide_o
image,i_h2_m9_slide_c
image,i_h2_m9_slide_m
material,m/mtl_h2_m9_slide_camo
xmodelsurfs,wpn_h2_m9_vm_lod0
xmodel,wpn_h2_m9_vm
xmodelsurfs,wpn_h2_m9_npc_lod0
xmodel,wpn_h2_m9_npc
xanim,vm_h2_m9_idle_r
xanim,vm_h2_m9_idle_l
xanim,vm_h2_m9_idle
xanim,vm_h2_m9_fire_r
xanim,vm_h2_m9_fire_l
xanim,vm_h2_m9_fire
xanim,vm_h2_m9_fire_last_r
xanim,vm_h2_m9_fire_last_l
xanim,vm_h2_m9_fire_last
xanim,vm_h2_m9_melee_slice
xanim,vm_h2_m9_melee_stab
xanim,vm_h2_m9_reload_r
xanim,vm_h2_m9_reload_l
xanim,vm_h2_m9_reload
xanim,vm_h2_m9_reload_empty_r
xanim,vm_h2_m9_reload_empty_l
xanim,vm_h2_m9_reload_empty
xanim,vm_h2_m9_raise_r
xanim,vm_h2_m9_raise_l
xanim,vm_h2_m9_raise
xanim,vm_h2_m9_drop_r
xanim,vm_h2_m9_drop_l
xanim,vm_h2_m9_drop
xanim,vm_h2_m9_sprint_in_r
xanim,vm_h2_m9_sprint_in_l
xanim,vm_h2_m9_sprint_in
xanim,vm_h2_m9_sprint_loop_r
xanim,vm_h2_m9_sprint_loop_l
xanim,vm_h2_m9_sprint_loop
xanim,vm_h2_m9_sprint_out_r
xanim,vm_h2_m9_sprint_out_l
xanim,vm_h2_m9_sprint_out
xanim,vm_h2_m9_fire_ads
xanim,vm_h2_m9_inspect_r
xanim,vm_h2_m9_inspect_l
xanim,vm_h2_m9_inspect
xanim,vm_h2_m9_ads_up
xanim,vm_h2_m9_ads_down
xanim,h1_wpn_pst_m9_empty_additive
attachment,tacknifem9
sound,wpn_h1_m9_ins_look_01
sound,wpn_h1_m9_ins_look_02
loaded_sound,h1_weapons/wpn/inspect/wpn_h1_m9_ins_pull
sound,wpn_h1_m9_ins_pull
loaded_sound,h1_weapons/wpn/inspect/wpn_h1_m9_ins_release
sound,wpn_h1_m9_ins_release
loaded_sound,weapons/h2/m9/chamber
sound,wpn_m9_fly_chamber
loaded_sound,weapons/h2/m9/lift
sound,wpn_m9_fly_lift
loaded_sound,weapons/h2/m9/mag_in
sound,wpn_m9_fly_mag_in
loaded_sound,weapons/h2/m9/mag_out
sound,wpn_m9_fly_mag_out
sound,
sound,
sound,
sound,
sound,
sound,
sound,
sound,
sound,
sound,
sound,
sound,
sound,
sound,
sound,
fx,
fx,
fx,
fx,
fx,
fx,
fx,
fx,
fx,
fx,
fx,
fx,
fx,
fx,
fx,
fx,
sound,weap_beretta_fire_npc_tail
sound,weap_beretta_fire_npc_far
loaded_sound,h1_weapons/wpn/m9/h1_wpn_m9_mid_01
loaded_sound,h1_weapons/wpn/m9/h1_wpn_m9_mid_02
loaded_sound,h1_weapons/wpn/m9/h1_wpn_m9_mid_03
loaded_sound,h1_weapons/wpn/m9/h1_wpn_m9_mid_04
sound,weap_m9_fire_npc
loaded_sound,h1_weapons/wpn/m9/wpn_h1_m9_tail_ext
sound,h1_wpn_m9_tail_plr
loaded_sound,h1_weapons/wpn/m9/wpn_h1_m9_mech_01
loaded_sound,h1_weapons/wpn/m9/wpn_h1_m9_mech_02
loaded_sound,h1_weapons/wpn/m9/wpn_h1_m9_mech_03
loaded_sound,h1_weapons/wpn/m9/wpn_h1_m9_mech_04
sound,h1_wpn_m9_mech_plr
sound,h1_wpn_m9_sub_plr
sound,h1_wpn_m9_punch_plr
loaded_sound,h1_weapons/wpn/m9/wpn_h1_m9_shot_01
loaded_sound,h1_weapons/wpn/m9/wpn_h1_m9_shot_02
loaded_sound,h1_weapons/wpn/m9/wpn_h1_m9_shot_03
loaded_sound,h1_weapons/wpn/m9/wpn_h1_m9_shot_04
sound,h1_wpn_m9_plr
sound,h1_wpn_m9_mech_plr_first
sound,h1_wpn_m9_sub_plr_first
sound,h1_wpn_m9_punch_plr_first
sound,h1_wpn_m9_plr_first
sound,melee_m9_swing_plr
sound,weap_m9_clipin_npc
sound,weap_m9_reload_npc
phys_collmap,wpn_h1_pst_m9_npc
weapon,h2_m9_mp
image,i_h2_pp2000_receiver_s
image,i_h2_pp2000_receiver_n
image,i_h2_pp2000_receiver_o
image,i_h2_pp2000_receiver_c
image,i_h2_pp2000_receiver_m
material,m/mtl_h2_pp2000_receiver_camo
image,i_h2_pp2000_barrel_s
image,i_h2_pp2000_barrel_n
image,i_h2_pp2000_barrel_o
image,i_h2_pp2000_barrel_c
image,i_h2_pp2000_barrel_m
material,m/mtl_h2_pp2000_barrel_camo
image,i_h2_pp2000_mag_s
image,i_h2_pp2000_mag_n
image,i_h2_pp2000_mag_o
image,i_h2_pp2000_mag_c
material,m/mtl_h2_pp2000_mag
vertexshader,vs_vertcol_simple_flf_fog_nc.hlsl
pixelshader,vertcol_simple_cso_hss_flf_fog_ndw_lin_nc.hlsl
vertexshader,vs_vertcol_simple_flf_dfog_nc.hlsl
pixelshader,vertcol_simple_cso_hss_flf_dfog_ndw_lin_nc.hlsl
vertexshader,vs_vertcol_simple_flf_i_fog_nc.hlsl
vertexshader,vs_vertcol_simple_flf_i_dfog_nc.hlsl
techset,m_unlit_cso_hss_blend_lin_ndw
image,i_h2_pp2000_trinium_c
material,m/mtl_h2_pp2000_trinium
image,i_h2_pp2000_stock_s
image,i_h2_pp2000_stock_n
image,i_h2_pp2000_stock_o
image,i_h2_pp2000_stock_c
image,i_h2_pp2000_stock_m
material,m/mtl_h2_pp2000_stock_camo
xmodelsurfs,wpn_h2_pp2000_vm_lod0
xmodel,wpn_h2_pp2000_vm
xmodelsurfs,wpn_h2_pp2000_npc_lod0
xmodel,wpn_h2_pp2000_npc
xanim,vm_h2_pp2000_idle_r
xanim,vm_h2_pp2000_idle_l
xanim,vm_h2_pp2000_idle
xanim,vm_h2_pp2000_fire_r
xanim,vm_h2_pp2000_fire_l
xanim,vm_h2_pp2000_fire
xanim,vm_h2_pp2000_reload_r
xanim,vm_h2_pp2000_reload_l
xanim,vm_h2_pp2000_reload
xanim,vm_h2_pp2000_reload_empty_r
xanim,vm_h2_pp2000_reload_empty_l
xanim,vm_h2_pp2000_reload_empty
xanim,vm_h2_pp2000_raise_r
xanim,vm_h2_pp2000_raise_l
xanim,vm_h2_pp2000_raise
xanim,vm_h2_pp2000_raise_first
xanim,vm_h2_pp2000_breach_r
xanim,vm_h2_pp2000_breach_l
xanim,vm_h2_pp2000_drop_r
xanim,vm_h2_pp2000_drop_l
xanim,vm_h2_pp2000_drop
xanim,vm_h2_pp2000_sprint_in_r
xanim,vm_h2_pp2000_sprint_in_l
xanim,vm_h2_pp2000_sprint_in
xanim,vm_h2_pp2000_sprint_loop_r
xanim,vm_h2_pp2000_sprint_loop_l
xanim,vm_h2_pp2000_sprint_loop
xanim,vm_h2_pp2000_sprint_out_r
xanim,vm_h2_pp2000_sprint_out_l
xanim,vm_h2_pp2000_sprint_out
xanim,vm_h2_pp2000_fire_ads
xanim,vm_h2_pp2000_inspect
xanim,vm_h2_pp2000_ads_up
xanim,vm_h2_pp2000_ads_down
xanim,vm_h2_pp2000_recoil
xanim,vm_h2_pp2000_empty_additive
loaded_sound,weapons/h2/pp2000/first_lift
sound,wpn_pp2000_fly_first_lift
loaded_sound,weapons/h2/pp2000/lift
sound,wpn_pp2000_fly_lift
loaded_sound,weapons/h2/pp2000/mag_out
sound,wpn_pp2000_fly_mag_out
loaded_sound,weapons/h2/pp2000/mag_in
sound,wpn_pp2000_fly_mag_in
loaded_sound,weapons/h2/pp2000/chamber
sound,wpn_pp2000_fly_chamber
loaded_sound,weapons/h2/pp2000/inspect_look1
sound,wpn_pp2000_fly_inspect_look1
loaded_sound,weapons/h2/pp2000/inspect_look2
sound,wpn_pp2000_fly_inspect_look2
loaded_sound,weapons/h2/pp2000/inspect_rest
sound,wpn_pp2000_fly_inspect_rest
sound,
sound,
sound,
sound,
sound,
sound,
sound,
sound,
sound,
sound,
sound,
sound,
sound,
sound,
sound,
sound,
sound,
sound,
sound,
sound,
sound,
sound,
sound,
sound,
sound,
sound,
sound,
fx,
fx,
fx,
fx,
fx,
fx,
fx,
fx,
fx,
fx,
fx,
fx,
fx,
fx,
fx,
fx,
loaded_sound,weapons/h2/pp2000/fire_npc
sound,wpn_pp2000_fire_npc
loaded_sound,weapons/h2/pp2000/fire_plr
sound,wpn_pp2000_fire_plr
loaded_sound,weapon/dryfire/wpn_dryfire_smg_01
loaded_sound,weapon/dryfire/wpn_dryfire_smg_02
sound,wpn_dryfire_smg_npc
sound,wpn_dryfire_smg_plr
sound,h2_smg_melee_hit
sound,h2_smg_melee_miss
loaded_sound,foley/weapmvmt/wpn_sml_raise_01
loaded_sound,foley/weapmvmt/wpn_sml_raise_02
loaded_sound,foley/weapmvmt/wpn_sml_raise_03
sound,wpn_sml_raise
sound,wpn_sml_raise_plr
loaded_sound,foley/weapmvmt/wpn_sml_holster_01
loaded_sound,foley/weapmvmt/wpn_sml_holster_02
loaded_sound,foley/weapmvmt/wpn_sml_holster_03
sound,wpn_sml_holster
sound,wpn_sml_holster_plr
loaded_sound,foley/weapmvmt/wpn_sml_ads_up_01
loaded_sound,foley/weapmvmt/wpn_sml_ads_up_02
sound,wpn_sml_ads_up_plr
loaded_sound,foley/weapmvmt/wpn_sml_ads_down_01
loaded_sound,foley/weapmvmt/wpn_sml_ads_down_02
sound,wpn_sml_ads_down_plr
image,h2_weapon_p2000
material,hud_icon_pp2000
weapon,h2_pp2000_mp
image,i_h2_tmp_stock_s
image,i_h2_tmp_stock_n
image,i_h2_tmp_stock_o
image,i_h2_tmp_stock_c
image,i_h2_tmp_stock_m
material,m/mtl_h2_tmp_stock_camo
image,i_h2_tmp_mag_s
image,i_h2_tmp_mag_n
image,i_h2_tmp_mag_o
image,i_h2_tmp_mag_c
material,m/mtl_h2_tmp_mag
image,i_h2_tmp_top_s
image,i_h2_tmp_top_n
image,i_h2_tmp_top_o
image,i_h2_tmp_top_c
image,i_h2_tmp_top_m
material,m/mtl_h2_tmp_top_camo
image,i_h2_tmp_bottom_s
image,i_h2_tmp_bottom_n
image,i_h2_tmp_bottom_o
image,i_h2_tmp_bottom_c
image,i_h2_tmp_bottom_m
material,m/mtl_h2_tmp_bottom_camo
xmodelsurfs,wpn_h2_tmp_vm_lod0
xmodel,wpn_h2_tmp_vm
xmodelsurfs,wpn_h2_tmp_npc_lod0
xmodel,wpn_h2_tmp_npc
xanim,vm_h2_tmp_idle_r
xanim,vm_h2_tmp_idle_l
xanim,vm_h2_tmp_idle
xanim,vm_h2_tmp_fire_r
xanim,vm_h2_tmp_fire_l
xanim,vm_h2_tmp_fire
xanim,vm_h2_tmp_reload_r
xanim,vm_h2_tmp_reload_l
xanim,vm_h2_tmp_reload
xanim,vm_h2_tmp_reload_empty_r
xanim,vm_h2_tmp_reload_empty_l
xanim,vm_h2_tmp_reload_empty
xanim,vm_h2_tmp_raise_r
xanim,vm_h2_tmp_raise_l
xanim,vm_h2_tmp_raise
xanim,vm_h2_tmp_raise_first_r
xanim,vm_h2_tmp_raise_first_l
xanim,vm_h2_tmp_raise_first
xanim,vm_h2_tmp_drop_r
xanim,vm_h2_tmp_drop_l
xanim,vm_h2_tmp_drop
xanim,vm_h2_tmp_sprint_in_r
xanim,vm_h2_tmp_sprint_in_l
xanim,vm_h2_tmp_sprint_in
xanim,vm_h2_tmp_sprint_loop_r
xanim,vm_h2_tmp_sprint_loop_l
xanim,vm_h2_tmp_sprint_loop
xanim,vm_h2_tmp_sprint_out_r
xanim,vm_h2_tmp_sprint_out_l
xanim,vm_h2_tmp_sprint_out
xanim,vm_h2_tmp_fire_ads
xanim,vm_h2_tmp_akimbo_r_settle
xanim,h2_vm_sp_mantle_57_up_akimbo_r
xanim,h2_vm_sp_mantle_57_up_akimbo_l
xanim,h2_vm_sp_mantle_51_up_akimbo_r
xanim,h2_vm_sp_mantle_51_up_akimbo_l
xanim,h2_vm_sp_mantle_45_up_akimbo_r
xanim,h2_vm_sp_mantle_45_up_akimbo_l
xanim,h2_vm_sp_mantle_39_up_akimbo_r
xanim,h2_vm_sp_mantle_39_up_akimbo_l
xanim,h2_vm_sp_mantle_33_up_akimbo_r
xanim,h2_vm_sp_mantle_33_up_akimbo_l
xanim,h2_vm_sp_mantle_57_over_akimbo_r
xanim,h2_vm_sp_mantle_57_over_akimbo_l
xanim,h2_vm_sp_mantle_51_over_akimbo_r
xanim,h2_vm_sp_mantle_51_over_akimbo_l
xanim,h2_vm_sp_mantle_45_over_akimbo_r
xanim,h2_vm_sp_mantle_45_over_akimbo_l
xanim,h2_vm_sp_mantle_39_over_akimbo_r
xanim,h2_vm_sp_mantle_39_over_akimbo_l
xanim,h2_vm_sp_mantle_33_over_akimbo_r
xanim,h2_vm_sp_mantle_33_over_akimbo_l
xanim,vm_h2_tmp_inspect_r
xanim,vm_h2_tmp_inspect_l
xanim,vm_h2_tmp_inspect
xanim,vm_h2_tmp_ads_up
xanim,vm_h2_tmp_ads_down
xanim,vm_h2_tmp_recoil
xanim,vm_h2_tmp_empty_additive_r
xanim,vm_h2_tmp_empty_additive_l
xanim,vm_h2_tmp_empty_additive
loaded_sound,weapons/h2/tmp/lift
sound,wpn_tmp_fly_lift
loaded_sound,weapons/h2/tmp/mag_out
sound,wpn_tmp_fly_mag_out
loaded_sound,weapons/h2/tmp/mag_in
sound,wpn_tmp_fly_mag_in
loaded_sound,weapons/h2/tmp/chamber
sound,wpn_tmp_fly_chamber
loaded_sound,weapons/h2/tmp/mag_out_l
sound,wpn_tmp_fly_mag_out_l
loaded_sound,weapons/h2/tmp/mag_in_l
sound,wpn_tmp_fly_mag_in_l
loaded_sound,weapons/h2/tmp/chamber_l
sound,wpn_tmp_fly_chamber_l
sound,wpn_tmp_fly_mag_out_r
loaded_sound,weapons/h2/tmp/mag_in_r
sound,wpn_tmp_fly_mag_in_r
loaded_sound,weapons/h2/tmp/chamber_r
sound,wpn_tmp_fly_chamber_r
sound,wpn_h1_m9_ins_rest
sound,wpn_h1_m9_ins_look_01_l
sound,wpn_h1_m9_ins_look_02_l
sound,wpn_h1_m9_ins_look_01_r
sound,wpn_h1_m9_ins_look_02_r
loaded_sound,weapons/h2/tmp/inspect_rest_l
sound,wpn_tmp_fly_inspect_rest_l
loaded_sound,weapons/h2/tmp/lift_l
sound,wpn_tmp_fly_lift_l
loaded_sound,weapons/h2/tmp/lift_r
sound,wpn_tmp_fly_lift_r
sound,
sound,
sound,
sound,
sound,
sound,
sound,
sound,
sound,
fx,
fx,
fx,
fx,
fx,
fx,
fx,
fx,
fx,
fx,
fx,
fx,
fx,
fx,
fx,
fx,
loaded_sound,weapons/h2/tmp/fire_npc
sound,wpn_tmp_fire_npc
loaded_sound,weapons/h2/tmp/fire_plr
sound,wpn_tmp_fire_plr
image,h2_weapon_tmp
material,hud_icon_mp9
image,h1_weaponicons_ak47
material,hud_icon_ak47
phys_collmap,h2_weapon_tmp
weapon,h2_tmp_mp
image,i_h2_usp_slide_s
image,i_h2_usp_slide_n
image,i_h2_usp_slide_o
image,i_h2_usp_slide_c
image,i_h2_usp_slide_m
material,m/mtl_h2_usp_slide_camo
image,i_h2_usp_body_s
image,i_h2_usp_body_n
image,i_h2_usp_body_o
image,i_h2_usp_body_c
image,i_h2_usp_body_m
material,m/mtl_h2_usp_body_camo
material,m/mtl_h2_usp_sight_ems
image,i_h2_usp_mag_s
image,i_h2_usp_mag_n
image,i_h2_usp_mag_o
image,i_h2_usp_mag_c
material,m/mtl_h2_usp_mag
image,i_h2_usp_laser_s
image,i_h2_usp_laser_n
image,i_h2_usp_laser_o
image,i_h2_usp_laser_c
image,i_h2_usp_laser_m
material,m/mtl_h2_usp_laser_camo
xmodelsurfs,wpn_h2_usp_vm_lod0
xmodel,wpn_h2_usp_vm
xmodelsurfs,wpn_h2_usp_npc_lod0
xmodel,wpn_h2_usp_npc
xanim,h1_wpn_pst_usp_idle_r
xanim,h1_wpn_pst_usp_idle_l
xanim,vm_h1_usp_idle
xanim,h1_wpn_pst_usp_fire_r
xanim,h1_wpn_pst_usp_fire_l
xanim,vm_h1_usp_fire
xanim,h1_wpn_pst_usp_fire_last_r
xanim,h1_wpn_pst_usp_fire_last_l
xanim,vm_h1_usp_fire_last
xanim,vm_h1_usp_melee_slice
xanim,vm_h1_usp_melee_stab
xanim,h1_wpn_pst_usp_reload_r
xanim,h1_wpn_pst_usp_reload_l
xanim,vm_h1_usp_reload
xanim,h1_wpn_pst_usp_reload_empty_r
xanim,h1_wpn_pst_usp_reload_empty_l
xanim,vm_h1_usp_reload_empty
xanim,h1_wpn_pst_usp_pullout_r
xanim,h1_wpn_pst_usp_pullout_l
xanim,vm_h1_usp_raise
xanim,h1_wpn_pst_usp_putaway_r
xanim,h1_wpn_pst_usp_putaway_l
xanim,vm_h1_usp_drop
xanim,h1_wpn_pst_usp_sprint_in_r
xanim,h1_wpn_pst_usp_sprint_in_l
xanim,vm_h1_usp_sprint_in
xanim,h1_wpn_pst_usp_sprint_loop_r
xanim,h1_wpn_pst_usp_sprint_loop_l
xanim,vm_h1_usp_sprint_loop
xanim,h1_wpn_pst_usp_sprint_out_r
xanim,h1_wpn_pst_usp_sprint_out_l
xanim,vm_h1_usp_sprint_out
xanim,vm_h1_usp_fire_ads
xanim,h1_wpn_pst_usp_inspect_r
xanim,h1_wpn_pst_usp_inspect_l
xanim,vm_h1_usp_inspect
xanim,vm_h1_usp_ads_up
xanim,vm_h1_usp_ads_down
xanim,h1_wpn_pst_usp_empty_additive_r
xanim,h1_wpn_pst_usp_empty_additive_l
xanim,vm_h1_usp_empty_additive
attachment,tacknifeusp
sound,wpn_h1_usp_ins_look_01
sound,wpn_h1_usp_ins_look_02
loaded_sound,h1_weapons/wpn/inspect/wpn_h1_usp_ins_pull
sound,wpn_h1_usp_ins_pull
loaded_sound,h1_weapons/wpn/inspect/wpn_h1_usp_ins_release
sound,wpn_h1_usp_ins_release
sound,
sound,
sound,
sound,
sound,
sound,
sound,
sound,
sound,
sound,
sound,
sound,
sound,
sound,
sound,
sound,
sound,
sound,
sound,
sound,
sound,
sound,
sound,
sound,
sound,
sound,
sound,
fx,
fx,
fx,
fx,
fx,
fx,
fx,
fx,
fx,
fx,
fx,
fx,
fx,
fx,
fx,
fx,
fx,fx/muzzleflashes/usp_flash_view
sound,weap_usp_fire_npc_tail
sound,weap_usp_fire_npc_far
loaded_sound,h1_weapons/wpn/usp/h1_wpn_usp_mid_01
loaded_sound,h1_weapons/wpn/usp/h1_wpn_usp_mid_02
loaded_sound,h1_weapons/wpn/usp/h1_wpn_usp_mid_03
loaded_sound,h1_weapons/wpn/usp/h1_wpn_usp_mid_04
sound,weap_usp45_fire_npc
loaded_sound,h1_weapons/wpn/usp/wpn_h1_usp_tail_ext
sound,h1_wpn_usp_tail_plr
loaded_sound,h1_weapons/wpn/usp/wpn_h1_usp_mech_01
loaded_sound,h1_weapons/wpn/usp/wpn_h1_usp_mech_02
loaded_sound,h1_weapons/wpn/usp/wpn_h1_usp_mech_03
loaded_sound,h1_weapons/wpn/usp/wpn_h1_usp_mech_04
sound,h1_wpn_usp_mech_plr
sound,h1_wpn_usp_sub_plr
sound,h1_wpn_usp_punch_plr
loaded_sound,h1_weapons/wpn/usp/wpn_h1_usp_shot_01
loaded_sound,h1_weapons/wpn/usp/wpn_h1_usp_shot_02
loaded_sound,h1_weapons/wpn/usp/wpn_h1_usp_shot_03
loaded_sound,h1_weapons/wpn/usp/wpn_h1_usp_shot_04
sound,h1_wpn_usp_plr
sound,h1_wpn_usp_mech_plr_first
sound,h1_wpn_usp_sub_plr_first
sound,h1_wpn_usp_punch_plr_first
sound,h1_wpn_usp_plr_first
sound,melee_usp45_swing_plr
sound,weap_usp45_clipin_npc
sound,weap_usp45_reload_npc
image,h1_weaponicons_usp45
material,hud_icon_usp_45
phys_collmap,wpn_h1_pst_usp45_npc
weapon,h2_usp_mp
pixelshader,lpo_sm_eflow_nofog_dc1dn1ds1dg1dna1_lmpb_l0n_misva_r0c0n0s0om0_nc.hlsl
pixelshader,lpo_sm_eflow_nofog_dc1dn1ds1dg1dna1_lmpb_l0d_misva_r0c0n0s0om0_nc.hlsl
pixelshader,lpo_sm_eflow_nofog_dc1dn1ds1dg1dna1_lmpb_l0d_l0sd_misva_r0c0n0s0om0_nc.hlsl
pixelshader,lpo_sm_eflow_nofog_dc1dn1ds1dg1dna1_lmpb_l0s_misva_r0c0n0s0om0_nc.hlsl
pixelshader,lpo_sm_eflow_nofog_dc1dn1ds1dg1dna1_lmpb_l0s_l0ss_misva_r0c0n0s0om0_nc.hlsl
pixelshader,lpo_sm_eflow_nofog_dc1dn1ds1dg1dna1_lmpb_l0s_l0sc_cuc_misva_r0c0n0s0om0_nc.hlsl
pixelshader,lpo_sm_eflow_nofog_dc1dn1ds1dg1dna1_lmpb_l0o_misva_r0c0n0s0om0_nc.hlsl
pixelshader,lpo_sm_eflow_nofog_dc1dn1ds1dg1dna1_lmpb_l0o_l0ss_misva_r0c0n0s0om0_nc.hlsl
pixelshader,lpo_sm_eflow_nofog_dc1dn1ds1dg1dna1_lmpb_ldbsm_cuc_misva_r0c0n0s0om0_nc.hlsl
pixelshader,lpo_sm_eflow_nofog_dc1dn1ds1dg1dna1_lmpb_ldb_sunsm_cuc_misva_r0c0n0s0om0_nc.hlsl
pixelshader,lpo_sm_eflow_nofog_dc1dn1ds1dg1dna1_lmpb_ldbsm_misva_r0c0n0s0om0_nc.hlsl
pixelshader,lpo_sm_eflow_nofog_dc1dn1ds1dg1dna1_lmpb_ldb_sunsm_misva_r0c0n0s0om0_nc.hlsl
techset,m_l_sm_lmpb_dc1dn1ds1dg1dna1_r0c0n0sd0om0_nfwpf_misva_eflow
image,ui_transparent
image,wpn_h2m_camo_doomsday_ems
image,camo_body_flow_surfparms_01
image,~wpn_h1_camo_exclusion_spc-rg~60428e6f
image,wpn_h1_camo_flowmap_liquid_01_flow
material,m/mtl_h2_aa12_body_doomsday
image,wpn_h2m_camo_fire_col
image,wpn_h2m_camo_fire_ems
image,wpn_h2m_camo_fire_nml
material,m/mtl_h2_aa12_body_fire
image,wpn_h2m_camo_gas_ems
material,m/mtl_h2_aa12_body_gas
image,wpn_h2m_camo_ice_col
image,wpn_h2m_camo_ice_ems
image,wpn_h2m_camo_ice_nml
material,m/mtl_h2_aa12_body_ice
image,wpn_h2m_camo_lava_col
image,wpn_h2m_camo_lava_ems
image,wpn_h2m_camo_lava_nml
material,m/mtl_h2_aa12_body_lava
image,wpn_h2m_camo_storm_ems
material,m/mtl_h2_aa12_body_storm
image,wpn_h2m_camo_toxic_waste_col
image,wpn_h2m_camo_toxic_waste_ems
image,wpn_h2m_camo_toxic_waste_nml
material,m/mtl_h2_aa12_body_toxic_waste
image,wpn_h2m_camo_water_col
image,wpn_h2m_camo_water_ems
image,wpn_h2m_camo_water_nml
image,wpn_h2m_camo_water_spc
material,m/mtl_h2_aa12_body_water
material,m/mtl_h2_aa12_details_doomsday
material,m/mtl_h2_aa12_details_fire
material,m/mtl_h2_aa12_details_gas
material,m/mtl_h2_aa12_details_ice
material,m/mtl_h2_aa12_details_lava
material,m/mtl_h2_aa12_details_storm
material,m/mtl_h2_aa12_details_toxic_waste
material,m/mtl_h2_aa12_details_water
image,i_h2_aa12_mag_s
material,m/mtl_h2_aa12_mag_doomsday
material,m/mtl_h2_aa12_mag_fire
material,m/mtl_h2_aa12_mag_gas
material,m/mtl_h2_aa12_mag_ice
material,m/mtl_h2_aa12_mag_lava
material,m/mtl_h2_aa12_mag_storm
material,m/mtl_h2_aa12_mag_toxic_waste
material,m/mtl_h2_aa12_mag_water
image,i_h2_aa12_rail_s
material,m/mtl_h2_aa12_rail_doomsday
material,m/mtl_h2_aa12_rail_fire
material,m/mtl_h2_aa12_rail_gas
material,m/mtl_h2_aa12_rail_ice
material,m/mtl_h2_aa12_rail_lava
material,m/mtl_h2_aa12_rail_storm
material,m/mtl_h2_aa12_rail_toxic_waste
material,m/mtl_h2_aa12_rail_water
material,m/mtl_h2_aa12_sight_doomsday
material,m/mtl_h2_aa12_sight_fire
material,m/mtl_h2_aa12_sight_gas
material,m/mtl_h2_aa12_sight_ice
material,m/mtl_h2_aa12_sight_lava
material,m/mtl_h2_aa12_sight_storm
material,m/mtl_h2_aa12_sight_toxic_waste
material,m/mtl_h2_aa12_sight_water
image,camo_barrel_flow_surfparms_01
material,m/mtl_h2_colt45_body_doomsday
material,m/mtl_h2_colt45_body_fire
material,m/mtl_h2_colt45_body_gas
material,m/mtl_h2_colt45_body_ice
material,m/mtl_h2_colt45_body_lava
material,m/mtl_h2_colt45_body_storm
material,m/mtl_h2_colt45_body_toxic_waste
material,m/mtl_h2_colt45_body_water
material,m/mtl_h2_colt45_grip_doomsday
material,m/mtl_h2_colt45_grip_fire
material,m/mtl_h2_colt45_grip_gas
material,m/mtl_h2_colt45_grip_ice
material,m/mtl_h2_colt45_grip_lava
material,m/mtl_h2_colt45_grip_storm
material,m/mtl_h2_colt45_grip_toxic_waste
material,m/mtl_h2_colt45_grip_water
material,m/mtl_h2_colt45_slide_doomsday
material,m/mtl_h2_colt45_slide_fire
material,m/mtl_h2_colt45_slide_gas
material,m/mtl_h2_colt45_slide_ice
material,m/mtl_h2_colt45_slide_lava
material,m/mtl_h2_colt45_slide_storm
material,m/mtl_h2_colt45_slide_toxic_waste
material,m/mtl_h2_colt45_slide_water
material,m/mtl_h2_deagle_barrel_doomsday
material,m/mtl_h2_deagle_barrel_fire
material,m/mtl_h2_deagle_barrel_gas
material,m/mtl_h2_deagle_barrel_ice
material,m/mtl_h2_deagle_barrel_lava
material,m/mtl_h2_deagle_barrel_storm
material,m/mtl_h2_deagle_barrel_toxic_waste
material,m/mtl_h2_deagle_barrel_water
image,camo_frame_flow_surfparms_01
material,m/mtl_h2_deagle_frame_doomsday
material,m/mtl_h2_deagle_frame_fire
material,m/mtl_h2_deagle_frame_gas
material,m/mtl_h2_deagle_frame_ice
material,m/mtl_h2_deagle_frame_lava
material,m/mtl_h2_deagle_frame_storm
material,m/mtl_h2_deagle_frame_toxic_waste
material,m/mtl_h2_deagle_frame_water
image,camo_grip_flow_surfparms_01
material,m/mtl_h2_deagle_grip_doomsday
material,m/mtl_h2_deagle_grip_fire
material,m/mtl_h2_deagle_grip_gas
material,m/mtl_h2_deagle_grip_ice
material,m/mtl_h2_deagle_grip_lava
material,m/mtl_h2_deagle_grip_storm
material,m/mtl_h2_deagle_grip_toxic_waste
material,m/mtl_h2_deagle_grip_water
image,camo_slide_flow_surfparms_01
material,m/mtl_h2_deagle_slide_doomsday
material,m/mtl_h2_deagle_slide_fire
material,m/mtl_h2_deagle_slide_gas
material,m/mtl_h2_deagle_slide_ice
material,m/mtl_h2_deagle_slide_lava
material,m/mtl_h2_deagle_slide_storm
material,m/mtl_h2_deagle_slide_toxic_waste
material,m/mtl_h2_deagle_slide_water
image,camo_tactical_flow_surfparms_01
material,m/mtl_h2_deagle_tactical_doomsday
material,m/mtl_h2_deagle_tactical_fire
material,m/mtl_h2_deagle_tactical_gas
material,m/mtl_h2_deagle_tactical_ice
material,m/mtl_h2_deagle_tactical_lava
material,m/mtl_h2_deagle_tactical_storm
material,m/mtl_h2_deagle_tactical_toxic_waste
material,m/mtl_h2_deagle_tactical_water
material,m/mtl_h2_glock_body_doomsday
image,i_h2_glock_body_s
image,i_h2_glock_body_n
image,i_h2_glock_body_o
image,i_h2_glock_body_c
image,i_h2_glock_body_m
material,m/mtl_h2_glock_body_fire
material,m/mtl_h2_glock_body_gas
material,m/mtl_h2_glock_body_ice
material,m/mtl_h2_glock_body_lava
material,m/mtl_h2_glock_body_storm
material,m/mtl_h2_glock_body_toxic_waste
material,m/mtl_h2_glock_body_water
image,camo_rail_flow_surfparms_01
image,i_h2_glock_rail_o
image,i_h2_glock_rail_m
material,m/mtl_h2_glock_rail_doomsday
material,m/mtl_h2_glock_rail_fire
material,m/mtl_h2_glock_rail_gas
material,m/mtl_h2_glock_rail_ice
material,m/mtl_h2_glock_rail_lava
material,m/mtl_h2_glock_rail_storm
material,m/mtl_h2_glock_rail_toxic_waste
material,m/mtl_h2_glock_rail_water
material,m/mtl_h2_m1014_receiver_doomsday
material,m/mtl_h2_m1014_receiver_fire
material,m/mtl_h2_m1014_receiver_gas
material,m/mtl_h2_m1014_receiver_ice
material,m/mtl_h2_m1014_receiver_lava
material,m/mtl_h2_m1014_receiver_storm
material,m/mtl_h2_m1014_receiver_toxic_waste
material,m/mtl_h2_m1014_receiver_water
material,m/mtl_h2_m9_frame_doomsday
material,m/mtl_h2_m9_frame_fire
material,m/mtl_h2_m9_frame_gas
material,m/mtl_h2_m9_frame_ice
material,m/mtl_h2_m9_frame_lava
material,m/mtl_h2_m9_frame_storm
material,m/mtl_h2_m9_frame_toxic_waste
material,m/mtl_h2_m9_frame_water
material,m/mtl_h2_m9_grip_doomsday
material,m/mtl_h2_m9_grip_fire
material,m/mtl_h2_m9_grip_gas
material,m/mtl_h2_m9_grip_ice
material,m/mtl_h2_m9_grip_lava
material,m/mtl_h2_m9_grip_storm
material,m/mtl_h2_m9_grip_toxic_waste
material,m/mtl_h2_m9_grip_water
material,m/mtl_h2_m9_slide_doomsday
material,m/mtl_h2_m9_slide_fire
material,m/mtl_h2_m9_slide_gas
material,m/mtl_h2_m9_slide_ice
material,m/mtl_h2_m9_slide_lava
material,m/mtl_h2_m9_slide_storm
material,m/mtl_h2_m9_slide_toxic_waste
material,m/mtl_h2_m9_slide_water
image,i_h2_magnum_s
image,i_h2_magnum_n
image,camo_flow_surfparms_01
image,i_h2_magnum_o
image,i_h2_magnum_c
image,i_h2_magnum_m
material,m/mtl_h2_magnum_doomsday
material,m/mtl_h2_magnum_fire
material,m/mtl_h2_magnum_gas
material,m/mtl_h2_magnum_ice
material,m/mtl_h2_magnum_lava
material,m/mtl_h2_magnum_storm
material,m/mtl_h2_magnum_toxic_waste
material,m/mtl_h2_magnum_water
material,m/mtl_h2_model1887_barrel_doomsday
material,m/mtl_h2_model1887_barrel_fire
material,m/mtl_h2_model1887_barrel_gas
material,m/mtl_h2_model1887_barrel_ice
material,m/mtl_h2_model1887_barrel_lava
material,m/mtl_h2_model1887_barrel_storm
material,m/mtl_h2_model1887_barrel_toxic_waste
material,m/mtl_h2_model1887_barrel_water
material,m/mtl_h2_model1887_receiver_doomsday
material,m/mtl_h2_model1887_receiver_fire
material,m/mtl_h2_model1887_receiver_gas
material,m/mtl_h2_model1887_receiver_ice
material,m/mtl_h2_model1887_receiver_lava
material,m/mtl_h2_model1887_receiver_storm
material,m/mtl_h2_model1887_receiver_toxic_waste
material,m/mtl_h2_model1887_receiver_water
material,m/mtl_h2_model1887_wood_doomsday
material,m/mtl_h2_model1887_wood_fire
material,m/mtl_h2_model1887_wood_gas
material,m/mtl_h2_model1887_wood_ice
material,m/mtl_h2_model1887_wood_lava
material,m/mtl_h2_model1887_wood_storm
material,m/mtl_h2_model1887_wood_toxic_waste
material,m/mtl_h2_model1887_wood_water
material,m/mtl_h2_pp2000_barrel_doomsday
material,m/mtl_h2_pp2000_barrel_fire
material,m/mtl_h2_pp2000_barrel_gas
material,m/mtl_h2_pp2000_barrel_ice
material,m/mtl_h2_pp2000_barrel_lava
material,m/mtl_h2_pp2000_barrel_storm
material,m/mtl_h2_pp2000_barrel_toxic_waste
material,m/mtl_h2_pp2000_barrel_water
image,camo_mag_flow_surfparms_01
image,i_h2_pp2000_mag_m
material,m/mtl_h2_pp2000_mag_doomsday
material,m/mtl_h2_pp2000_mag_fire
material,m/mtl_h2_pp2000_mag_gas
material,m/mtl_h2_pp2000_mag_ice
material,m/mtl_h2_pp2000_mag_lava
material,m/mtl_h2_pp2000_mag_storm
material,m/mtl_h2_pp2000_mag_toxic_waste
material,m/mtl_h2_pp2000_mag_water
image,camo_receiver_flow_surfparms_01
material,m/mtl_h2_pp2000_receiver_doomsday
material,m/mtl_h2_pp2000_receiver_fire
material,m/mtl_h2_pp2000_receiver_gas
material,m/mtl_h2_pp2000_receiver_ice
material,m/mtl_h2_pp2000_receiver_lava
material,m/mtl_h2_pp2000_receiver_storm
material,m/mtl_h2_pp2000_receiver_toxic_waste
material,m/mtl_h2_pp2000_receiver_water
image,camo_stock_flow_surfparms_01
material,m/mtl_h2_pp2000_stock_doomsday
material,m/mtl_h2_pp2000_stock_fire
material,m/mtl_h2_pp2000_stock_gas
material,m/mtl_h2_pp2000_stock_ice
material,m/mtl_h2_pp2000_stock_lava
material,m/mtl_h2_pp2000_stock_storm
material,m/mtl_h2_pp2000_stock_toxic_waste
material,m/mtl_h2_pp2000_stock_water
material,m/mtl_h2_raffica_frame_doomsday
material,m/mtl_h2_raffica_frame_fire
material,m/mtl_h2_raffica_frame_gas
material,m/mtl_h2_raffica_frame_ice
material,m/mtl_h2_raffica_frame_lava
material,m/mtl_h2_raffica_frame_storm
material,m/mtl_h2_raffica_frame_toxic_waste
material,m/mtl_h2_raffica_frame_water
material,m/mtl_h2_raffica_grip_doomsday
material,m/mtl_h2_raffica_grip_fire
material,m/mtl_h2_raffica_grip_gas
material,m/mtl_h2_raffica_grip_ice
material,m/mtl_h2_raffica_grip_lava
material,m/mtl_h2_raffica_grip_storm
material,m/mtl_h2_raffica_grip_toxic_waste
material,m/mtl_h2_raffica_grip_water
material,m/mtl_h2_raffica_slide_doomsday
material,m/mtl_h2_raffica_slide_fire
material,m/mtl_h2_raffica_slide_gas
material,m/mtl_h2_raffica_slide_ice
material,m/mtl_h2_raffica_slide_lava
material,m/mtl_h2_raffica_slide_storm
material,m/mtl_h2_raffica_slide_toxic_waste
material,m/mtl_h2_raffica_slide_water
material,m/mtl_h2_raffica_stock_doomsday
material,m/mtl_h2_raffica_stock_fire
material,m/mtl_h2_raffica_stock_gas
material,m/mtl_h2_raffica_stock_ice
material,m/mtl_h2_raffica_stock_lava
material,m/mtl_h2_raffica_stock_storm
material,m/mtl_h2_raffica_stock_toxic_waste
material,m/mtl_h2_raffica_stock_water
material,m/mtl_h2_ranger_base_doomsday
material,m/mtl_h2_ranger_base_fire
material,m/mtl_h2_ranger_base_gas
material,m/mtl_h2_ranger_base_ice
material,m/mtl_h2_ranger_base_lava
material,m/mtl_h2_ranger_base_storm
material,m/mtl_h2_ranger_base_toxic_waste
material,m/mtl_h2_ranger_base_water
material,m/mtl_h2_spas12_front_doomsday
material,m/mtl_h2_spas12_front_fire
material,m/mtl_h2_spas12_front_gas
material,m/mtl_h2_spas12_front_ice
material,m/mtl_h2_spas12_front_lava
material,m/mtl_h2_spas12_front_storm
material,m/mtl_h2_spas12_front_toxic_waste
material,m/mtl_h2_spas12_front_water
material,m/mtl_h2_spas12_receiver_doomsday
material,m/mtl_h2_spas12_receiver_fire
material,m/mtl_h2_spas12_receiver_gas
material,m/mtl_h2_spas12_receiver_ice
material,m/mtl_h2_spas12_receiver_lava
material,m/mtl_h2_spas12_receiver_storm
material,m/mtl_h2_spas12_receiver_toxic_waste
material,m/mtl_h2_spas12_receiver_water
material,m/mtl_h2_spas12_sight_doomsday
material,m/mtl_h2_spas12_sight_fire
material,m/mtl_h2_spas12_sight_gas
material,m/mtl_h2_spas12_sight_ice
material,m/mtl_h2_spas12_sight_lava
material,m/mtl_h2_spas12_sight_storm
material,m/mtl_h2_spas12_sight_toxic_waste
material,m/mtl_h2_spas12_sight_water
material,m/mtl_h2_striker_barrel_doomsday
material,m/mtl_h2_striker_barrel_fire
material,m/mtl_h2_striker_barrel_gas
material,m/mtl_h2_striker_barrel_ice
material,m/mtl_h2_striker_barrel_lava
material,m/mtl_h2_striker_barrel_storm
material,m/mtl_h2_striker_barrel_toxic_waste
material,m/mtl_h2_striker_barrel_water
material,m/mtl_h2_striker_handle_doomsday
material,m/mtl_h2_striker_handle_fire
material,m/mtl_h2_striker_handle_gas
material,m/mtl_h2_striker_handle_ice
material,m/mtl_h2_striker_handle_lava
material,m/mtl_h2_striker_handle_storm
material,m/mtl_h2_striker_handle_toxic_waste
material,m/mtl_h2_striker_handle_water
material,m/mtl_h2_striker_mag_doomsday
material,m/mtl_h2_striker_mag_fire
material,m/mtl_h2_striker_mag_gas
material,m/mtl_h2_striker_mag_ice
material,m/mtl_h2_striker_mag_lava
material,m/mtl_h2_striker_mag_storm
material,m/mtl_h2_striker_mag_toxic_waste
material,m/mtl_h2_striker_mag_water
material,m/mtl_h2_striker_sight_doomsday
material,m/mtl_h2_striker_sight_fire
material,m/mtl_h2_striker_sight_gas
material,m/mtl_h2_striker_sight_ice
material,m/mtl_h2_striker_sight_lava
material,m/mtl_h2_striker_sight_storm
material,m/mtl_h2_striker_sight_toxic_waste
material,m/mtl_h2_striker_sight_water
image,camo_bottom_flow_surfparms_01
material,m/mtl_h2_tmp_bottom_doomsday
material,m/mtl_h2_tmp_bottom_fire
material,m/mtl_h2_tmp_bottom_gas
material,m/mtl_h2_tmp_bottom_ice
material,m/mtl_h2_tmp_bottom_lava
material,m/mtl_h2_tmp_bottom_storm
material,m/mtl_h2_tmp_bottom_toxic_waste
material,m/mtl_h2_tmp_bottom_water
material,m/mtl_h2_tmp_stock_doomsday
material,m/mtl_h2_tmp_stock_fire
material,m/mtl_h2_tmp_stock_gas
material,m/mtl_h2_tmp_stock_ice
material,m/mtl_h2_tmp_stock_lava
material,m/mtl_h2_tmp_stock_storm
material,m/mtl_h2_tmp_stock_toxic_waste
material,m/mtl_h2_tmp_stock_water
image,camo_top_flow_surfparms_01
material,m/mtl_h2_tmp_top_doomsday
material,m/mtl_h2_tmp_top_fire
material,m/mtl_h2_tmp_top_gas
material,m/mtl_h2_tmp_top_ice
material,m/mtl_h2_tmp_top_lava
material,m/mtl_h2_tmp_top_storm
material,m/mtl_h2_tmp_top_toxic_waste
material,m/mtl_h2_tmp_top_water
material,m/mtl_h2_usp_body_doomsday
material,m/mtl_h2_usp_body_fire
material,m/mtl_h2_usp_body_gas
material,m/mtl_h2_usp_body_ice
material,m/mtl_h2_usp_body_lava
material,m/mtl_h2_usp_body_storm
material,m/mtl_h2_usp_body_toxic_waste
material,m/mtl_h2_usp_body_water
material,m/mtl_h2_usp_laser_doomsday
material,m/mtl_h2_usp_laser_fire
material,m/mtl_h2_usp_laser_gas
material,m/mtl_h2_usp_laser_ice
material,m/mtl_h2_usp_laser_lava
material,m/mtl_h2_usp_laser_storm
material,m/mtl_h2_usp_laser_toxic_waste
material,m/mtl_h2_usp_laser_water
material,m/mtl_h2_usp_slide_doomsday
material,m/mtl_h2_usp_slide_fire
material,m/mtl_h2_usp_slide_gas
material,m/mtl_h2_usp_slide_ice
material,m/mtl_h2_usp_slide_lava
material,m/mtl_h2_usp_slide_storm
material,m/mtl_h2_usp_slide_toxic_waste
material,m/mtl_h2_usp_slide_water
material,m/mtl_h2_winchest_forend_doomsday
material,m/mtl_h2_winchest_forend_fire
material,m/mtl_h2_winchest_forend_gas
material,m/mtl_h2_winchest_forend_ice
material,m/mtl_h2_winchest_forend_lava
material,m/mtl_h2_winchest_forend_storm
material,m/mtl_h2_winchest_forend_toxic_waste
material,m/mtl_h2_winchest_forend_water
material,m/mtl_h2_winchest_receiver_doomsday
material,m/mtl_h2_winchest_receiver_fire
material,m/mtl_h2_winchest_receiver_gas
material,m/mtl_h2_winchest_receiver_ice
material,m/mtl_h2_winchest_receiver_lava
material,m/mtl_h2_winchest_receiver_storm
material,m/mtl_h2_winchest_receiver_toxic_waste
material,m/mtl_h2_winchest_receiver_water
material,m/mtl_h2_winchest_sights_doomsday
material,m/mtl_h2_winchest_sights_fire
material,m/mtl_h2_winchest_sights_gas
material,m/mtl_h2_winchest_sights_ice
material,m/mtl_h2_winchest_sights_lava
material,m/mtl_h2_winchest_sights_storm
material,m/mtl_h2_winchest_sights_toxic_waste
material,m/mtl_h2_winchest_sights_water
material,m/mtl_h2_winchest_stock_doomsday
material,m/mtl_h2_winchest_stock_fire
material,m/mtl_h2_winchest_stock_gas
material,m/mtl_h2_winchest_stock_ice
material,m/mtl_h2_winchest_stock_lava
material,m/mtl_h2_winchest_stock_storm
material,m/mtl_h2_winchest_stock_toxic_waste
material,m/mtl_h2_winchest_stock_water
image,i_iw4_1887s_base_s
image,i_iw4_1887s_base_n
image,i_iw4_1887s_base_o
image,i_iw4_1887s_base_c
image,i_iw4_1887s_base_m
material,m/mtl_iw4_1887s_wood_doomsday
material,m/mtl_iw4_1887s_wood_fire
material,m/mtl_iw4_1887s_wood_gas
material,m/mtl_iw4_1887s_wood_ice
material,m/mtl_iw4_1887s_wood_lava
material,m/mtl_iw4_1887s_wood_storm
material,m/mtl_iw4_1887s_wood_toxic_waste
material,m/mtl_iw4_1887s_wood_water
material,m/mtl_iw4_magnum_doomsday
material,m/mtl_iw4_magnum_fire
material,m/mtl_iw4_magnum_gas
material,m/mtl_iw4_magnum_ice
material,m/mtl_iw4_magnum_lava
material,m/mtl_iw4_magnum_storm
material,m/mtl_iw4_magnum_toxic_waste
material,m/mtl_iw4_magnum_water
rawfile,h2m_shotgun
