vertexshader,unlit_2d_pw.hlsl_h2
pixelshader,unlit_2d.hlsl_h2
vertexdecl,pp.fcc0.ft0t0.3_h2
techset,2d_h2
image,h2_loadingwidget
material,h2_loading_animation
image,h2_btn_unfocused_locked
material,h2_btn_unfocused_locked
image,h2_btn_focused_locked
material,h2_btn_focused_locked
image,h2_btn_focused_outerglow
material,h2_btn_focused_outerglow
image,h2_btn_focused_rect_innerglow
material,h2_btn_focused_rect_innerglow
image,h2_btn_focused_stroke
material,h2_btn_focused_stroke
image,h2_btn_focused_fill
material,h2_btn_focused_fill
image,h2_btn_unfocused
material,h2_btn_unfocused
vertexshader,unlit_2d_pw.hlsl
pixelshader,unlit_2d.hlsl
vertexdecl,pp.fcc0.ft0t0.3
techset,2d
image,h2_deco_option_scrollbar_arrows
material,h1_deco_option_scrollbar_arrows
image,h2_deco_arrows_right
material,h1_deco_arrows_right
image,h2_deco_arrows_up
material,h1_deco_arrows_up
image,h2_deco_arrows_left
material,h1_deco_arrows_left
image,h2_deco_arrows
material,h1_deco_arrows
image,h2_bg_option_slider_bar
material,h1_bg_option_slider_bar
image,h2_deco_divider_3slice_yellow
material,h1_ui_divider
material,h1_ui_divider_green
vertexshader,pulsing_mask.hlsl_h2
pixelshader,pulsing_mask.hlsl_h2
vertexdecl,pp.7t0t0.3_h2
techset,pulsing_mask_h2
image,h2_btn_cloud_mask
image,h2_btn_dot_pattern
material,h2_btn_dot_pattern
image,h2_title_background_color
material,h2_title_background_color
image,h2_title_glitch
material,h2_title_glitch
image,h2_title_splatter01
material,h2_title_splatter_01
image,h2_title_splatter02
material,h2_title_splatter_02
image,h2_title_arrow
material,h2_title_arrow
image,h2_title_backglow_mask
image,h2_title_backglow
material,h2_title_backglow
image,h2_title_cloud_mask
image,h2_title_dot_pattern
material,h2_title_pattern_dot
image,h2_title_smoke_01
material,h2_title_smoke_01
image,h2_title_smoke_02
material,h2_title_smoke_02
image,h2_title_backglow_light
material,h2_title_backglow_light
image,h2_title_backglow_pc
material,h2_title_backglow_pc
material,h2_ui_divider_yellow
image,h2_tabs_states_normal
material,h2_tabs_states_normal
image,h2_tabs_bg
material,h2_tabs_bg
image,h2_tabs_states_selected
material,h2_tabs_states_selected
image,h2_tabs_states_active
material,h2_tabs_states_active
sndcurve,$default
lpfcurve,$default
reverbsendcurve,$default
loaded_sound,streamed/h2_main_menu_music
sound,h2_main_menu_music
loaded_sound,ui/iw4_ui_select_hz_1
sound,h2_ui_menu_accept
loaded_sound,ui/iw4_ui_over_v2
sound,h2_ui_menu_back
sound,h2_ui_menu_scroll
rawfile,h2_ui
image,h2m_mod_logo
material,h2m_mod_logo
image,ui_transparent
material,gradient_slow_fadein
image,weapon_onemanarmy
material,weapon_onemanarmy
vertexshader,distortion_shade_mask_legacydst_blurdst_ui.hlsl
pixelshader,distortion_shade_mask_dat_legacydst_blurdst_ui.hlsl
vertexshader,distortion_shade_mask_legacydst_blurdst.hlsl
pixelshader,distortion_shade_mask_dat_legacydst_blurdst.hlsl
vertexshader,vertcol_untextured_nofog.hlsl
pixelshader,vertcol_untextured_lin_nofog.hlsl
vertexdecl,pp.fcc0.ft0t0.3nn.7
vertexdecl,pp.fcc0.ft0t0.3nn.7tt1.7
vertexdecl,pp.fcc0.f
techset,distortion_shade_legacydst_blurdst_mask_dat
image,h2m_hud_weapwidget_blur_tex
image,$black
material,h2m_hud_weapwidget_blur
image,h2m_hud_weapwidget_border_tex
material,h2m_hud_weapwidget_border
image,hud_scorebar
material,hud_scorebar
image,hud_scorebar_bottombar
material,hud_scorebar_bottombar
image,hud_scorebar_bottombar_bg
material,hud_scorebar_bottombar_bg
image,hud_scorebar_bottomcap
material,hud_scorebar_bottomcap
image,hud_scorebar_bottomcap_bg
material,hud_scorebar_bottomcap_bg
image,hud_scorebar_topbar
material,hud_scorebar_topbar
image,hud_scorebar_topbar_bg
material,hud_scorebar_topbar_bg
image,hud_scorebar_topcap
material,hud_scorebar_topcap
image,hud_scorebar_topcap_bg
material,hud_scorebar_topcap_bg
image,h2m_hud_as_dpad_blur_tex
material,h2m_hud_as_dpad_blur
image,h2m_hud_as_dpad_border_tex
material,h2m_hud_as_dpad_border
image,h2m_hud_as_kbm_blur_tex
material,h2m_hud_as_kbm_blur
image,h2m_hud_as_kbm_border_tex
material,h2m_hud_as_kbm_border
image,h2m_damage_feedback
material,h2m_damage_feedback
ttf,fonts/h2_default.otf
ttf,fonts/h2_defaultBold.otf
ttf,fonts/h2_bank.ttf
ttf,fonts/h2m_bank.ttf
ttf,fonts/h1_bank_pre.ttf
ttf,fonts/iw4_bank.ttf
ttf,fonts/marsden.ttf
image,loadscreen_airport
material,loadscreen_airport
image,loadscreen_boneyard
material,loadscreen_boneyard
image,loadscreen_cliffhanger
material,loadscreen_cliffhanger
image,loadscreen_contingency
material,loadscreen_contingency
image,loadscreen_oilrig
material,loadscreen_oilrig
image,loadscreen_dc_whitehouse
material,loadscreen_dc_whitehouse
image,loadscreen_gulag
material,loadscreen_gulag
image,loadscreen_dcburning
material,loadscreen_dcburning
image,loadscreen_estate
material,loadscreen_estate
image,loadscreen_mp_afghan
material,loadscreen_mp_afghan
image,loadscreen_mp_derail
material,loadscreen_mp_derail
image,loadscreen_mp_estate
material,loadscreen_mp_estate
image,loadscreen_mp_favela
material,loadscreen_mp_favela
image,loadscreen_mp_highrise
material,loadscreen_mp_highrise
image,loadscreen_mp_invasion
material,loadscreen_mp_invasion
image,loadscreen_mp_checkpoint
material,loadscreen_mp_checkpoint
image,loadscreen_mp_quarry
material,loadscreen_mp_quarry
image,loadscreen_mp_rundown
material,loadscreen_mp_rundown
image,loadscreen_mp_rust
material,loadscreen_mp_rust
image,loadscreen_mp_boneyard
material,loadscreen_mp_boneyard
image,loadscreen_mp_nightshift
material,loadscreen_mp_nightshift
image,loadscreen_mp_subbase
material,loadscreen_mp_subbase
image,loadscreen_mp_terminal
material,loadscreen_mp_terminal
image,loadscreen_mp_underpass
material,loadscreen_mp_underpass
image,loadscreen_mp_brecourt
material,loadscreen_mp_brecourt
image,loadscreen_mp_complex
material,loadscreen_mp_complex
image,loadscreen_mp_compact
material,loadscreen_mp_compact
image,loadscreen_mp_storm
material,loadscreen_mp_storm
image,loadscreen_mp_abandon
material,loadscreen_mp_abandon
image,loadscreen_mp_fuel2
material,loadscreen_mp_fuel2
image,loadscreen_mp_trailerpark
material,loadscreen_mp_trailerpark
image,loadscreen_mp_dome
material,loadscreen_mp_dome
image,loadscreen_mp_bootleg
material,loadscreen_mp_bootleg
image,loadscreen_mp_shipmentlong
material,loadscreen_mp_shipmentlong
image,loadscreen_mp_highrise2
material,loadscreen_mp_highrise2
image,loadscreen_mp_village
material,loadscreen_mp_village
image,loadscreen_mp_outpost
material,loadscreen_mp_radar
image,loadscreen_mp_plaza2
material,loadscreen_mp_plaza2
image,loadscreen_mp_hardhat
material,loadscreen_mp_hardhat
image,loadscreen_mp_overwatch
material,loadscreen_mp_overwatch
image,loadscreen_mp_morningwood
material,loadscreen_mp_morningwood
image,preview_airport_vote
material,loadscreen_airport_vote
image,preview_boneyard_vote
material,loadscreen_boneyard_vote
image,preview_cliffhanger_vote
material,loadscreen_cliffhanger_vote
image,preview_contingency_vote
material,loadscreen_contingency_vote
image,preview_dc_whitehouse_vote
material,loadscreen_dc_whitehouse_vote
image,preview_dcburning_vote
material,loadscreen_dc_burning_vote
image,preview_gulag_vote
material,loadscreen_gulag_vote
image,preview_oilrig_vote
material,loadscreen_oilrig_vote
image,preview_estate_vote
material,loadscreen_estate_vote
image,preview_mp_abandon_vote
material,loadscreen_mp_abandon_vote
image,preview_mp_afghan_vote
material,loadscreen_mp_afghan_vote
image,preview_mp_boneyard_vote
material,loadscreen_mp_boneyard_vote
image,preview_mp_brecourt_vote
material,loadscreen_mp_brecourt_vote
image,preview_mp_checkpoint_vote
material,loadscreen_mp_checkpoint_vote
image,preview_mp_compact_vote
material,loadscreen_mp_compact_vote
image,preview_mp_complex_vote
material,loadscreen_mp_complex_vote
image,preview_mp_derail_vote
material,loadscreen_mp_derail_vote
image,preview_mp_estate_vote
material,loadscreen_mp_estate_vote
image,preview_mp_favela_vote
material,loadscreen_mp_favela_vote
image,preview_mp_fuel2_vote
material,loadscreen_mp_fuel2_vote
image,preview_mp_highrise_vote
material,loadscreen_mp_highrise_vote
image,preview_mp_invasion_vote
material,loadscreen_mp_invasion_vote
image,preview_mp_nightshift_vote
material,loadscreen_mp_nightshift_vote
image,preview_mp_quarry_vote
material,loadscreen_mp_quarry_vote
image,preview_mp_rundown_vote
material,loadscreen_mp_rundown_vote
image,preview_mp_rust_vote
material,loadscreen_mp_rust_vote
image,preview_mp_storm_vote
material,loadscreen_mp_storm_vote
image,preview_mp_subbase_vote
material,loadscreen_mp_subbase_vote
image,preview_mp_terminal_vote
material,loadscreen_mp_terminal_vote
image,preview_mp_trailerpark_vote
material,loadscreen_mp_trailerpark_vote
image,preview_mp_underpass_vote
material,loadscreen_mp_underpass_vote
image,preview_mp_dome_vote
material,loadscreen_mp_dome_vote
image,preview_mp_bootleg_vote
material,loadscreen_mp_bootleg_vote
image,preview_mp_shipmentlong_vote
material,loadscreen_mp_shipmentlong_vote
image,preview_mp_highrise2_vote
material,loadscreen_mp_highrise2_vote
image,preview_mp_village_vote
material,loadscreen_mp_village_vote
image,preview_mp_outpost_vote
material,loadscreen_mp_radar_vote
image,preview_mp_plaza2_vote
material,loadscreen_mp_plaza2_vote
image,preview_mp_hardhat_vote
material,loadscreen_mp_hardhat_vote
image,preview_mp_overwatch_vote
material,loadscreen_mp_overwatch_vote
image,preview_mp_morningwood_vote
material,loadscreen_mp_morningwood_vote
image,h2m_cardicon_rank_pvt1
material,h2m_rank_pvt1
image,h2m_cardicon_rank_pfc1
material,h2m_rank_pfc1
image,h2m_cardicon_rank_spc1
material,h2m_rank_spc1
image,h2m_cardicon_rank_cpl1
material,h2m_rank_cpl1
image,h2m_cardicon_rank_sgt1
material,h2m_rank_sgt1
image,h2m_cardicon_rank_ssgt1
material,h2m_rank_ssgt1
image,h2m_cardicon_rank_sgtfc1
material,h2m_rank_sfc1
image,h2m_cardicon_rank_msgt1
material,h2m_rank_msgt1
image,h2m_cardicon_rank_fsgt1
material,h2m_rank_1stsgt1
image,h2m_cardicon_rank_sgtmaj1
material,h2m_rank_sgtmaj1
image,h2m_cardicon_rank_cmdsgtmaj1
material,h2m_rank_cmdsgtmaj1
image,h2m_rank_prestige_1
material,h2m_rank_prestige1
image,h2m_rank_prestige_2
material,h2m_rank_prestige2
image,h2m_rank_prestige_3
material,h2m_rank_prestige3
image,h2m_rank_prestige_4
material,h2m_rank_prestige4
image,h2m_rank_prestige_5
material,h2m_rank_prestige5
image,h2m_rank_prestige_6
material,h2m_rank_prestige6
image,h2m_rank_prestige_7
material,h2m_rank_prestige7
image,h2m_rank_prestige_8
material,h2m_rank_prestige8
image,h2m_rank_prestige_9
material,h2m_rank_prestige9
image,h2m_rank_prestige_10
material,h2m_rank_prestige10
image,h2m_faction_tf141
material,h2m_faction_tf141
image,h2m_faction_tf141_soft
material,h2m_faction_tf141_soft
image,h2m_faction_seals
material,h2m_faction_seals
image,h2m_faction_seals_soft
material,h2m_faction_seals_soft
image,h2m_faction_rangers
material,h2m_faction_rangers
image,h2m_faction_rangers_soft
material,h2m_faction_rangers_soft
image,h2m_faction_russian
material,h2m_faction_russian
image,h2m_faction_russian_soft
material,h2m_faction_russian_soft
image,h2m_faction_opfor
material,h2m_faction_opfor
image,h2m_faction_opfor_soft
material,h2m_faction_opfor_soft
image,h2m_faction_militia
material,h2m_faction_militia
image,h2m_faction_militia_soft
material,h2m_faction_militia_soft
vertexshader,vs_vertcol_simple_flf_fog_ems.hlsl
pixelshader,vertcol_simple_cso_hss_flf_tsm_fog_ndw_ems.hlsl
pixelshader,vertcol_simple_cso_hss_flf_fog_ndw_ems.hlsl
vertexshader,vs_vertcol_simple_flf_dfog_ems.hlsl
pixelshader,vertcol_simple_cso_hss_flf_dfog_ndw_ems.hlsl
vertexshader,position_only.hlsl
pixelshader,null.hlsl
vertexdecl,pp.7
techset,effect_cso_hss_blend_ndw
material,h2m_headicon_tf141
material,h2m_headicon_rangers
material,h2m_headicon_seals
material,h2m_headicon_russian
material,h2m_headicon_opfor
material,h2m_headicon_militia
image,wpn_h2m_camo_desert
material,h2m_img_camo_desert
image,wpn_h2m_camo_arctic
material,h2m_img_camo_arctic
image,wpn_h2m_camo_woodland
material,h2m_img_camo_woodland
image,wpn_h2m_camo_digital
material,h2m_img_camo_digital
image,wpn_h2m_camo_urban
material,h2m_img_camo_urban
image,wpn_h2m_camo_blue_tiger
material,h2m_img_camo_blue_tiger
image,wpn_h2m_camo_red_tiger
material,h2m_img_camo_red_tiger
image,h2m_weapon_camo_orange_fall
material,h2m_img_camo_orange_fall
image,~wpn_h2m_camo_gold_spc-rg~999d16ae
material,h2m_img_camo_gold
image,camo_diamond_spc-rgb&-rc07c86b6a
material,h2m_img_camo_diamond
image,wpn_h2m_camo_yellow
material,h2m_img_camo_yellow
image,wpn_h2m_camo_white
material,h2m_img_camo_white
image,wpn_h2m_camo_red
material,h2m_img_camo_red
image,wpn_h2m_camo_purple
material,h2m_img_camo_purple
image,wpn_h2m_camo_pink
material,h2m_img_camo_pink
image,wpn_h2m_camo_pastel_brown
material,h2m_img_camo_pastel_brown
image,wpn_h2m_camo_orange
material,h2m_img_camo_orange
image,wpn_h2m_camo_light_pink
material,h2m_img_camo_light_pink
image,wpn_h2m_camo_green
material,h2m_img_camo_green
image,wpn_h2m_camo_dark_red
material,h2m_img_camo_dark_red
image,wpn_h2m_camo_dark_green
material,h2m_img_camo_dark_green
image,wpn_h2m_camo_cyan
material,h2m_img_camo_cyan
image,wpn_h2m_camo_brown
material,h2m_img_camo_brown
image,wpn_h2m_camo_blue
material,h2m_img_camo_blue
image,wpn_h2m_camo_black
material,h2m_img_camo_black
image,wpn_h2m_camo_soaring
material,h2m_img_camo_soaring
image,wpn_h2m_camo_doomsday_ems
material,h2m_img_camo_doomsday
image,wpn_h2m_camo_fire_ems
material,h2m_img_camo_fire
image,wpn_h2m_camo_gas_ems
material,h2m_img_camo_gas
image,wpn_h2m_camo_ice_ems
material,h2m_img_camo_ice
image,wpn_h2m_camo_lava_img
material,h2m_img_camo_lava
image,wpn_h2m_camo_nuclear_blue_col
material,h2m_img_camo_nuclear_blue
image,wpn_h2m_camo_nuclear_red_col
material,h2m_img_camo_nuclear_red
image,wpn_h2m_camo_polyatomic_col
material,h2m_img_camo_polyatomic
image,wpn_h2m_camo_poly_blue_col
material,h2m_img_camo_poly_blue
image,wpn_h2m_camo_poly_cyan_col
material,h2m_img_camo_poly_cyan
image,wpn_h2m_camo_poly_dred_col
material,h2m_img_camo_poly_dred
image,wpn_h2m_camo_poly_green_col
material,h2m_img_camo_poly_green
image,wpn_h2m_camo_poly_orange_col
material,h2m_img_camo_poly_orange
image,wpn_h2m_camo_poly_pink_col
material,h2m_img_camo_poly_pink
image,wpn_h2m_camo_poly_red_col
material,h2m_img_camo_poly_red
image,wpn_h2m_camo_poly_yellow_col
material,h2m_img_camo_poly_yellow
image,wpn_h2m_camo_storm_ems
material,h2m_img_camo_storm
image,wpn_h2m_camo_toxic_waste_ems
material,h2m_img_camo_toxic_waste
image,wpn_h2m_camo_water_ems
material,h2m_img_camo_water
vertexshader,vertcol_simple_zp_hidir_nc_noatest.hlsl
pixelshader,vertcol_simple_zp_hidir_nc.hlsl
vertexshader,vertcol_simple_mtlclr_nofog.hlsl
pixelshader,vertcol_shaded_nofog_lin_dc1.hlsl
vertexshader,l_point_feo_s_tc0.hlsl
pixelshader,l_spot_feo_dc1_lmpb_r0c0.hlsl
pixelshader,l_omni_feo_dc1_lmpb_r0c0.hlsl
vertexshader,l_point_feo_l0s2_sm_s_tc0.hlsl
pixelshader,l_spot_feo_dc1_lmpb_l0s2_sm_r0c0.hlsl
pixelshader,l_spot_feo_dc1_lmpb_l0s3_cuc_sm_r0c0.hlsl
vertexshader,l_point_s_tc0.hlsl
pixelshader,l_spot_dc1_lmpb_r0c0.hlsl
pixelshader,l_omni_dc1_lmpb_r0c0.hlsl
vertexshader,l_point_l0s2_sm_s_tc0.hlsl
pixelshader,l_spot_dc1_lmpb_l0s2_sm_r0c0.hlsl
pixelshader,l_spot_dc1_lmpb_l0s3_cuc_sm_r0c0.hlsl
vertexshader,debug_normals.hlsl
pixelshader,debug_normals_ps.hlsl
vertexdecl,pp.fnn.7
vertexdecl,pp.fcc0.ft0t0.3nn.f
techset,l_sm_lmpb_dc1_r0c0_nfwpf
image,$identitynormalmap
image,camo_reference_col
image,fp_black_col
image,~envbrdflut_ggx_16-rg
material,camo_h2m_desert
material,camo_h2m_arctic
material,camo_h2m_woodland
material,camo_h2m_digital
material,camo_h2m_urban
material,camo_h2m_blue_tiger
material,camo_h2m_red_tiger
image,fall_camo_nml
material,camo_h2m_orange_fall
pixelshader,l_spot_feo_dc1ds1dg1_lmpb_r0c0s0.hlsl
pixelshader,l_omni_feo_dc1ds1dg1_lmpb_r0c0s0.hlsl
pixelshader,l_spot_feo_dc1ds1dg1_lmpb_l0s2_sm_r0c0s0.hlsl
pixelshader,l_spot_feo_dc1ds1dg1_lmpb_l0s3_cuc_sm_r0c0s0.hlsl
pixelshader,l_spot_dc1ds1dg1_lmpb_r0c0s0.hlsl
pixelshader,l_omni_dc1ds1dg1_lmpb_r0c0s0.hlsl
pixelshader,l_spot_dc1ds1dg1_lmpb_l0s2_sm_r0c0s0.hlsl
pixelshader,l_spot_dc1ds1dg1_lmpb_l0s3_cuc_sm_r0c0s0.hlsl
techset,l_sm_lmpb_dc1ds1dg1_r0c0sd0_nfwpf
image,wpn_h2m_camo_gold_col
material,camo_h2m_gold
vertexshader,l_point_feo_dn_ds_s_tc0.hlsl
pixelshader,l_spot_feo_dc1dn1ds1dg1_lmpb_r0c0n0s0.hlsl
pixelshader,l_omni_feo_dc1dn1ds1dg1_lmpb_r0c0n0s0.hlsl
vertexshader,l_point_feo_dn_ds_l0s2_sm_s_tc0.hlsl
pixelshader,l_spot_feo_dc1dn1ds1dg1_lmpb_l0s2_sm_r0c0n0s0.hlsl
pixelshader,l_spot_feo_dc1dn1ds1dg1_lmpb_l0s3_cuc_sm_r0c0n0s0.hlsl
vertexshader,l_point_dn_ds_s_tc0.hlsl
pixelshader,l_spot_dc1dn1ds1dg1_lmpb_r0c0n0s0.hlsl
pixelshader,l_omni_dc1dn1ds1dg1_lmpb_r0c0n0s0.hlsl
vertexshader,l_point_dn_ds_l0s2_sm_s_tc0.hlsl
pixelshader,l_spot_dc1dn1ds1dg1_lmpb_l0s2_sm_r0c0n0s0.hlsl
pixelshader,l_spot_dc1dn1ds1dg1_lmpb_l0s3_cuc_sm_r0c0n0s0.hlsl
vertexdecl,pp.fcc0.ft0t0.3nn.ftt2.f
techset,l_sm_lmpb_dc1dn1ds1dg1_r0c0n0sd0_nfwpf
image,wpn_h2m_camo_diamond_col
image,~wpn_h2m_camo_diamond_spc-rgb&wpn~ade72811
image,wpn_h2m_camo_diamond_nml
material,camo_h2m_diamond
image,~wpn_h2m_camo_polyatomic_spc-rgb&wpn~ade72811
image,wpn_h2m_camo_polyatomic_nml
material,camo_h2m_polyatomic
image,~wpn_h2m_camo_poly_blue_spc-rgb&wpn~ade72811
image,wpn_h2m_camo_poly_blue_nml
material,camo_h2m_poly_blue
image,~wpn_h2m_camo_poly_cyan_spc-rgb&wpn~ade72811
image,wpn_h2m_camo_poly_cyan_nml
material,camo_h2m_poly_cyan
image,~wpn_h2m_camo_poly_dred_spc-rgb&wpn~ade72811
image,wpn_h2m_camo_poly_dred_nml
material,camo_h2m_poly_dred
image,~wpn_h2m_camo_poly_green_spc-rgb&wpn~ade72811
image,wpn_h2m_camo_poly_green_nml
material,camo_h2m_poly_green
image,~wpn_h2m_camo_poly_orange_spc-rgb&wpn~ade72811
image,wpn_h2m_camo_poly_orange_nml
material,camo_h2m_poly_orange
image,~wpn_h2m_camo_poly_pink_spc-rgb&wpn~ade72811
image,wpn_h2m_camo_poly_pink_nml
material,camo_h2m_poly_pink
image,~wpn_h2m_camo_poly_red_spc-rgb&wpn~ade72811
image,wpn_h2m_camo_poly_red_nml
material,camo_h2m_poly_red
image,~wpn_h2m_camo_poly_yellow_spc-rgb&wpn~ade72811
image,wpn_h2m_camo_poly_yellow_nml
material,camo_h2m_poly_yellow
material,camo_h2m_yellow
material,camo_h2m_white
material,camo_h2m_red
material,camo_h2m_purple
material,camo_h2m_pink
material,camo_h2m_pastel_brown
material,camo_h2m_orange
material,camo_h2m_light_pink
material,camo_h2m_green
material,camo_h2m_dark_red
material,camo_h2m_dark_green
material,camo_h2m_cyan
material,camo_h2m_brown
material,camo_h2m_blue
material,camo_h2m_black
image,wpn_h1_camo_gold_spc-rgbwpnade72811
material,camo_h2m_nuclear_blue
material,camo_h2m_nuclear_red
material,camo_h2m_soaring
image,$white
material,white
image,navbar_selection_bar_shadow
material,navbar_selection_bar_shadow
image,navbar_selection_bar
material,navbar_selection_bar
menu,error_popmenu
menu,error_popmenu_submenu
menu,save_corrupted
menu,popup_connecting
menu,popup_acceptinginvite
menu,popup_gettingdata
menu,error_popmenu_party
menu,error_popmenu_lobby
menu,acceptinvite_warning
vertexshader,cinematic_vs.hlsl
pixelshader,cinematic_ps.hlsl
vertexdecl,pp.7cc0.ft0t0.3
techset,cinematic
material,cinematic
menu,pregame_loaderror
menu,pregame_loaderror_mp
menu,menu_resetstats_warning
menu,cac_elite_popup
menu,connect
menu,playerdataread
menufile,ui/code.txt
loaded_sound,music/mp_spawn_rangers
sound,mp_spawn_rangers
image,h2m_aa12_ui
material,h2m_weapon_aa12
image,h2m_acr_ui
material,h2m_weapon_acr
image,h2m_ak47_ui
material,h2m_weapon_ak47
image,h2m_at4_ui
material,h2m_weapon_at4
image,h2m_barrett_ui
material,h2m_weapon_barrett
image,h2m_beretta_393_ui
material,h2m_weapon_beretta_393
image,h2m_beretta_ui
material,h2m_weapon_beretta
image,h2m_weapon_c4
material,h2m_weapon_c4
image,h2m_cheytac_ui
material,h2m_weapon_cheytac
image,h2m_weapon_claymore
material,h2m_weapon_claymore
image,h2m_colt45_ui
material,h2m_weapon_colt45
image,h2m_coltanaconda_ui
material,h2m_weapon_coltanaconda
image,h2m_desert_eagle_ui
material,h2m_weapon_desert_eagle
image,h2m_ebr14_ui
material,h2m_weapon_ebr14
image,h2m_fal_ui
material,h2m_weapon_fal
image,h2m_fn2000_ui
material,h2m_weapon_fn2000
image,h2m_glock_ui
material,h2m_weapon_glock
image,h2m_javelin_ui
material,h2m_weapon_javelin
image,h2m_m1014_ui
material,h2m_weapon_m1014
image,h2m_m16_ui
material,h2m_weapon_m16
image,h2m_m240_ui
material,h2m_weapon_m240
image,h2m_m40a3_ui
material,h2m_weapon_m40a3
image,h2m_m4_ui
material,h2m_weapon_m4
image,h2m_m79_ui
material,h2m_weapon_m79
image,h2m_mg4_ui
material,h2m_weapon_mg4
image,h2m_model1887_ui
material,h2m_weapon_model1887
image,h2m_mp5k_ui
material,h2m_weapon_mp5k
image,h2m_mp9_ui
material,h2m_weapon_mp9
image,h2m_p90_ui
material,h2m_weapon_p90
image,h2m_pp2000_ui
material,h2m_weapon_pp2000
image,h2m_ranger_ui
material,h2m_weapon_ranger
image,h2m_riot_shield_ui
material,h2m_weapon_riot_shield
image,h2m_rpd_ui
material,h2m_weapon_rpd
image,h2m_rpg7_ui
material,h2m_weapon_rpg7
image,h2m_sa80_ui
material,h2m_weapon_sa80
image,h2m_scar_ui
material,h2m_weapon_scar
image,h2m_spas12_ui
material,h2m_weapon_spas12
image,h2m_steyr_ui
material,h2m_weapon_steyr
image,h2m_stinger_ui
material,h2m_weapon_stinger
image,h2m_striker_ui
material,h2m_weapon_striker
image,h2m_tavor_ui
material,h2m_weapon_tavor
image,h2m_ump45_ui
material,h2m_weapon_ump45
image,h2m_usp45_ui
material,h2m_weapon_usp45
image,h2m_uzi_ui
material,h2m_weapon_uzi
image,h2m_vector_ui
material,h2m_weapon_vector
image,h2m_wa2000_ui
material,h2m_weapon_wa2000
image,h2m_ak74u_ui
material,h2m_weapon_ak74u
image,h2m_winchester1200_ui
material,h2m_weapon_winchester1200
image,h2m_famas_ui
material,h2m_weapon_famas
image,weapon_throwingknife
material,weapon_throwingknife
image,weapon_semtex
material,weapon_semtex
image,weapon_blastshield
material,weapon_blastshield
image,h2m_deco_loadscreen_progress_highlight
material,h2m_ui_loadscreen_progress_highlight
image,h1_ui_progressbar_green
material,h1_ui_progressbar_green
image,specialty_h2lightweight
material,specialty_h2lightweight
image,specialty_bling
material,specialty_bling
image,specialty_bulletaccuracy
material,specialty_bulletaccuracy
image,specialty_bulletdamage
material,specialty_bulletdamage
image,specialty_commando
material,specialty_commando
image,specialty_detectexplosive
material,specialty_detectexplosive
image,specialty_explosivedamage
material,specialty_explosivedamage
image,specialty_fastreload
material,specialty_fastreload
image,specialty_hardline
material,specialty_hardline
image,specialty_marathon
material,specialty_marathon
image,specialty_ninja
material,specialty_ninja
image,specialty_oma
material,specialty_oma
image,specialty_pistoldeath
material,specialty_pistoldeath
image,specialty_radarimmune
material,specialty_radarimmune
image,specialty_scavenger
material,specialty_scavenger
image,specialty_scrambler
material,specialty_scrambler
image,specialty_h2lightweight_pro
material,specialty_h2lightweight_pro
image,specialty_blingpro
material,specialty_blingpro
image,specialty_bulletaccuracy_pro
material,specialty_bulletaccuracy_pro
image,specialty_bulletdamage_pro
material,specialty_bulletdamage_pro
image,specialty_commando_pro
material,specialty_commando_pro
image,specialty_detectexplosive_pro
material,specialty_detectexplosive_pro
image,specialty_explosivedamage_pro
material,specialty_explosivedamage_pro
image,specialty_fastreload_pro
material,specialty_fastreload_pro
image,specialty_hardline_pro
material,specialty_hardline_pro
image,specialty_marathon_pro
material,specialty_marathon_pro
image,specialty_ninja_pro
material,specialty_ninja_pro
image,specialty_oma_pro
material,specialty_oma_pro
image,specialty_pistoldeath_pro
material,specialty_pistoldeath_pro
image,specialty_radarimmune_pro
material,specialty_radarimmune_pro
image,specialty_scavenger_pro
material,specialty_scavenger_pro
image,specialty_scrambler_pro
material,specialty_scrambler_pro
image,ui_mapvote_random
material,ui_mapvote_random
image,h1_btn_focused_rect_innerglow2
material,btn_focused_rect_innerglow
image,h2_bg_option_slider_bg
material,h1_bg_option_slider_bg
image,h2_bg_option_slider_outline_glow
material,h1_bg_option_slider_outline_glow
image,h2_deco_option_title
material,h1_deco_option_title
image,h1_deco_system_dialog_bg
material,h1_deco_system_dialog_bg
image,h1_deco_title_point2
material,h1_deco_title_point
image,h1_popup_title_bg
material,h1_popup_title_bg
image,h2_scrollbar_fill_selected
material,h1_scrollbar_fill_selected
image,h1_tabs_states_selected
material,h1_tabs_states_selected
image,h1_deco_greentriangle
material,h1_ui_deco_green_triangle
image,h1_ui_featured_pip_focused
material,h1_ui_featured_pip_focused
vertexshader,unlit_2d_pw_ua.hlsl
techset,2d_ua
image,h1_deco_ui_spinner_square
material,h1_ui_loader_emblem
image,h1_menu_icon_equipped
material,h1_ui_menu_icon_equipped
image,more
material,more
image,glow9slice_green
material,s1_9slice_highlight
image,s1_preview_mp_random
material,s1_preview_mp_random
image,3_cursor3
material,ui_cursor
vertexshader,vs_vertcol_simple_flf_fog_ems_nc.hlsl
pixelshader,vertcol_simple_hss_flf_fog_lin_ems_nc.hlsl
vertexshader,vs_vertcol_simple_flf_dfog_ems_nc.hlsl
pixelshader,vertcol_simple_hss_flf_dfog_lin_ems_nc.hlsl
vertexshader,vertcol_untextured_nc_nofog.hlsl
vertexdecl,pp.ft0t0.3
vertexdecl,pp.f
techset,m_effect_replace_lin
image,green
material,m/thermalbody_default
pixelshader,vertcol_simple_hss_flf_fog_lin_ct_ems_nc.hlsl
pixelshader,vertcol_simple_hss_flf_dfog_lin_ct_ems_nc.hlsl
techset,m_effect_replace_lin_ct
material,m/thermalbody_default_hdr
image,hud_obstruct_green
material,m/white_scope_def
material,m/white_scope_def_hdr
vertexshader,distortion_scale_legacydst_ui.hlsl
pixelshader,distortion_scale_dat_ui.hlsl
vertexshader,distortion_scale_legacydst.hlsl
pixelshader,distortion_scale_dat.hlsl
techset,distortion_scale_dat
image,h1_hud_javelin_distortion
material,h1_javelin_overlay_distort
vertexshader,grain_overlay.hlsl
techset,grain_overlay
image,h1_javelin_grain
material,javelin_overlay_grain
image,h2_hud_ammo_status_scanlines
material,h1_hud_ammo_status_scanlines
image,h2_hud_ammo_status_glow
material,h1_hud_ammo_status_glow
image,h2_hud_ammo_status_bg
material,h1_hud_ammo_status_bg
image,h2m_ui_playercard_bg
material,h2m_ui_playercard_bg
image,h1_bg_option_slider_bg
image,h1_bg_option_slider_outline_glow
image,h1_btn_focused_rect_innerglow
image,h1_deco_option_title
image,h1_deco_title_point
image,h1_prestige-unlock-button
image,h1_prestige-unlock-button_active
image,h1_unlockeditems-textbg
image,h2_reflex
material,h2_reflex
image,weapon_attachment_holographic
material,weapon_attachment_holographic
image,weapon_attachment_shotty
material,weapon_attachment_shotty
image,weapon_attachment_xmag
material,weapon_attachment_xmag
image,weapon_attachment_akimbo2
material,weapon_attachment_akimbo2
image,weapon_attachment_thermal2
material,weapon_attachment_thermal2
image,weapon_attachment_tacknife
material,weapon_attachment_tacknife
image,weapon_attachment_fastfire
material,weapon_attachment_fastfire
image,weapon_attachment_ogscope
material,weapon_attachment_ogscope
vertexshader,vertcol_simple_zp_rvel_nc_noatest.hlsl
pixelshader,vertcol_simple_zp_vel_nc.hlsl
vertexshader,vertcol_simple_zp_svel_nc_noatest.hlsl
vertexshader,vertcol_simple_zp_hidir_rvel_nc_noatest.hlsl
pixelshader,vertcol_simple_zp_hidir_vel_nc.hlsl
vertexshader,vertcol_simple_zp_hidir_svel_nc_noatest.hlsl
vertexshader,vertcol_simple_mtlclr_nofog_nc.hlsl
pixelshader,vertcol_shaded_nofog_lin_nc.hlsl
vertexshader,cloak_nofog_l0n_tc0n0_nc_tmq.hlsl
pixelshader,lpo_sm_nofog_lmpb_l0n_r0c0n0s0om0_nc.hlsl
pixelshader,lpo_sm_nofog_lmpb_l0d_r0c0n0s0om0_nc.hlsl
vertexshader,lpo_sm_nofog_l0d_l0sd_s_tc0n0ssr_nc.hlsl
pixelshader,lpo_sm_nofog_lmpb_l0d_l0sd_r0c0n0s0om0_nc.hlsl
pixelshader,lpo_sm_nofog_lmpb_l0s_r0c0n0s0om0_nc.hlsl
pixelshader,lpo_sm_nofog_lmpb_l0s_l0ss_r0c0n0s0om0_nc.hlsl
pixelshader,lpo_sm_nofog_lmpb_l0s_l0sc_cuc_r0c0n0s0om0_nc.hlsl
pixelshader,lpo_sm_nofog_lmpb_l0o_r0c0n0s0om0_nc.hlsl
pixelshader,lpo_sm_nofog_lmpb_l0o_l0ss_r0c0n0s0om0_nc.hlsl
vertexshader,lpo_sm_nofog_ldbsm_cuc_s_tc0n0ssr_nc.hlsl
pixelshader,lpo_sm_nofog_lmpb_ldbsm_cuc_r0c0n0s0om0_nc.hlsl
pixelshader,lpo_sm_nofog_lmpb_ldb_sunsm_cuc_r0c0n0s0om0_nc.hlsl
pixelshader,lpo_sm_nofog_lmpb_ldbsm_r0c0n0s0om0_nc.hlsl
pixelshader,lpo_sm_nofog_lmpb_ldb_sunsm_r0c0n0s0om0_nc.hlsl
vertexshader,l_point_feo_s_tc0n0_nc.hlsl
pixelshader,l_spot_feo_lmpb_r0c0n0s0om0_nc.hlsl
pixelshader,l_omni_feo_lmpb_r0c0n0s0om0_nc.hlsl
vertexshader,l_point_feo_l0s2_sm_s_tc0n0_nc.hlsl
pixelshader,l_spot_feo_lmpb_l0s2_sm_r0c0n0s0om0_nc.hlsl
pixelshader,l_spot_feo_lmpb_l0s3_cuc_sm_r0c0n0s0om0_nc.hlsl
vertexshader,l_point_s_tc0n0_nc.hlsl
pixelshader,l_spot_lmpb_r0c0n0s0om0_nc.hlsl
pixelshader,l_omni_lmpb_r0c0n0s0om0_nc.hlsl
vertexshader,l_point_l0s2_sm_s_tc0n0_nc.hlsl
pixelshader,l_spot_lmpb_l0s2_sm_r0c0n0s0om0_nc.hlsl
pixelshader,l_spot_lmpb_l0s3_cuc_sm_r0c0n0s0om0_nc.hlsl
vertexshader,velocity_sm_vrigid.hlsl
pixelshader,velocity_sm_vrigid.hlsl
vertexshader,velocity_sm_vskinned.hlsl
vertexshader,debug_normals_nc.hlsl
vertexshader,instanced_position_only.hlsl
vertexshader,vertcol_simple_zp_i_rvel_nc_noatest.hlsl
vertexshader,vertcol_simple_zp_i_svel_nc_noatest.hlsl
vertexshader,vertcol_simple_zp_i_hidir_nc_noatest.hlsl
vertexshader,vertcol_simple_zp_i_hidir_rvel_nc_noatest.hlsl
vertexshader,vertcol_simple_zp_i_hidir_svel_nc_noatest.hlsl
vertexshader,vertcol_simple_i_mtlclr_nofog_nc.hlsl
vertexshader,cloak_i_nofog_l0n_tc0n0_nc_tmq.hlsl
vertexshader,lpo_sm_i_nofog_l0d_l0sd_s_tc0n0ssr_nc.hlsl
vertexshader,lpo_sm_i_nofog_ldbsm_cuc_s_tc0n0ssr_nc.hlsl
vertexshader,l_point_feo_i_s_tc0n0_nc.hlsl
vertexshader,l_point_feo_l0s2_i_sm_s_tc0n0_nc.hlsl
vertexshader,l_point_i_s_tc0n0_nc.hlsl
vertexshader,l_point_l0s2_i_sm_s_tc0n0_nc.hlsl
vertexshader,vertcol_untextured_i_nc_nofog.hlsl
vertexshader,debug_normals_i_nc.hlsl
vertexdecl,pp.ft0t0.3nn.ftt2.f
vertexdecl,pp.ft0t0.3nn.7tt1.7
techset,m_l_sm_lmpb_r0c0n0sd0om0_nfwpf
image,i_h2_russian_airborne_sleeve_s
image,i_h2_russian_airborne_sleeve_n
image,i_h2_russian_airborne_sleeve_o
image,i_h2_russian_airborne_sleeve_c
material,m/mtl_h2_airborne_viewhands
xmodelsurfs,globalviewhands_mw2_airborne_lod0
xmodel,globalViewhands_mw2_airborne
image,i_iw9_militia_hands_s
image,i_iw9_militia_hands_n
image,i_iw9_militia_hands_o
image,i_iw9_militia_hands_c
material,m/mtl_iw9_militia_hands
xmodelsurfs,globalviewhands_mw2_militia_lod0
xmodel,globalViewhands_mw2_militia
vertexshader,position_only.hlsl_h2
pixelshader,null.hlsl_h2
vertexshader,vertcol_simple_zp_rvel_nc_noatest.hlsl_h2
pixelshader,vertcol_simple_zp_vel_nc.hlsl_h2
vertexshader,vertcol_simple_zp_svel_nc_noatest.hlsl_h2
vertexshader,vertcol_simple_zp_hidir_nc_noatest.hlsl_h2
pixelshader,vertcol_simple_zp_hidir_nc.hlsl_h2
vertexshader,vertcol_simple_zp_hidir_rvel_nc_noatest.hlsl_h2
pixelshader,vertcol_simple_zp_hidir_vel_nc.hlsl_h2
vertexshader,vertcol_simple_zp_hidir_svel_nc_noatest.hlsl_h2
vertexshader,vertcol_simple_mtlclr_nofog_nc.hlsl_h2
pixelshader,vertcol_shaded_nofog_lin_nc.hlsl_h2
vertexshader,lpo_sm_nofog_l0n_s_tc0n0_nc.hlsl_h2
pixelshader,lpo_sm_nofog_lmpb_l0n_misv_r0c0n0s0om0os0fo0_nc.hlsl_h2
pixelshader,lpo_sm_nofog_lmpb_l0d_misv_r0c0n0s0om0os0fo0_nc.hlsl_h2
vertexshader,lpo_sm_nofog_l0d_l0sd_s_tc0n0_nc.hlsl_h2
pixelshader,lpo_sm_nofog_lmpb_l0d_l0sd_misv_r0c0n0s0om0os0fo0_nc.hlsl_h2
pixelshader,lpo_sm_nofog_lmpb_l0s_misv_r0c0n0s0om0os0fo0_nc.hlsl_h2
pixelshader,lpo_sm_nofog_lmpb_l0s_l0ss_misv_r0c0n0s0om0os0fo0_nc.hlsl_h2
pixelshader,lpo_sm_nofog_lmpb_l0s_l0sc_cuc_misv_r0c0n0s0om0os0fo0_nc.hlsl_h2
pixelshader,lpo_sm_nofog_lmpb_l0o_misv_r0c0n0s0om0os0fo0_nc.hlsl_h2
pixelshader,lpo_sm_nofog_lmpb_l0o_l0ss_misv_r0c0n0s0om0os0fo0_nc.hlsl_h2
vertexshader,lpo_sm_nofog_ldbsm_cuc_s_tc0n0_nc.hlsl_h2
pixelshader,lpo_sm_nofog_lmpb_ldbsm_cuc_misv_r0c0n0s0om0os0fo0_nc.hlsl_h2
pixelshader,lpo_sm_nofog_lmpb_ldb_sunsm_cuc_misv_r0c0n0s0om0os0fo0_nc.hlsl_h2
pixelshader,lpo_sm_nofog_lmpb_ldbsm_misv_r0c0n0s0om0os0fo0_nc.hlsl_h2
pixelshader,lpo_sm_nofog_lmpb_ldb_sunsm_misv_r0c0n0s0om0os0fo0_nc.hlsl_h2
vertexshader,l_point_feo_s_tc0n0_nc.hlsl_h2
pixelshader,l_spot_feo_lmpb_r0c0n0s0om0os0_nc.hlsl_h2
pixelshader,l_omni_feo_lmpb_r0c0n0s0om0os0_nc.hlsl_h2
vertexshader,l_point_feo_l0s2_sm_s_tc0n0_nc.hlsl_h2
pixelshader,l_spot_feo_lmpb_l0s2_sm_r0c0n0s0om0os0_nc.hlsl_h2
pixelshader,l_spot_feo_lmpb_l0s3_cuc_sm_r0c0n0s0om0os0_nc.hlsl_h2
vertexshader,vertcol_untextured_nc_nofog.hlsl_h2
pixelshader,vertcol_untextured_lin_nofog.hlsl_h2
vertexshader,velocity_sm_nc_vrigid.hlsl_h2
pixelshader,velocity_sm_nc_vrigid.hlsl_h2
vertexshader,velocity_sm_nc_vskinned.hlsl_h2
vertexshader,debug_normals_nc.hlsl_h2
pixelshader,debug_normals_nc_ps.hlsl_h2
vertexshader,instanced_position_only.hlsl_h2
vertexshader,vertcol_simple_zp_i_rvel_nc_noatest.hlsl_h2
vertexshader,vertcol_simple_zp_i_svel_nc_noatest.hlsl_h2
vertexshader,vertcol_simple_zp_i_hidir_nc_noatest.hlsl_h2
vertexshader,vertcol_simple_zp_i_hidir_rvel_nc_noatest.hlsl_h2
vertexshader,vertcol_simple_zp_i_hidir_svel_nc_noatest.hlsl_h2
vertexshader,vertcol_simple_i_mtlclr_nofog_nc.hlsl_h2
vertexshader,lpo_sm_i_nofog_l0n_s_tc0n0_nc.hlsl_h2
vertexshader,lpo_sm_i_nofog_l0d_l0sd_s_tc0n0_nc.hlsl_h2
vertexshader,lpo_sm_i_nofog_ldbsm_cuc_s_tc0n0_nc.hlsl_h2
vertexshader,l_point_feo_i_s_tc0n0_nc.hlsl_h2
vertexshader,l_point_feo_l0s2_i_sm_s_tc0n0_nc.hlsl_h2
vertexshader,vertcol_untextured_i_nc_nofog.hlsl_h2
vertexshader,debug_normals_i_nc.hlsl_h2
vertexdecl,pp.7_h2
vertexdecl,pp.f_h2
vertexdecl,pp.fnn.7_h2
vertexdecl,pp.ft0t0.3_h2
vertexdecl,pp.ft0t0.3nn.ftt2.f_h2
vertexdecl,pp.ft0t0.3nn.7tt1.7_h2
techset,m_l_sm_lmpb_r0c0n0sd0om0os0fo0_nfwpf_misv_h2
image,h2_us_army_viewhands_ems
image,~h2_us_army_viewhands_spc-r&h~d26a8eff
image,h2_us_army_viewhands_nml
image,h2_us_army_viewhands_col
material,m/mtl_h2_us_army_viewhands
vertexshader,vertcol_simple_mtlclr_fog_nc.hlsl_h2
pixelshader,vertcol_shaded_fog_ndw_lin_fxmc_nc.hlsl_h2
vertexshader,lpo_sm_fog_l0n_s_tc0n0_nc.hlsl_h2
pixelshader,lpo_sm_ndw_fog_lmpb_l0n_b0c0n0s0os0ssr_nc.hlsl_h2
pixelshader,lpo_sm_ndw_fog_lmpb_l0d_b0c0n0s0os0ssr_nc.hlsl_h2
vertexshader,lpo_sm_fog_l0d_l0sd_s_tc0n0_nc.hlsl_h2
pixelshader,lpo_sm_ndw_fog_lmpb_l0d_l0sd_b0c0n0s0os0ssr_nc.hlsl_h2
pixelshader,lpo_sm_ndw_fog_lmpb_l0s_b0c0n0s0os0ssr_nc.hlsl_h2
pixelshader,lpo_sm_ndw_fog_lmpb_l0s_l0ss_b0c0n0s0os0ssr_nc.hlsl_h2
pixelshader,lpo_sm_ndw_fog_lmpb_l0s_l0sc_cuc_b0c0n0s0os0ssr_nc.hlsl_h2
pixelshader,lpo_sm_ndw_fog_lmpb_l0o_b0c0n0s0os0ssr_nc.hlsl_h2
pixelshader,lpo_sm_ndw_fog_lmpb_l0o_l0ss_b0c0n0s0os0ssr_nc.hlsl_h2
vertexshader,lpo_sm_fog_ldbsm_cuc_s_tc0n0_nc.hlsl_h2
pixelshader,lpo_sm_ndw_fog_lmpb_ldbsm_cuc_b0c0n0s0os0ssr_nc.hlsl_h2
pixelshader,lpo_sm_ndw_fog_lmpb_ldb_sunsm_cuc_b0c0n0s0os0ssr_nc.hlsl_h2
pixelshader,lpo_sm_ndw_fog_lmpb_ldbsm_b0c0n0s0os0ssr_nc.hlsl_h2
pixelshader,lpo_sm_ndw_fog_lmpb_ldb_sunsm_b0c0n0s0os0ssr_nc.hlsl_h2
pixelshader,l_spot_feo_ndw_lmpb_b0c0n0s0os0_nc.hlsl_h2
pixelshader,l_omni_feo_ndw_lmpb_b0c0n0s0os0_nc.hlsl_h2
pixelshader,l_spot_feo_ndw_lmpb_l0s2_sm_b0c0n0s0os0_nc.hlsl_h2
pixelshader,l_spot_feo_ndw_lmpb_l0s3_cuc_sm_b0c0n0s0os0_nc.hlsl_h2
vertexshader,vertcol_simple_i_mtlclr_fog_nc.hlsl_h2
vertexshader,lpo_sm_i_fog_l0n_s_tc0n0_nc.hlsl_h2
vertexshader,lpo_sm_i_fog_l0d_l0sd_s_tc0n0_nc.hlsl_h2
vertexshader,lpo_sm_i_fog_ldbsm_cuc_s_tc0n0_nc.hlsl_h2
techset,m_l_sm_lmpb_ndw_b0c0n0sd0os0_cltrans_sr0_h2
image,~h2_us_army_viewhands_glass_s~517d4ad2
image,h2_us_army_viewhands_glass_nml
image,h2_us_army_viewhands_glass_col
image,~envbrdflut_ggx_16_glass-rg
material,m/mtl_h2_us_army_viewhands_glass
xmodelsurfs,h2_viewhands_us_army400
xmodel,viewhands_rangers
pixelshader,lpo_sm_nofog_lmpb_l0n_r0c0n0s0om0_nc.hlsl_h2
pixelshader,lpo_sm_nofog_lmpb_l0d_r0c0n0s0om0_nc.hlsl_h2
pixelshader,lpo_sm_nofog_lmpb_l0d_l0sd_r0c0n0s0om0_nc.hlsl_h2
pixelshader,lpo_sm_nofog_lmpb_l0s_r0c0n0s0om0_nc.hlsl_h2
pixelshader,lpo_sm_nofog_lmpb_l0s_l0ss_r0c0n0s0om0_nc.hlsl_h2
pixelshader,lpo_sm_nofog_lmpb_l0s_l0sc_cuc_r0c0n0s0om0_nc.hlsl_h2
pixelshader,lpo_sm_nofog_lmpb_l0o_r0c0n0s0om0_nc.hlsl_h2
pixelshader,lpo_sm_nofog_lmpb_l0o_l0ss_r0c0n0s0om0_nc.hlsl_h2
pixelshader,lpo_sm_nofog_lmpb_ldbsm_cuc_r0c0n0s0om0_nc.hlsl_h2
pixelshader,lpo_sm_nofog_lmpb_ldb_sunsm_cuc_r0c0n0s0om0_nc.hlsl_h2
pixelshader,lpo_sm_nofog_lmpb_ldbsm_r0c0n0s0om0_nc.hlsl_h2
pixelshader,lpo_sm_nofog_lmpb_ldb_sunsm_r0c0n0s0om0_nc.hlsl_h2
pixelshader,l_spot_feo_lmpb_r0c0n0s0om0_nc.hlsl_h2
pixelshader,l_omni_feo_lmpb_r0c0n0s0om0_nc.hlsl_h2
pixelshader,l_spot_feo_lmpb_l0s2_sm_r0c0n0s0om0_nc.hlsl_h2
pixelshader,l_spot_feo_lmpb_l0s3_cuc_sm_r0c0n0s0om0_nc.hlsl_h2
techset,m_l_sm_lmpb_r0c0n0sd0om0_nfwpf_h2
image,~h2_vm_tf141_spc-rgb&h2_vm_tf~a9ca7f27
image,h2_vm_tf141_nml
image,~h2_vm_tf141_occ-l
image,h2_vm_tf141_col
material,m/mtl_h2_tf141_viewhands
pixelshader,lpo_sm_ndw_fog_lmpb_l0n_b0c0n0s0om0_nc.hlsl_h2
pixelshader,lpo_sm_ndw_fog_lmpb_l0d_b0c0n0s0om0_nc.hlsl_h2
pixelshader,lpo_sm_ndw_fog_lmpb_l0d_l0sd_b0c0n0s0om0_nc.hlsl_h2
pixelshader,lpo_sm_ndw_fog_lmpb_l0s_b0c0n0s0om0_nc.hlsl_h2
pixelshader,lpo_sm_ndw_fog_lmpb_l0s_l0ss_b0c0n0s0om0_nc.hlsl_h2
pixelshader,lpo_sm_ndw_fog_lmpb_l0o_b0c0n0s0om0_nc.hlsl_h2
pixelshader,lpo_sm_ndw_fog_lmpb_l0o_l0ss_b0c0n0s0om0_nc.hlsl_h2
pixelshader,lpo_sm_ndw_fog_lmpb_ldbsm_b0c0n0s0om0_nc.hlsl_h2
pixelshader,lpo_sm_ndw_fog_lmpb_ldb_sunsm_b0c0n0s0om0_nc.hlsl_h2
pixelshader,l_spot_feo_ndw_lmpb_b0c0n0s0om0_nc.hlsl_h2
pixelshader,l_omni_feo_ndw_lmpb_b0c0n0s0om0_nc.hlsl_h2
pixelshader,l_spot_feo_ndw_lmpb_l0s2_sm_b0c0n0s0om0_nc.hlsl_h2
techset,m_l_sm_lmpb_ndw_b0c0n0sd0om0_cltrans_h2
material,m/mtl_h2_tf141_viewhands_glass
xmodelsurfs,h2_viewhands_tf141400
xmodel,viewhands_tf141
image,~vm_udt_sleeve_spc-rgb&vm_udt~43793bc3
image,vm_udt_sleeve_nml
image,~vm_udt_sleeve_occ-l
image,vm_udt_sleeve_col
material,m/mtl_h2_udt_viewhands_sleeve
pixelshader,lpo_sm_nofog_lmpb_l0n_r0c0n0s0om0os0_nc.hlsl_h2
pixelshader,lpo_sm_nofog_lmpb_l0d_r0c0n0s0om0os0_nc.hlsl_h2
pixelshader,lpo_sm_nofog_lmpb_l0d_l0sd_r0c0n0s0om0os0_nc.hlsl_h2
pixelshader,lpo_sm_nofog_lmpb_l0s_r0c0n0s0om0os0_nc.hlsl_h2
pixelshader,lpo_sm_nofog_lmpb_l0s_l0ss_r0c0n0s0om0os0_nc.hlsl_h2
pixelshader,lpo_sm_nofog_lmpb_l0s_l0sc_cuc_r0c0n0s0om0os0_nc.hlsl_h2
pixelshader,lpo_sm_nofog_lmpb_l0o_r0c0n0s0om0os0_nc.hlsl_h2
pixelshader,lpo_sm_nofog_lmpb_l0o_l0ss_r0c0n0s0om0os0_nc.hlsl_h2
pixelshader,lpo_sm_nofog_lmpb_ldbsm_cuc_r0c0n0s0om0os0_nc.hlsl_h2
pixelshader,lpo_sm_nofog_lmpb_ldb_sunsm_cuc_r0c0n0s0om0os0_nc.hlsl_h2
pixelshader,lpo_sm_nofog_lmpb_ldbsm_r0c0n0s0om0os0_nc.hlsl_h2
pixelshader,lpo_sm_nofog_lmpb_ldb_sunsm_r0c0n0s0om0os0_nc.hlsl_h2
techset,m_l_sm_lmpb_r0c0n0sd0om0os0_nfwpf_h2
image,~vm_udt_glove_spc-r&vm_udt_gl~39199808
image,vm_udt_glove_nml
image,vm_udt_glove_col
material,m/mtl_h2_udt_viewhands_gloves
material,m/mtl_h2_udt_viewhands_sleeve_glass
xmodelsurfs,h2_viewhands_udt400
xmodel,viewhands_udt
image,~vm_udt_sleeve_spc-rgb&vm_udt~f95fd35b
image,vm_udt_sleeve_wet_col
material,m/mtl_h2_udt_viewhands_sleeve_wet
image,~vm_udt_glove_spc-r&vm_udt_gl~4cc8f8e8
image,vm_udt_glove_wet_col
material,m/mtl_h2_udt_viewhands_gloves_wet
material,m/mtl_h2_udt_viewhands_sleeve_wet_glass
xmodel,viewhands_udt_wet
image,i_t6_hazmat_hands_s
image,i_t6_hazmat_hands_n
image,i_t6_hazmat_hands_o
image,i_t6_hazmat_hands_c
material,m/mtl_t6_hazmat_hands
xmodelsurfs,viewhands_hazmat_lod0
xmodel,viewhands_hazmat
image,i_infect_arm_s
image,i_infect_arm_n
image,i_infect_arm_o
image,i_infect_arm_c
material,m/mtl_infect_arm
xmodelsurfs,viewhands_infect_lod0
xmodel,viewhands_infect
image,i_t6_hazmat_mask_s
image,i_t6_hazmat_mask_n
image,i_t6_hazmat_mask_o
image,i_t6_hazmat_mask_c
material,m/mtl_t6_hazmat_mask
vertexshader,vertcol_simple_mtlclr_fog_nc.hlsl
pixelshader,vertcol_shaded_fog_ndw_lin_nc.hlsl
vertexshader,lpo_sm_fog_l0n_s_tc0n0_nc.hlsl
pixelshader,lpo_sm_ndw_fog_lmpb_l0n_b0c0n0s0_nc.hlsl
pixelshader,lpo_sm_ndw_fog_lmpb_l0d_b0c0n0s0_nc.hlsl
vertexshader,lpo_sm_fog_l0d_l0sd_s_tc0n0_nc.hlsl
pixelshader,lpo_sm_ndw_fog_lmpb_l0d_l0sd_b0c0n0s0_nc.hlsl
pixelshader,lpo_sm_ndw_fog_lmpb_l0s_b0c0n0s0_nc.hlsl
pixelshader,lpo_sm_ndw_fog_lmpb_l0s_l0ss_b0c0n0s0_nc.hlsl
pixelshader,lpo_sm_ndw_fog_lmpb_l0s_l0sc_cuc_b0c0n0s0_nc.hlsl
pixelshader,lpo_sm_ndw_fog_lmpb_l0o_b0c0n0s0_nc.hlsl
pixelshader,lpo_sm_ndw_fog_lmpb_l0o_l0ss_b0c0n0s0_nc.hlsl
vertexshader,lpo_sm_fog_ldbsm_cuc_s_tc0n0_nc.hlsl
pixelshader,lpo_sm_ndw_fog_lmpb_ldbsm_cuc_b0c0n0s0_nc.hlsl
pixelshader,lpo_sm_ndw_fog_lmpb_ldb_sunsm_cuc_b0c0n0s0_nc.hlsl
pixelshader,lpo_sm_ndw_fog_lmpb_ldbsm_b0c0n0s0_nc.hlsl
pixelshader,lpo_sm_ndw_fog_lmpb_ldb_sunsm_b0c0n0s0_nc.hlsl
vertexshader,lpo_sm_dfog_l0n_s_tc0n0_nc.hlsl
pixelshader,lpo_sm_ndw_dfog_lmpb_l0n_b0c0n0s0_nc.hlsl
pixelshader,lpo_sm_ndw_dfog_lmpb_l0d_b0c0n0s0_nc.hlsl
vertexshader,lpo_sm_dfog_l0d_l0sd_s_tc0n0_nc.hlsl
pixelshader,lpo_sm_ndw_dfog_lmpb_l0d_l0sd_b0c0n0s0_nc.hlsl
pixelshader,lpo_sm_ndw_dfog_lmpb_l0s_b0c0n0s0_nc.hlsl
pixelshader,lpo_sm_ndw_dfog_lmpb_l0s_l0ss_b0c0n0s0_nc.hlsl
pixelshader,lpo_sm_ndw_dfog_lmpb_l0s_l0sc_cuc_b0c0n0s0_nc.hlsl
pixelshader,lpo_sm_ndw_dfog_lmpb_l0o_b0c0n0s0_nc.hlsl
pixelshader,lpo_sm_ndw_dfog_lmpb_l0o_l0ss_b0c0n0s0_nc.hlsl
vertexshader,lpo_sm_dfog_ldbsm_cuc_s_tc0n0_nc.hlsl
pixelshader,lpo_sm_ndw_dfog_lmpb_ldbsm_cuc_b0c0n0s0_nc.hlsl
pixelshader,lpo_sm_ndw_dfog_lmpb_ldb_sunsm_cuc_b0c0n0s0_nc.hlsl
pixelshader,lpo_sm_ndw_dfog_lmpb_ldbsm_b0c0n0s0_nc.hlsl
pixelshader,lpo_sm_ndw_dfog_lmpb_ldb_sunsm_b0c0n0s0_nc.hlsl
pixelshader,l_spot_feo_ndw_lmpb_b0c0n0s0_nc.hlsl
pixelshader,l_omni_feo_ndw_lmpb_b0c0n0s0_nc.hlsl
pixelshader,l_spot_feo_ndw_lmpb_l0s2_sm_b0c0n0s0_nc.hlsl
pixelshader,l_spot_feo_ndw_lmpb_l0s3_cuc_sm_b0c0n0s0_nc.hlsl
pixelshader,l_spot_ndw_lmpb_b0c0n0s0_nc.hlsl
pixelshader,l_omni_ndw_lmpb_b0c0n0s0_nc.hlsl
pixelshader,l_spot_ndw_lmpb_l0s2_sm_b0c0n0s0_nc.hlsl
pixelshader,l_spot_ndw_lmpb_l0s3_cuc_sm_b0c0n0s0_nc.hlsl
pixelshader,vertcol_untextured_lin_nc_nofog.hlsl
vertexshader,vertcol_simple_i_mtlclr_fog_nc.hlsl
vertexshader,lpo_sm_i_fog_l0n_s_tc0n0_nc.hlsl
vertexshader,lpo_sm_i_fog_l0d_l0sd_s_tc0n0_nc.hlsl
vertexshader,lpo_sm_i_fog_ldbsm_cuc_s_tc0n0_nc.hlsl
vertexshader,lpo_sm_i_dfog_l0n_s_tc0n0_nc.hlsl
vertexshader,lpo_sm_i_dfog_l0d_l0sd_s_tc0n0_nc.hlsl
vertexshader,lpo_sm_i_dfog_ldbsm_cuc_s_tc0n0_nc.hlsl
techset,m_l_sm_lmpb_ndw_b0c0n0sd0_cltrans
image,i_t6_hazmat_alpha_s
image,i_t6_hazmat_alpha_c
material,m/mtl_t6_hazmat_alpha
image,i_t6_hazmat_gear_s
image,i_t6_hazmat_gear_n
image,i_t6_hazmat_gear_o
image,i_t6_hazmat_gear_c
material,m/mtl_t6_hazmat_gear
image,i_t6_hazmat_body_s
image,i_t6_hazmat_body_n
image,i_t6_hazmat_body_o
image,i_t6_hazmat_body_c
material,m/mtl_t6_hazmat_body
image,i_t6_hazmat_head_s
image,i_t6_hazmat_head_n
image,i_t6_hazmat_head_o
image,i_t6_hazmat_head_c
material,m/mtl_t6_hazmat_head
image,i_t6_hazmat_eye_s
image,i_t6_hazmat_eye_n
image,i_t6_hazmat_eye_c
material,m/mtl_t6_hazmat_eye
xmodelsurfs,body_hazmat_lod0
xmodel,body_hazmat
image,i_infect_body_s
image,i_infect_body_n
image,i_infect_body_o
image,i_infect_body_c
material,m/mtl_infect_body
image,i_infect_head_s
image,i_infect_head_n
image,i_infect_head_o
image,i_infect_head_c
material,m/mtl_infect_head
vertexshader,lpo_sm_nofog_l0n_tc0_nc.hlsl
pixelshader,lpo_sm_nofog_lmpb_l0n_misv_r0c0_nc.hlsl
pixelshader,lpo_sm_nofog_lmpb_l0d_misv_r0c0_nc.hlsl
vertexshader,lpo_sm_nofog_l0d_l0sd_tc0_nc.hlsl
pixelshader,lpo_sm_nofog_lmpb_l0d_l0sd_misv_r0c0_nc.hlsl
vertexshader,lpo_sm_nofog_l0s_tc0_nc.hlsl
pixelshader,lpo_sm_nofog_lmpb_l0s_misv_r0c0_nc.hlsl
pixelshader,lpo_sm_nofog_lmpb_l0s_l0ss_misv_r0c0_nc.hlsl
pixelshader,lpo_sm_nofog_lmpb_l0s_l0sc_cuc_misv_r0c0_nc.hlsl
pixelshader,lpo_sm_nofog_lmpb_l0o_misv_r0c0_nc.hlsl
pixelshader,lpo_sm_nofog_lmpb_l0o_l0ss_misv_r0c0_nc.hlsl
vertexshader,lpo_sm_nofog_ldbsm_cuc_tc0_nc.hlsl
pixelshader,lpo_sm_nofog_lmpb_ldbsm_cuc_misv_r0c0_nc.hlsl
pixelshader,lpo_sm_nofog_lmpb_ldb_sunsm_cuc_misv_r0c0_nc.hlsl
pixelshader,lpo_sm_nofog_lmpb_ldbsm_misv_r0c0_nc.hlsl
pixelshader,lpo_sm_nofog_lmpb_ldb_sunsm_misv_r0c0_nc.hlsl
vertexshader,l_point_feo_tc0_nc.hlsl
pixelshader,l_spot_feo_lmpb_r0c0_nc.hlsl
pixelshader,l_omni_feo_lmpb_r0c0_nc.hlsl
vertexshader,l_point_feo_l0s2_sm_tc0_nc.hlsl
pixelshader,l_spot_feo_lmpb_l0s2_sm_r0c0_nc.hlsl
pixelshader,l_spot_feo_lmpb_l0s3_cuc_sm_r0c0_nc.hlsl
vertexshader,l_point_tc0_nc.hlsl
pixelshader,l_spot_lmpb_r0c0_nc.hlsl
pixelshader,l_omni_lmpb_r0c0_nc.hlsl
vertexshader,l_point_l0s2_sm_tc0_nc.hlsl
pixelshader,l_spot_lmpb_l0s2_sm_r0c0_nc.hlsl
pixelshader,l_spot_lmpb_l0s3_cuc_sm_r0c0_nc.hlsl
vertexshader,lpo_sm_i_nofog_l0n_tc0_nc.hlsl
vertexshader,lpo_sm_i_nofog_l0d_l0sd_tc0_nc.hlsl
vertexshader,lpo_sm_i_nofog_l0s_tc0_nc.hlsl
vertexshader,lpo_sm_i_nofog_ldbsm_cuc_tc0_nc.hlsl
vertexshader,l_point_feo_i_tc0_nc.hlsl
vertexshader,l_point_feo_l0s2_i_sm_tc0_nc.hlsl
vertexshader,l_point_i_tc0_nc.hlsl
vertexshader,l_point_l0s2_i_sm_tc0_nc.hlsl
vertexdecl,pp.ft0t0.3nn.f
techset,m_l_sm_lmpb_r0c0_nfwpf_misv
image,i_infect_eye_unlit_c
material,m/mtl_infect_eye_glow
xmodelsurfs,body_infect_lod0
xmodel,body_infect
image,h1_playlist_infect
material,h1_playlist_infect
rawfile,h2m_post_gfx
