{
    "name": "mp/clientmatchdata.ddl",
    "defs": [
        {
            "name": "mp/clientmatchdata.ddl",
            "version": 61,
            "checksum": 2168050228,
            "flags": 0,
            "bitSize": 13952,
            "byteSize": 1744,
            "structs": [
                {
                    "name": "root",
                    "bitSize": 13936,
                    "members": [
                        {
                            "name": "weaponsUsed",
                            "index": 0,
                            "bitSize": 24,
                            "limitSize": 0,
                            "offset": 13872,
                            "type": 9,
                            "externalIndex": 0,
                            "rangeLimit": 0,
                            "serverDelta": 0,
                            "clientDelta": 0,
                            "arraySize": 3,
                            "enumIndex": -1,
                            "permission": 3
                        },
                        {
                            "name": "challengesCompleted",
                            "index": 0,
                            "bitSize": 400,
                            "limitSize": 0,
                            "offset": 32,
                            "type": 9,
                            "externalIndex": 1,
                            "rangeLimit": 0,
                            "serverDelta": 0,
                            "clientDelta": 0,
                            "arraySize": 25,
                            "enumIndex": -1,
                            "permission": 3
                        },
                        {
                            "name": "challengeNumCompleted",
                            "index": 2,
                            "bitSize": 32,
                            "limitSize": 32,
                            "offset": 13904,
                            "type": 3,
                            "externalIndex": 0,
                            "rangeLimit": 2147483647,
                            "serverDelta": 2147483647,
                            "clientDelta": 2147483647,
                            "arraySize": 1,
                            "enumIndex": 0,
                            "permission": 3
                        },
                        {
                            "name": "players",
                            "index": 0,
                            "bitSize": 12672,
                            "limitSize": 0,
                            "offset": 1200,
                            "type": 8,
                            "externalIndex": 2,
                            "rangeLimit": 0,
                            "serverDelta": 0,
                            "clientDelta": 0,
                            "arraySize": 18,
                            "enumIndex": -1,
                            "permission": 3
                        },
                        {
                            "name": "scoreboardPlayerCount",
                            "index": 4,
                            "bitSize": 8,
                            "limitSize": 8,
                            "offset": 464,
                            "type": 0,
                            "externalIndex": 0,
                            "rangeLimit": 255,
                            "serverDelta": 255,
                            "clientDelta": 255,
                            "arraySize": 1,
                            "enumIndex": 0,
                            "permission": 3
                        },
                        {
                            "name": "scoreboards",
                            "index": 0,
                            "bitSize": 720,
                            "limitSize": 0,
                            "offset": 472,
                            "type": 8,
                            "externalIndex": 1,
                            "rangeLimit": 0,
                            "serverDelta": 0,
                            "clientDelta": 0,
                            "arraySize": 5,
                            "enumIndex": 4,
                            "permission": 3
                        },
                        {
                            "name": "alliesScore",
                            "index": 6,
                            "bitSize": 32,
                            "limitSize": 32,
                            "offset": 0,
                            "type": 3,
                            "externalIndex": 0,
                            "rangeLimit": 2147483647,
                            "serverDelta": 2147483647,
                            "clientDelta": 2147483647,
                            "arraySize": 1,
                            "enumIndex": 0,
                            "permission": 3
                        },
                        {
                            "name": "axisScore",
                            "index": 7,
                            "bitSize": 32,
                            "limitSize": 32,
                            "offset": 432,
                            "type": 3,
                            "externalIndex": 0,
                            "rangeLimit": 2147483647,
                            "serverDelta": 2147483647,
                            "clientDelta": 2147483647,
                            "arraySize": 1,
                            "enumIndex": 0,
                            "permission": 3
                        },
                        {
                            "name": "alliesFaction",
                            "index": 0,
                            "bitSize": 8,
                            "limitSize": 0,
                            "offset": 13896,
                            "type": 9,
                            "externalIndex": 2,
                            "rangeLimit": 0,
                            "serverDelta": 0,
                            "clientDelta": 0,
                            "arraySize": 1,
                            "enumIndex": 0,
                            "permission": 3
                        },
                        {
                            "name": "axisFaction",
                            "index": 0,
                            "bitSize": 8,
                            "limitSize": 0,
                            "offset": 1192,
                            "type": 9,
                            "externalIndex": 2,
                            "rangeLimit": 0,
                            "serverDelta": 0,
                            "clientDelta": 0,
                            "arraySize": 1,
                            "enumIndex": 0,
                            "permission": 3
                        }
                    ]
                },
                {
                    "name": "Scoreboards",
                    "bitSize": 144,
                    "members": [
                        {
                            "name": "scoreboard",
                            "index": 0,
                            "bitSize": 144,
                            "limitSize": 8,
                            "offset": 0,
                            "type": 0,
                            "externalIndex": 0,
                            "rangeLimit": 255,
                            "serverDelta": 255,
                            "clientDelta": 255,
                            "arraySize": 18,
                            "enumIndex": -1,
                            "permission": 3
                        }
                    ]
                },
                {
                    "name": "Player",
                    "bitSize": 704,
                    "members": [
                        {
                            "name": "name",
                            "index": 0,
                            "bitSize": 288,
                            "limitSize": 0,
                            "offset": 0,
                            "type": 7,
                            "externalIndex": 0,
                            "rangeLimit": 0,
                            "serverDelta": 0,
                            "clientDelta": 0,
                            "arraySize": 1,
                            "enumIndex": 0,
                            "permission": 3
                        },
                        {
                            "name": "clanTag",
                            "index": 1,
                            "bitSize": 40,
                            "limitSize": 0,
                            "offset": 552,
                            "type": 7,
                            "externalIndex": 0,
                            "rangeLimit": 0,
                            "serverDelta": 0,
                            "clientDelta": 0,
                            "arraySize": 1,
                            "enumIndex": 0,
                            "permission": 3
                        },
                        {
                            "name": "xuid",
                            "index": 2,
                            "bitSize": 168,
                            "limitSize": 0,
                            "offset": 312,
                            "type": 7,
                            "externalIndex": 0,
                            "rangeLimit": 0,
                            "serverDelta": 0,
                            "clientDelta": 0,
                            "arraySize": 1,
                            "enumIndex": 0,
                            "permission": 3
                        },
                        {
                            "name": "score",
                            "index": 3,
                            "bitSize": 32,
                            "limitSize": 32,
                            "offset": 512,
                            "type": 3,
                            "externalIndex": 0,
                            "rangeLimit": 2147483647,
                            "serverDelta": 2147483647,
                            "clientDelta": 2147483647,
                            "arraySize": 1,
                            "enumIndex": 0,
                            "permission": 3
                        },
                        {
                            "name": "kills",
                            "index": 4,
                            "bitSize": 16,
                            "limitSize": 16,
                            "offset": 496,
                            "type": 1,
                            "externalIndex": 0,
                            "rangeLimit": 65535,
                            "serverDelta": 65535,
                            "clientDelta": 65535,
                            "arraySize": 1,
                            "enumIndex": 0,
                            "permission": 3
                        },
                        {
                            "name": "assists",
                            "index": 5,
                            "bitSize": 16,
                            "limitSize": 16,
                            "offset": 672,
                            "type": 1,
                            "externalIndex": 0,
                            "rangeLimit": 65535,
                            "serverDelta": 65535,
                            "clientDelta": 65535,
                            "arraySize": 1,
                            "enumIndex": 0,
                            "permission": 3
                        },
                        {
                            "name": "deaths",
                            "index": 6,
                            "bitSize": 16,
                            "limitSize": 16,
                            "offset": 640,
                            "type": 1,
                            "externalIndex": 0,
                            "rangeLimit": 65535,
                            "serverDelta": 65535,
                            "clientDelta": 65535,
                            "arraySize": 1,
                            "enumIndex": 0,
                            "permission": 3
                        },
                        {
                            "name": "headshots",
                            "index": 7,
                            "bitSize": 16,
                            "limitSize": 16,
                            "offset": 688,
                            "type": 1,
                            "externalIndex": 0,
                            "rangeLimit": 65535,
                            "serverDelta": 65535,
                            "clientDelta": 65535,
                            "arraySize": 1,
                            "enumIndex": 0,
                            "permission": 3
                        },
                        {
                            "name": "extrascore0",
                            "index": 8,
                            "bitSize": 16,
                            "limitSize": 16,
                            "offset": 592,
                            "type": 1,
                            "externalIndex": 0,
                            "rangeLimit": 65535,
                            "serverDelta": 65535,
                            "clientDelta": 65535,
                            "arraySize": 1,
                            "enumIndex": 0,
                            "permission": 3
                        },
                        {
                            "name": "extrascore1",
                            "index": 9,
                            "bitSize": 16,
                            "limitSize": 16,
                            "offset": 608,
                            "type": 1,
                            "externalIndex": 0,
                            "rangeLimit": 65535,
                            "serverDelta": 65535,
                            "clientDelta": 65535,
                            "arraySize": 1,
                            "enumIndex": 0,
                            "permission": 3
                        },
                        {
                            "name": "faction",
                            "index": 0,
                            "bitSize": 8,
                            "limitSize": 0,
                            "offset": 664,
                            "type": 9,
                            "externalIndex": 2,
                            "rangeLimit": 0,
                            "serverDelta": 0,
                            "clientDelta": 0,
                            "arraySize": 1,
                            "enumIndex": 0,
                            "permission": 3
                        },
                        {
                            "name": "team",
                            "index": 0,
                            "bitSize": 8,
                            "limitSize": 0,
                            "offset": 304,
                            "type": 9,
                            "externalIndex": 3,
                            "rangeLimit": 0,
                            "serverDelta": 0,
                            "clientDelta": 0,
                            "arraySize": 1,
                            "enumIndex": 0,
                            "permission": 3
                        },
                        {
                            "name": "callingCardIndex",
                            "index": 12,
                            "bitSize": 16,
                            "limitSize": 16,
                            "offset": 480,
                            "type": 1,
                            "externalIndex": 0,
                            "rangeLimit": 65535,
                            "serverDelta": 65535,
                            "clientDelta": 65535,
                            "arraySize": 1,
                            "enumIndex": 0,
                            "permission": 3
                        },
                        {
                            "name": "emblemPatchIndex",
                            "index": 13,
                            "bitSize": 16,
                            "limitSize": 16,
                            "offset": 624,
                            "type": 1,
                            "externalIndex": 0,
                            "rangeLimit": 65535,
                            "serverDelta": 65535,
                            "clientDelta": 65535,
                            "arraySize": 1,
                            "enumIndex": 0,
                            "permission": 3
                        },
                        {
                            "name": "division",
                            "index": 14,
                            "bitSize": 8,
                            "limitSize": 8,
                            "offset": 544,
                            "type": 0,
                            "externalIndex": 0,
                            "rangeLimit": 255,
                            "serverDelta": 255,
                            "clientDelta": 255,
                            "arraySize": 1,
                            "enumIndex": 0,
                            "permission": 3
                        },
                        {
                            "name": "rank",
                            "index": 15,
                            "bitSize": 16,
                            "limitSize": 16,
                            "offset": 288,
                            "type": 1,
                            "externalIndex": 0,
                            "rangeLimit": 65535,
                            "serverDelta": 65535,
                            "clientDelta": 65535,
                            "arraySize": 1,
                            "enumIndex": 0,
                            "permission": 3
                        },
                        {
                            "name": "prestige",
                            "index": 16,
                            "bitSize": 8,
                            "limitSize": 8,
                            "offset": 656,
                            "type": 0,
                            "externalIndex": 0,
                            "rangeLimit": 255,
                            "serverDelta": 255,
                            "clientDelta": 255,
                            "arraySize": 1,
                            "enumIndex": 0,
                            "permission": 3
                        }
                    ]
                }
            ],
            "enums": [
                {
                    "name": "Weapon",
                    "members": [
                        "none",
                        "h1_c4",
                        "h1_claymore",
                        "h1_rpg",
                        "h1_concussiongrenade",
                        "h1_flashgrenade",
                        "h1_fraggrenade",
                        "h1_fraggrenadeshort",
                        "h1_smokegrenade",
                        "iw5_combatknife",
                        "h1_meleeshovel",
                        "iw5_carrydrone",
                        "artillery",
                        "cobra_ffar",
                        "hind_ffar",
                        "cobra_20mm",
                        "radar",
                        "airstrike",
                        "helicopter",
                        "destructible",
                        "briefcase_bomb",
                        "briefcase_bomb_defuse",
                        "h1_meleeicepick",
                        "h1_meleesickle",
                        "h1_meleehatchet",
                        "h1_meleeapr3"
                    ]
                },
                {
                    "name": "Challenge",
                    "members": [
                        "ch_bootcamp_mastery",
                        "ch_uav",
                        "ch_airstrike",
                        "ch_chopper",
                        "ch_flyswatter",
                        "ch_marathon",
                        "ch_goodbye",
                        "ch_basejump",
                        "ch_crouchshot",
                        "ch_proneshot",
                        "ch_grenadekill",
                        "ch_assists",
                        "ch_xrayvision",
                        "ch_vandalism",
                        "ch_exposed",
                        "ch_backdraft",
                        "ch_knifevet",
                        "ch_operations_mastery",
                        "ch_victor_dm",
                        "ch_teamplayer",
                        "ch_victor_sd",
                        "ch_mvp_tdm",
                        "ch_teamplayer_hc",
                        "ch_victor_sab",
                        "ch_mvp_thc",
                        "ch_bombdown",
                        "ch_bombdefender",
                        "ch_bombplanter",
                        "ch_hero",
                        "ch_lastmanstanding",
                        "ch_killer_mastery",
                        "ch_claymoreshot",
                        "ch_expert_assault",
                        "ch_expert_smg",
                        "ch_expert_lmg",
                        "ch_laststandvet",
                        "ch_masterchef",
                        "ch_airstrikevet",
                        "ch_choppervet",
                        "ch_concussionvet",
                        "ch_multirpg",
                        "ch_martyrdomvet",
                        "ch_multiclaymore",
                        "ch_stealth",
                        "ch_invisible",
                        "ch_counterclaymore",
                        "ch_counterc4",
                        "ch_humiliation_mastery",
                        "ch_airborne",
                        "ch_multifrag",
                        "ch_carpetbomb",
                        "ch_mgmaster",
                        "ch_slasher",
                        "ch_multic4",
                        "ch_hotpotato",
                        "ch_carbomb",
                        "ch_backstabber",
                        "ch_slowbutsure",
                        "ch_flashbangvet",
                        "ch_miserylovescompany",
                        "ch_ouch",
                        "ch_rival",
                        "ch_cruelty",
                        "ch_thinkfast",
                        "ch_thinkfastconcussion",
                        "ch_thinkfastflash",
                        "ch_returntosender",
                        "ch_blindfire",
                        "ch_perk_mastery",
                        "ch_stoppingpower",
                        "ch_juggernaut",
                        "ch_sleightofhand",
                        "ch_doubletap",
                        "ch_overkill",
                        "ch_uavjammer",
                        "ch_sonicboom",
                        "ch_extremeconditioning",
                        "ch_steadyaim",
                        "ch_laststand",
                        "ch_martyrdom",
                        "ch_deepimpact",
                        "ch_ironlungs",
                        "ch_deadsilence",
                        "ch_eavesdrop",
                        "ch_gamemode_mastery",
                        "ch_collector",
                        "ch_save_yourself",
                        "ch_sd_destroyer",
                        "ch_dom_aggression",
                        "ch_hq_aggression",
                        "ch_hq_destroyer",
                        "ch_war_crushing",
                        "ch_dm_crushing",
                        "ch_dom_alphalock",
                        "ch_dom_bravolock",
                        "ch_dom_charlielock",
                        "ch_dm_wins",
                        "ch_dom_wins",
                        "ch_conf_wins",
                        "ch_koth_wins",
                        "ch_denial",
                        "ch_valor_mastery",
                        "ch_thebrink",
                        "ch_collateraldamage",
                        "ch_theedge",
                        "ch_flawless",
                        "ch_tangodown",
                        "ch_hardlanding",
                        "ch_extremecruelty",
                        "ch_fastswap",
                        "ch_starplayer",
                        "ch_howthe",
                        "ch_dominos",
                        "ch_nosecrets",
                        "ch_afterburner",
                        "ch_airsuperiority",
                        "ch_countermvp",
                        "ch_invincible",
                        "ch_survivalist",
                        "ch_avenger",
                        "ch_afterlife",
                        "ch_backstab",
                        "ch_revenge",
                        "ch_killer_double",
                        "ch_killer_triple",
                        "ch_killer_quadra",
                        "ch_killer_penta",
                        "ch_killer_hexa",
                        "ch_killer_bloodthirsty",
                        "ch_killer_merciless",
                        "ch_killer_ruthless",
                        "ch_killer_relentless",
                        "ch_killer_brutal",
                        "ch_killer_vicious",
                        "ch_kingslayer",
                        "ch_prestige_mastery",
                        "ch_headhunter",
                        "ch_fearless",
                        "ch_triplehurt",
                        "ch_backfire",
                        "ch_deadeye",
                        "ch_flash",
                        "ch_superstar",
                        "ch_mvp",
                        "ch_superior",
                        "ch_moviestar",
                        "ch_uav_assist",
                        "ch_launcher_kill",
                        "ch_precision_farsight",
                        "ch_savior",
                        "ch_humiliation_finders",
                        "ch_ninja",
                        "ch_kills_stolen",
                        "ch_jump_slasher",
                        "ch_attach_glkills",
                        "ch_finishingtouch",
                        "ch_100_paragon",
                        "ch_150_paragon",
                        "ch_200_paragon",
                        "ch_250_paragon",
                        "ch_300_paragon",
                        "ch_350_paragon",
                        "ch_400_paragon",
                        "ch_450_paragon",
                        "ch_500_paragon",
                        "ch_550_paragon",
                        "ch_600_paragon",
                        "ch_650_paragon",
                        "ch_700_paragon",
                        "ch_750_paragon",
                        "ch_800_paragon",
                        "ch_850_paragon",
                        "ch_900_paragon",
                        "ch_950_paragon",
                        "ch_1000_paragon",
                        "ch_all_mastery",
                        "ch_h1_darkmatter",
                        "ch_prestige",
                        "ch_prestige_max",
                        "ch_daily",
                        "ch_daily_0",
                        "ch_daily_1",
                        "ch_daily_2",
                        "ch_weekly_0",
                        "ch_weekly_1",
                        "ch_weekly_2",
                        "ch_coop_mp_unlock",
                        "ch_sp_mp_unlock",
                        "ch_null",
                        "ch_null2",
                        "ch_null3",
                        "ch_null4",
                        "ch_null5",
                        "ch_null6",
                        "ch_null7",
                        "ch_null8",
                        "ch_null9",
                        "ch_null10",
                        "ch_null11",
                        "ch_null12",
                        "ch_null13",
                        "ch_marksman_h2_m4",
                        "ch_marksman_h2_famas",
                        "ch_marksman_h2_scar",
                        "ch_marksman_h2_tavor",
                        "ch_marksman_h2_fal",
                        "ch_marksman_h2_m16",
                        "ch_marksman_h2_masada",
                        "ch_marksman_h2_fn2000",
                        "ch_marksman_h2_ak47",
                        "ch_marksman_h2_mp5k",
                        "ch_marksman_h2_ump45",
                        "ch_marksman_h2_kriss",
                        "ch_marksman_h2_p90",
                        "ch_marksman_h2_uzi",
                        "ch_marksman_h2_ak74u",
                        "ch_marksman_h2_sa80",
                        "ch_marksman_h2_rpd",
                        "ch_marksman_h2_mg4",
                        "ch_marksman_h2_aug",
                        "ch_marksman_h2_m240",
                        "ch_marksman_h2_cheytac",
                        "ch_marksman_h2_barrett",
                        "ch_marksman_h2_wa2000",
                        "ch_marksman_h2_m21",
                        "ch_marksman_h2_m40a3",
                        "ch_marksman_h2_pp2000",
                        "ch_marksman_h2_glock",
                        "ch_marksman_h2_beretta393",
                        "ch_marksman_h2_tmp",
                        "ch_marksman_h2_spas12",
                        "ch_marksman_h2_aa12",
                        "ch_marksman_h2_striker",
                        "ch_marksman_h2_ranger",
                        "ch_marksman_h2_winchester1200",
                        "ch_marksman_h2_m1014",
                        "ch_marksman_h2_model1887",
                        "ch_marksman_h2_usp",
                        "ch_marksman_h2_coltanaconda",
                        "ch_marksman_h2_m9",
                        "ch_marksman_h2_colt45",
                        "ch_marksman_h2_deserteagle",
                        "ch_expert_h2_m4",
                        "ch_expert_h2_famas",
                        "ch_expert_h2_scar",
                        "ch_expert_h2_tavor",
                        "ch_expert_h2_fal",
                        "ch_expert_h2_m16",
                        "ch_expert_h2_masada",
                        "ch_expert_h2_fn2000",
                        "ch_expert_h2_ak47",
                        "ch_h2_ar_diamond",
                        "ch_h2_darkmatter",
                        "ch_expert_h2_mp5k",
                        "ch_expert_h2_ump45",
                        "ch_expert_h2_kriss",
                        "ch_expert_h2_p90",
                        "ch_expert_h2_uzi",
                        "ch_expert_h2_ak74u",
                        "ch_expert_h2_sa80",
                        "ch_expert_h2_rpd",
                        "ch_expert_h2_mg4",
                        "ch_expert_h2_aug",
                        "ch_expert_h2_m240",
                        "ch_expert_h2_cheytac",
                        "ch_expert_h2_barrett",
                        "ch_expert_h2_wa2000",
                        "ch_expert_h2_m21",
                        "ch_expert_h2_m40a3",
                        "ch_expert_h2_pp2000",
                        "ch_expert_h2_glock",
                        "ch_expert_h2_beretta393",
                        "ch_expert_h2_tmp",
                        "ch_expert_h2_spas12",
                        "ch_expert_h2_aa12",
                        "ch_expert_h2_striker",
                        "ch_expert_h2_ranger",
                        "ch_expert_h2_m1014",
                        "ch_expert_h2_model1887",
                        "ch_expert_h2_winchester1200",
                        "ch_expert_h2_usp",
                        "ch_expert_h2_coltanaconda",
                        "ch_expert_h2_m9",
                        "ch_expert_h2_deserteagle",
                        "ch_expert_h2_colt45",
                        "ch_marksman_h2_sickle",
                        "ch_marksman_h2_shovel",
                        "ch_marksman_h2_karambit",
                        "ch_marksman_h2_icepick",
                        "ch_marksman_h2_hatchet",
                        "ch_h2_smg_diamond",
                        "ch_h2_lmg_diamond",
                        "ch_h2_sniper_diamond",
                        "ch_h2_machine_pistol_diamond",
                        "ch_h2_shotgun_diamond",
                        "ch_h2_pistol_diamond",
                        "ch_h2_melee_diamond",
                        "ch_marksman_h2_m4_2",
                        "ch_marksman_h2_famas_2",
                        "ch_marksman_h2_scar_2",
                        "ch_marksman_h2_tavor_2",
                        "ch_marksman_h2_fal_2",
                        "ch_marksman_h2_m16_2",
                        "ch_marksman_h2_masada_2",
                        "ch_marksman_h2_fn2000_2",
                        "ch_marksman_h2_ak47_2",
                        "ch_marksman_h2_mp5k_2",
                        "ch_marksman_h2_ump45_2",
                        "ch_marksman_h2_kriss_2",
                        "ch_marksman_h2_p90_2",
                        "ch_marksman_h2_uzi_2",
                        "ch_marksman_h2_ak74u_2",
                        "ch_marksman_h2_sa80_2",
                        "ch_marksman_h2_rpd_2",
                        "ch_marksman_h2_mg4_2",
                        "ch_marksman_h2_aug_2",
                        "ch_marksman_h2_m240_2",
                        "ch_marksman_h2_cheytac_2",
                        "ch_marksman_h2_barrett_2",
                        "ch_marksman_h2_wa2000_2",
                        "ch_marksman_h2_m21_2",
                        "ch_marksman_h2_m40a3_2",
                        "ch_marksman_h2_pp2000_2",
                        "ch_marksman_h2_glock_2",
                        "ch_marksman_h2_beretta393_2",
                        "ch_marksman_h2_tmp_2",
                        "ch_marksman_h2_spas12_2",
                        "ch_marksman_h2_aa12_2",
                        "ch_marksman_h2_striker_2",
                        "ch_marksman_h2_ranger_2",
                        "ch_marksman_h2_m1014_2",
                        "ch_marksman_h2_model1887_2",
                        "ch_marksman_h2_winchester1200_2",
                        "ch_marksman_h2_usp_2",
                        "ch_marksman_h2_coltanaconda_2",
                        "ch_marksman_h2_m9_2",
                        "ch_marksman_h2_deserteagle_2",
                        "ch_marksman_h2_colt45_2",
                        "ch_marksman_h2_sickle_2",
                        "ch_marksman_h2_shovel_2",
                        "ch_marksman_h2_karambit_2",
                        "ch_marksman_h2_icepick_2",
                        "ch_marksman_h2_hatchet_2",
                        "ch_marksman_h2_m4_3",
                        "ch_marksman_h2_famas_3",
                        "ch_marksman_h2_scar_3",
                        "ch_marksman_h2_tavor_3",
                        "ch_marksman_h2_fal_3",
                        "ch_marksman_h2_m16_3",
                        "ch_marksman_h2_masada_3",
                        "ch_marksman_h2_fn2000_3",
                        "ch_marksman_h2_ak47_3",
                        "ch_marksman_h2_mp5k_3",
                        "ch_marksman_h2_ump45_3",
                        "ch_marksman_h2_kriss_3",
                        "ch_marksman_h2_p90_3",
                        "ch_marksman_h2_uzi_3",
                        "ch_marksman_h2_ak74u_3",
                        "ch_marksman_h2_sa80_3",
                        "ch_marksman_h2_rpd_3",
                        "ch_marksman_h2_mg4_3",
                        "ch_marksman_h2_aug_3",
                        "ch_marksman_h2_m240_3",
                        "ch_marksman_h2_cheytac_3",
                        "ch_marksman_h2_barrett_3",
                        "ch_marksman_h2_wa2000_3",
                        "ch_marksman_h2_m21_3",
                        "ch_marksman_h2_m40a3_3",
                        "ch_marksman_h2_pp2000_3",
                        "ch_marksman_h2_glock_3",
                        "ch_marksman_h2_beretta393_3",
                        "ch_marksman_h2_tmp_3",
                        "ch_marksman_h2_spas12_3",
                        "ch_marksman_h2_aa12_3",
                        "ch_marksman_h2_striker_3",
                        "ch_marksman_h2_ranger_3",
                        "ch_marksman_h2_m1014_3",
                        "ch_marksman_h2_model1887_3",
                        "ch_marksman_h2_winchester1200_3",
                        "ch_marksman_h2_usp_3",
                        "ch_marksman_h2_coltanaconda_3",
                        "ch_marksman_h2_m9_3",
                        "ch_marksman_h2_deserteagle_3",
                        "ch_marksman_h2_colt45_3",
                        "ch_marksman_h2_sickle_3",
                        "ch_marksman_h2_shovel_3",
                        "ch_marksman_h2_karambit_3",
                        "ch_marksman_h2_icepick_3",
                        "ch_marksman_h2_hatchet_3",
                        "ch_marksman_h2_m4_4",
                        "ch_marksman_h2_famas_4",
                        "ch_marksman_h2_scar_4",
                        "ch_marksman_h2_tavor_4",
                        "ch_marksman_h2_fal_4",
                        "ch_marksman_h2_m16_4",
                        "ch_marksman_h2_masada_4",
                        "ch_marksman_h2_fn2000_4",
                        "ch_marksman_h2_ak47_4",
                        "ch_marksman_h2_mp5k_4",
                        "ch_marksman_h2_ump45_4",
                        "ch_marksman_h2_kriss_4",
                        "ch_marksman_h2_p90_4",
                        "ch_marksman_h2_uzi_4",
                        "ch_marksman_h2_ak74u_4",
                        "ch_marksman_h2_sa80_4",
                        "ch_marksman_h2_rpd_4",
                        "ch_marksman_h2_mg4_4",
                        "ch_marksman_h2_aug_4",
                        "ch_marksman_h2_m240_4",
                        "ch_marksman_h2_cheytac_4",
                        "ch_marksman_h2_barrett_4",
                        "ch_marksman_h2_wa2000_4",
                        "ch_marksman_h2_m21_4",
                        "ch_marksman_h2_m40a3_4",
                        "ch_marksman_h2_pp2000_4",
                        "ch_marksman_h2_glock_4",
                        "ch_marksman_h2_beretta393_4",
                        "ch_marksman_h2_tmp_4",
                        "ch_marksman_h2_spas12_4",
                        "ch_marksman_h2_aa12_4",
                        "ch_marksman_h2_striker_4",
                        "ch_marksman_h2_ranger_4",
                        "ch_marksman_h2_m1014_4",
                        "ch_marksman_h2_model1887_4",
                        "ch_marksman_h2_winchester1200_4",
                        "ch_marksman_h2_usp_4",
                        "ch_marksman_h2_coltanaconda_4",
                        "ch_marksman_h2_m9_4",
                        "ch_marksman_h2_deserteagle_4",
                        "ch_marksman_h2_colt45_4",
                        "ch_marksman_h2_sickle_4",
                        "ch_marksman_h2_shovel_4",
                        "ch_marksman_h2_karambit_4",
                        "ch_marksman_h2_icepick_4",
                        "ch_marksman_h2_hatchet_4",
                        "ch_cuav_earned",
                        "ch_carepack_earned",
                        "ch_sentry_earned",
                        "ch_predator_earned",
                        "ch_harrier_earned",
                        "ch_megadrop_earned",
                        "ch_stealthstrike_earned",
                        "ch_pavelow_earned",
                        "ch_choppergun_earned",
                        "ch_ac130_earned",
                        "ch_emp_earned",
                        "ch_nuke_earned",
                        "ch_null14",
                        "ch_null16",
                        "ch_sentry_kills",
                        "ch_predator_kills",
                        "ch_harrier_kills",
                        "ch_null17",
                        "ch_stealthstrike_kills",
                        "ch_pavelow_kills",
                        "ch_choppergun_kills",
                        "ch_ac130_kills",
                        "ch_null15",
                        "ch_nuke_kills",
                        "ch_marksman_h2_at4",
                        "ch_marksman_h2_rpg",
                        "ch_marksman_h2_m79",
                        "ch_marksman_javelin",
                        "ch_marksman_h2_galil",
                        "ch_expert_h2_galil",
                        "ch_marksman_h2_galil_2",
                        "ch_marksman_h2_galil_3",
                        "ch_marksman_h2_galil_4",
                        "ch_marksman_h2_peacekeeper",
                        "ch_expert_h2_peacekeeper",
                        "ch_marksman_h2_peacekeeper_2",
                        "ch_marksman_h2_peacekeeper_3",
                        "ch_marksman_h2_peacekeeper_4",
                        "ch_marksman_h2_msr",
                        "ch_expert_h2_msr",
                        "ch_marksman_h2_msr_2",
                        "ch_marksman_h2_msr_3",
                        "ch_marksman_h2_msr_4",
                        "ch_marksman_h2_honeybadger",
                        "ch_expert_h2_honeybadger",
                        "ch_marksman_h2_honeybadger_2",
                        "ch_marksman_h2_honeybadger_3",
                        "ch_marksman_h2_honeybadger_4",
                        "ch_marksman_h2_dragunov",
                        "ch_expert_h2_dragunov",
                        "ch_marksman_h2_dragunov_2",
                        "ch_marksman_h2_dragunov_3",
                        "ch_marksman_h2_dragunov_4",
                        "ch_marksman_h2_mp7",
                        "ch_expert_h2_mp7",
                        "ch_marksman_h2_mp7_2",
                        "ch_marksman_h2_mp7_3",
                        "ch_marksman_h2_mp7_4",
                        "ch_marksman_h2_g36c",
                        "ch_expert_h2_g36c",
                        "ch_marksman_h2_g36c_2",
                        "ch_marksman_h2_g36c_3",
                        "ch_marksman_h2_g36c_4",
                        "ch_marksman_h2_chainsaw",
                        "ch_expert_h2_chainsaw",
                        "ch_marksman_h2_chainsaw_2",
                        "ch_marksman_h2_chainsaw_3",
                        "ch_marksman_h2_chainsaw_4",
                        "ch_marksman_h2_asval",
                        "ch_expert_h2_asval",
                        "ch_marksman_h2_asval_2",
                        "ch_marksman_h2_asval_3",
                        "ch_marksman_h2_asval_4",
                        "ch_marksman_h2_pp90m1",
                        "ch_expert_h2_pp90m1",
                        "ch_marksman_h2_pp90m1_2",
                        "ch_marksman_h2_pp90m1_3",
                        "ch_marksman_h2_pp90m1_4",
                        "513",
                        "514",
                        "515",
                        "516",
                        "517",
                        "518",
                        "519",
                        "520",
                        "521",
                        "522",
                        "523",
                        "524",
                        "525",
                        "526",
                        "527",
                        "528",
                        "529",
                        "530",
                        "531"
                    ]
                },
                {
                    "name": "Factions",
                    "members": [
                        "none",
                        "seals_udt",
                        "secret_service",
                        "opforce_arctic",
                        "opforce_airborne",
                        "militia",
                        "sas_urban",
                        "delta_multicam",
                        "opforce_air",
                        "opforce_snow",
                        "opforce_urban",
                        "opforce_woodland",
                        "opforce_africa",
                        "opforce_henchmen",
                        "pmc_africa",
                        "gign_paris",
                        "seals",
                        "rangers",
                        "tf141",
                        "marines",
                        "sas",
                        "russian",
                        "opfor"
                    ]
                },
                {
                    "name": "Team",
                    "members": [
                        "none",
                        "spectator",
                        "axis",
                        "allies",
                        "team_0",
                        "team_1",
                        "team_2",
                        "team_3",
                        "team_4",
                        "team_5",
                        "team_6",
                        "team_7",
                        "team_8"
                    ]
                },
                {
                    "name": "ScoreboardType",
                    "members": [
                        "none",
                        "neutral",
                        "allies",
                        "axis",
                        "multiteam"
                    ]
                }
            ],
            "headerBitSize": 16,
            "headerByteSize": 2,
            "reserveSize": 0,
            "userFlagsSize": 0,
            "paddingUsed": true
        }
    ]
}