{
    "name": "mp/prestigecommondata.ddl",
    "defs": [
        {
            "name": "mp/prestigecommondata.ddl",
            "version": 8,
            "checksum": 3235853260,
            "flags": 0,
            "bitSize": 16392,
            "byteSize": 2049,
            "structs": [
                {
                    "name": "root",
                    "bitSize": 16376,
                    "members": [
                        {
                            "name": "commonData",
                            "index": 0,
                            "bitSize": 16376,
                            "limitSize": 0,
                            "offset": 0,
                            "type": 8,
                            "externalIndex": 4,
                            "rangeLimit": 0,
                            "serverDelta": 0,
                            "clientDelta": 0,
                            "arraySize": 1,
                            "enumIndex": 0,
                            "permission": 3
                        }
                    ]
                },
                {
                    "name": "GlobalCostume",
                    "bitSize": 64,
                    "members": [
                        {
                            "name": "gender",
                            "index": 0,
                            "bitSize": 32,
                            "limitSize": 32,
                            "offset": 32,
                            "type": 3,
                            "externalIndex": 0,
                            "rangeLimit": 2147483647,
                            "serverDelta": 2147483647,
                            "clientDelta": 2147483647,
                            "arraySize": 1,
                            "enumIndex": 0,
                            "permission": 3
                        },
                        {
                            "name": "head",
                            "index": 1,
                            "bitSize": 32,
                            "limitSize": 32,
                            "offset": 0,
                            "type": 3,
                            "externalIndex": 0,
                            "rangeLimit": 2147483647,
                            "serverDelta": 2147483647,
                            "clientDelta": 2147483647,
                            "arraySize": 1,
                            "enumIndex": 0,
                            "permission": 3
                        }
                    ]
                },
                {
                    "name": "Costume",
                    "bitSize": 64,
                    "members": [
                        {
                            "name": "shirt",
                            "index": 0,
                            "bitSize": 32,
                            "limitSize": 32,
                            "offset": 0,
                            "type": 3,
                            "externalIndex": 0,
                            "rangeLimit": 2147483647,
                            "serverDelta": 2147483647,
                            "clientDelta": 2147483647,
                            "arraySize": 1,
                            "enumIndex": 0,
                            "permission": 3
                        },
                        {
                            "name": "gloves",
                            "index": 1,
                            "bitSize": 32,
                            "limitSize": 32,
                            "offset": 32,
                            "type": 3,
                            "externalIndex": 0,
                            "rangeLimit": 2147483647,
                            "serverDelta": 2147483647,
                            "clientDelta": 2147483647,
                            "arraySize": 1,
                            "enumIndex": 0,
                            "permission": 3
                        }
                    ]
                },
                {
                    "name": "PastTitleData",
                    "bitSize": 464,
                    "members": [
                        {
                            "name": "playedmw3",
                            "index": 0,
                            "bitSize": 1,
                            "limitSize": 1,
                            "offset": 458,
                            "type": 2,
                            "externalIndex": 0,
                            "rangeLimit": 1,
                            "serverDelta": 1,
                            "clientDelta": 1,
                            "arraySize": 1,
                            "enumIndex": 0,
                            "permission": 3
                        },
                        {
                            "name": "playedblackops2",
                            "index": 1,
                            "bitSize": 1,
                            "limitSize": 1,
                            "offset": 456,
                            "type": 2,
                            "externalIndex": 0,
                            "rangeLimit": 1,
                            "serverDelta": 1,
                            "clientDelta": 1,
                            "arraySize": 1,
                            "enumIndex": 0,
                            "permission": 3
                        },
                        {
                            "name": "playedghosts",
                            "index": 2,
                            "bitSize": 1,
                            "limitSize": 1,
                            "offset": 457,
                            "type": 2,
                            "externalIndex": 0,
                            "rangeLimit": 1,
                            "serverDelta": 1,
                            "clientDelta": 1,
                            "arraySize": 1,
                            "enumIndex": 0,
                            "permission": 3
                        },
                        {
                            "name": "mw3rank",
                            "index": 3,
                            "bitSize": 8,
                            "limitSize": 8,
                            "offset": 168,
                            "type": 0,
                            "externalIndex": 0,
                            "rangeLimit": 255,
                            "serverDelta": 255,
                            "clientDelta": 255,
                            "arraySize": 1,
                            "enumIndex": 0,
                            "permission": 3
                        },
                        {
                            "name": "blackops2rank",
                            "index": 4,
                            "bitSize": 8,
                            "limitSize": 8,
                            "offset": 176,
                            "type": 0,
                            "externalIndex": 0,
                            "rangeLimit": 255,
                            "serverDelta": 255,
                            "clientDelta": 255,
                            "arraySize": 1,
                            "enumIndex": 0,
                            "permission": 3
                        },
                        {
                            "name": "ghostsrank",
                            "index": 5,
                            "bitSize": 8,
                            "limitSize": 8,
                            "offset": 16,
                            "type": 0,
                            "externalIndex": 0,
                            "rangeLimit": 255,
                            "serverDelta": 255,
                            "clientDelta": 255,
                            "arraySize": 1,
                            "enumIndex": 0,
                            "permission": 3
                        },
                        {
                            "name": "mw3prestige",
                            "index": 6,
                            "bitSize": 16,
                            "limitSize": 16,
                            "offset": 88,
                            "type": 1,
                            "externalIndex": 0,
                            "rangeLimit": 65535,
                            "serverDelta": 65535,
                            "clientDelta": 65535,
                            "arraySize": 1,
                            "enumIndex": 0,
                            "permission": 3
                        },
                        {
                            "name": "blackops2prestige",
                            "index": 7,
                            "bitSize": 16,
                            "limitSize": 16,
                            "offset": 0,
                            "type": 1,
                            "externalIndex": 0,
                            "rangeLimit": 65535,
                            "serverDelta": 65535,
                            "clientDelta": 65535,
                            "arraySize": 1,
                            "enumIndex": 0,
                            "permission": 3
                        },
                        {
                            "name": "ghostsprestige",
                            "index": 8,
                            "bitSize": 16,
                            "limitSize": 16,
                            "offset": 440,
                            "type": 1,
                            "externalIndex": 0,
                            "rangeLimit": 65535,
                            "serverDelta": 65535,
                            "clientDelta": 65535,
                            "arraySize": 1,
                            "enumIndex": 0,
                            "permission": 3
                        },
                        {
                            "name": "nextreadmw3",
                            "index": 9,
                            "bitSize": 32,
                            "limitSize": 32,
                            "offset": 24,
                            "type": 3,
                            "externalIndex": 0,
                            "rangeLimit": 2147483647,
                            "serverDelta": 2147483647,
                            "clientDelta": 2147483647,
                            "arraySize": 1,
                            "enumIndex": 0,
                            "permission": 3
                        },
                        {
                            "name": "nextreadblackops2",
                            "index": 10,
                            "bitSize": 32,
                            "limitSize": 32,
                            "offset": 248,
                            "type": 3,
                            "externalIndex": 0,
                            "rangeLimit": 2147483647,
                            "serverDelta": 2147483647,
                            "clientDelta": 2147483647,
                            "arraySize": 1,
                            "enumIndex": 0,
                            "permission": 3
                        },
                        {
                            "name": "nextreadghosts0",
                            "index": 11,
                            "bitSize": 32,
                            "limitSize": 32,
                            "offset": 184,
                            "type": 3,
                            "externalIndex": 0,
                            "rangeLimit": 2147483647,
                            "serverDelta": 2147483647,
                            "clientDelta": 2147483647,
                            "arraySize": 1,
                            "enumIndex": 0,
                            "permission": 3
                        },
                        {
                            "name": "nextreadghosts1",
                            "index": 12,
                            "bitSize": 32,
                            "limitSize": 32,
                            "offset": 216,
                            "type": 3,
                            "externalIndex": 0,
                            "rangeLimit": 2147483647,
                            "serverDelta": 2147483647,
                            "clientDelta": 2147483647,
                            "arraySize": 1,
                            "enumIndex": 0,
                            "permission": 3
                        },
                        {
                            "name": "ghostsmatchesplayed",
                            "index": 13,
                            "bitSize": 32,
                            "limitSize": 32,
                            "offset": 104,
                            "type": 3,
                            "externalIndex": 0,
                            "rangeLimit": 2147483647,
                            "serverDelta": 2147483647,
                            "clientDelta": 2147483647,
                            "arraySize": 1,
                            "enumIndex": 0,
                            "permission": 3
                        },
                        {
                            "name": "ghostslastmatchtimestamp",
                            "index": 14,
                            "bitSize": 32,
                            "limitSize": 32,
                            "offset": 136,
                            "type": 3,
                            "externalIndex": 0,
                            "rangeLimit": 2147483647,
                            "serverDelta": 2147483647,
                            "clientDelta": 2147483647,
                            "arraySize": 1,
                            "enumIndex": 0,
                            "permission": 3
                        },
                        {
                            "name": "ghostskills",
                            "index": 15,
                            "bitSize": 32,
                            "limitSize": 32,
                            "offset": 408,
                            "type": 3,
                            "externalIndex": 0,
                            "rangeLimit": 2147483647,
                            "serverDelta": 2147483647,
                            "clientDelta": 2147483647,
                            "arraySize": 1,
                            "enumIndex": 0,
                            "permission": 3
                        },
                        {
                            "name": "ghostsdeaths",
                            "index": 16,
                            "bitSize": 32,
                            "limitSize": 32,
                            "offset": 312,
                            "type": 3,
                            "externalIndex": 0,
                            "rangeLimit": 2147483647,
                            "serverDelta": 2147483647,
                            "clientDelta": 2147483647,
                            "arraySize": 1,
                            "enumIndex": 0,
                            "permission": 3
                        },
                        {
                            "name": "blackops2kills",
                            "index": 17,
                            "bitSize": 32,
                            "limitSize": 32,
                            "offset": 280,
                            "type": 3,
                            "externalIndex": 0,
                            "rangeLimit": 2147483647,
                            "serverDelta": 2147483647,
                            "clientDelta": 2147483647,
                            "arraySize": 1,
                            "enumIndex": 0,
                            "permission": 3
                        },
                        {
                            "name": "blackops2deaths",
                            "index": 18,
                            "bitSize": 32,
                            "limitSize": 32,
                            "offset": 376,
                            "type": 3,
                            "externalIndex": 0,
                            "rangeLimit": 2147483647,
                            "serverDelta": 2147483647,
                            "clientDelta": 2147483647,
                            "arraySize": 1,
                            "enumIndex": 0,
                            "permission": 3
                        },
                        {
                            "name": "mw3kills",
                            "index": 19,
                            "bitSize": 32,
                            "limitSize": 32,
                            "offset": 56,
                            "type": 3,
                            "externalIndex": 0,
                            "rangeLimit": 2147483647,
                            "serverDelta": 2147483647,
                            "clientDelta": 2147483647,
                            "arraySize": 1,
                            "enumIndex": 0,
                            "permission": 3
                        },
                        {
                            "name": "mw3deaths",
                            "index": 20,
                            "bitSize": 32,
                            "limitSize": 32,
                            "offset": 344,
                            "type": 3,
                            "externalIndex": 0,
                            "rangeLimit": 2147483647,
                            "serverDelta": 2147483647,
                            "clientDelta": 2147483647,
                            "arraySize": 1,
                            "enumIndex": 0,
                            "permission": 3
                        },
                        {
                            "name": "__pad",
                            "index": 21,
                            "bitSize": 5,
                            "limitSize": 5,
                            "offset": 459,
                            "type": 10,
                            "externalIndex": 0,
                            "rangeLimit": 0,
                            "serverDelta": 0,
                            "clientDelta": 0,
                            "arraySize": 1,
                            "enumIndex": 0,
                            "permission": 3
                        }
                    ]
                },
                {
                    "name": "CommonData",
                    "bitSize": 16376,
                    "members": [
                        {
                            "name": "cardNameplate",
                            "index": 0,
                            "bitSize": 1,
                            "limitSize": 0,
                            "offset": 16137,
                            "type": 9,
                            "externalIndex": 3,
                            "rangeLimit": 0,
                            "serverDelta": 0,
                            "clientDelta": 0,
                            "arraySize": 1,
                            "enumIndex": 0,
                            "permission": 3
                        },
                        {
                            "name": "cardIcon",
                            "index": 1,
                            "bitSize": 32,
                            "limitSize": 32,
                            "offset": 10608,
                            "type": 3,
                            "externalIndex": 0,
                            "rangeLimit": 2147483647,
                            "serverDelta": 2147483647,
                            "clientDelta": 2147483647,
                            "arraySize": 1,
                            "enumIndex": 0,
                            "permission": 3
                        },
                        {
                            "name": "cardTitle",
                            "index": 2,
                            "bitSize": 32,
                            "limitSize": 32,
                            "offset": 10560,
                            "type": 3,
                            "externalIndex": 0,
                            "rangeLimit": 2147483647,
                            "serverDelta": 2147483647,
                            "clientDelta": 2147483647,
                            "arraySize": 1,
                            "enumIndex": 0,
                            "permission": 3
                        },
                        {
                            "name": "playerXuidHigh",
                            "index": 3,
                            "bitSize": 128,
                            "limitSize": 32,
                            "offset": 7136,
                            "type": 3,
                            "externalIndex": 0,
                            "rangeLimit": 2147483647,
                            "serverDelta": 2147483647,
                            "clientDelta": 2147483647,
                            "arraySize": 4,
                            "enumIndex": -1,
                            "permission": 3
                        },
                        {
                            "name": "playerXuidLow",
                            "index": 4,
                            "bitSize": 128,
                            "limitSize": 32,
                            "offset": 3136,
                            "type": 3,
                            "externalIndex": 0,
                            "rangeLimit": 2147483647,
                            "serverDelta": 2147483647,
                            "clientDelta": 2147483647,
                            "arraySize": 4,
                            "enumIndex": -1,
                            "permission": 3
                        },
                        {
                            "name": "extraCustomClassesEntitlement",
                            "index": 5,
                            "bitSize": 32,
                            "limitSize": 32,
                            "offset": 0,
                            "type": 3,
                            "externalIndex": 0,
                            "rangeLimit": 2147483647,
                            "serverDelta": 2147483647,
                            "clientDelta": 2147483647,
                            "arraySize": 1,
                            "enumIndex": 0,
                            "permission": 3
                        },
                        {
                            "name": "extraCustomClassesPrestige",
                            "index": 6,
                            "bitSize": 32,
                            "limitSize": 32,
                            "offset": 7264,
                            "type": 3,
                            "externalIndex": 0,
                            "rangeLimit": 2147483647,
                            "serverDelta": 2147483647,
                            "clientDelta": 2147483647,
                            "arraySize": 1,
                            "enumIndex": 0,
                            "permission": 3
                        },
                        {
                            "name": "awards",
                            "index": 7,
                            "bitSize": 2752,
                            "limitSize": 32,
                            "offset": 4336,
                            "type": 3,
                            "externalIndex": 0,
                            "rangeLimit": 2147483647,
                            "serverDelta": 2147483647,
                            "clientDelta": 2147483647,
                            "arraySize": 113,
                            "enumIndex": 2,
                            "permission": 3
                        },
                        {
                            "name": "bests",
                            "index": 8,
                            "bitSize": 2752,
                            "limitSize": 32,
                            "offset": 48,
                            "type": 3,
                            "externalIndex": 0,
                            "rangeLimit": 2147483647,
                            "serverDelta": 2147483647,
                            "clientDelta": 2147483647,
                            "arraySize": 86,
                            "enumIndex": 2,
                            "permission": 3
                        },
                        {
                            "name": "pastTitleData",
                            "index": 0,
                            "bitSize": 464,
                            "limitSize": 0,
                            "offset": 7856,
                            "type": 8,
                            "externalIndex": 3,
                            "rangeLimit": 0,
                            "serverDelta": 0,
                            "clientDelta": 0,
                            "arraySize": 1,
                            "enumIndex": 0,
                            "permission": 3
                        },
                        {
                            "name": "globalCostume",
                            "index": 0,
                            "bitSize": 64,
                            "limitSize": 0,
                            "offset": 8320,
                            "type": 8,
                            "externalIndex": 1,
                            "rangeLimit": 0,
                            "serverDelta": 0,
                            "clientDelta": 0,
                            "arraySize": 1,
                            "enumIndex": 0,
                            "permission": 3
                        },
                        {
                            "name": "costumes",
                            "index": 0,
                            "bitSize": 640,
                            "limitSize": 0,
                            "offset": 8384,
                            "type": 8,
                            "externalIndex": 2,
                            "rangeLimit": 0,
                            "serverDelta": 0,
                            "clientDelta": 0,
                            "arraySize": 10,
                            "enumIndex": -1,
                            "permission": 3
                        },
                        {
                            "name": "activeCostume",
                            "index": 12,
                            "bitSize": 8,
                            "limitSize": 8,
                            "offset": 10592,
                            "type": 0,
                            "externalIndex": 0,
                            "rangeLimit": 255,
                            "serverDelta": 255,
                            "clientDelta": 255,
                            "arraySize": 1,
                            "enumIndex": 0,
                            "permission": 3
                        },
                        {
                            "name": "titleUnlocked",
                            "index": 13,
                            "bitSize": 1024,
                            "limitSize": 1,
                            "offset": 11782,
                            "type": 2,
                            "externalIndex": 0,
                            "rangeLimit": 1,
                            "serverDelta": 1,
                            "clientDelta": 1,
                            "arraySize": 1024,
                            "enumIndex": -1,
                            "permission": 3
                        },
                        {
                            "name": "iconUnlocked",
                            "index": 14,
                            "bitSize": 1024,
                            "limitSize": 1,
                            "offset": 12808,
                            "type": 2,
                            "externalIndex": 0,
                            "rangeLimit": 1,
                            "serverDelta": 1,
                            "clientDelta": 1,
                            "arraySize": 1024,
                            "enumIndex": -1,
                            "permission": 3
                        },
                        {
                            "name": "titleNew",
                            "index": 15,
                            "bitSize": 1024,
                            "limitSize": 1,
                            "offset": 15112,
                            "type": 2,
                            "externalIndex": 0,
                            "rangeLimit": 1,
                            "serverDelta": 1,
                            "clientDelta": 1,
                            "arraySize": 1024,
                            "enumIndex": -1,
                            "permission": 3
                        },
                        {
                            "name": "iconNew",
                            "index": 16,
                            "bitSize": 1024,
                            "limitSize": 1,
                            "offset": 13832,
                            "type": 2,
                            "externalIndex": 0,
                            "rangeLimit": 1,
                            "serverDelta": 1,
                            "clientDelta": 1,
                            "arraySize": 1024,
                            "enumIndex": -1,
                            "permission": 3
                        },
                        {
                            "name": "weaponXCamoUnlocked",
                            "index": 17,
                            "bitSize": 1024,
                            "limitSize": 1,
                            "offset": 10741,
                            "type": 2,
                            "externalIndex": 0,
                            "rangeLimit": 1,
                            "serverDelta": 1,
                            "clientDelta": 1,
                            "arraySize": 1024,
                            "enumIndex": -1,
                            "permission": 3
                        },
                        {
                            "name": "miscUnlocked",
                            "index": 18,
                            "bitSize": 256,
                            "limitSize": 1,
                            "offset": 14856,
                            "type": 2,
                            "externalIndex": 0,
                            "rangeLimit": 1,
                            "serverDelta": 1,
                            "clientDelta": 1,
                            "arraySize": 256,
                            "enumIndex": -1,
                            "permission": 3
                        },
                        {
                            "name": "persistentWeaponsUnlocked",
                            "index": 19,
                            "bitSize": 101,
                            "limitSize": 1,
                            "offset": 10640,
                            "type": 2,
                            "externalIndex": 0,
                            "rangeLimit": 1,
                            "serverDelta": 1,
                            "clientDelta": 1,
                            "arraySize": 101,
                            "enumIndex": 0,
                            "permission": 3
                        },
                        {
                            "name": "persistentPerksUnlocked",
                            "index": 20,
                            "bitSize": 35,
                            "limitSize": 1,
                            "offset": 16338,
                            "type": 2,
                            "externalIndex": 0,
                            "rangeLimit": 1,
                            "serverDelta": 1,
                            "clientDelta": 1,
                            "arraySize": 35,
                            "enumIndex": 1,
                            "permission": 3
                        },
                        {
                            "name": "unlockedReticles",
                            "index": 21,
                            "bitSize": 100,
                            "limitSize": 1,
                            "offset": 16238,
                            "type": 2,
                            "externalIndex": 0,
                            "rangeLimit": 1,
                            "serverDelta": 1,
                            "clientDelta": 1,
                            "arraySize": 100,
                            "enumIndex": -1,
                            "permission": 3
                        },
                        {
                            "name": "unlockedCamo",
                            "index": 22,
                            "bitSize": 100,
                            "limitSize": 1,
                            "offset": 16138,
                            "type": 2,
                            "externalIndex": 0,
                            "rangeLimit": 1,
                            "serverDelta": 1,
                            "clientDelta": 1,
                            "arraySize": 100,
                            "enumIndex": -1,
                            "permission": 3
                        },
                        {
                            "name": "newEntitlement",
                            "index": 23,
                            "bitSize": 2,
                            "limitSize": 1,
                            "offset": 12806,
                            "type": 2,
                            "externalIndex": 0,
                            "rangeLimit": 1,
                            "serverDelta": 1,
                            "clientDelta": 1,
                            "arraySize": 2,
                            "enumIndex": 4,
                            "permission": 3
                        },
                        {
                            "name": "lootOverflow",
                            "index": 24,
                            "bitSize": 64,
                            "limitSize": 32,
                            "offset": 2800,
                            "type": 3,
                            "externalIndex": 0,
                            "rangeLimit": 2147483647,
                            "serverDelta": 2147483647,
                            "clientDelta": 2147483647,
                            "arraySize": 2,
                            "enumIndex": -1,
                            "permission": 3
                        },
                        {
                            "name": "callingCardIndex",
                            "index": 25,
                            "bitSize": 16,
                            "limitSize": 16,
                            "offset": 32,
                            "type": 1,
                            "externalIndex": 0,
                            "rangeLimit": 65535,
                            "serverDelta": 65535,
                            "clientDelta": 65535,
                            "arraySize": 1,
                            "enumIndex": 0,
                            "permission": 3
                        },
                        {
                            "name": "emblemPatchIndex",
                            "index": 26,
                            "bitSize": 16,
                            "limitSize": 16,
                            "offset": 3864,
                            "type": 1,
                            "externalIndex": 0,
                            "rangeLimit": 65535,
                            "serverDelta": 65535,
                            "clientDelta": 65535,
                            "arraySize": 1,
                            "enumIndex": 0,
                            "permission": 3
                        },
                        {
                            "name": "applyEmblemToWeapon",
                            "index": 27,
                            "bitSize": 1,
                            "limitSize": 1,
                            "offset": 11781,
                            "type": 2,
                            "externalIndex": 0,
                            "rangeLimit": 1,
                            "serverDelta": 1,
                            "clientDelta": 1,
                            "arraySize": 1,
                            "enumIndex": 0,
                            "permission": 3
                        },
                        {
                            "name": "applyEmblemToCharacter",
                            "index": 28,
                            "bitSize": 1,
                            "limitSize": 1,
                            "offset": 16373,
                            "type": 2,
                            "externalIndex": 0,
                            "rangeLimit": 1,
                            "serverDelta": 1,
                            "clientDelta": 1,
                            "arraySize": 1,
                            "enumIndex": 0,
                            "permission": 3
                        },
                        {
                            "name": "characterCamoIndex",
                            "index": 29,
                            "bitSize": 8,
                            "limitSize": 8,
                            "offset": 4072,
                            "type": 0,
                            "externalIndex": 0,
                            "rangeLimit": 255,
                            "serverDelta": 255,
                            "clientDelta": 255,
                            "arraySize": 1,
                            "enumIndex": 0,
                            "permission": 3
                        },
                        {
                            "name": "reserved",
                            "index": 30,
                            "bitSize": 1536,
                            "limitSize": 8,
                            "offset": 9024,
                            "type": 0,
                            "externalIndex": 0,
                            "rangeLimit": 255,
                            "serverDelta": 255,
                            "clientDelta": 255,
                            "arraySize": 192,
                            "enumIndex": -1,
                            "permission": 3
                        },
                        {
                            "name": "firstPlayedSPTime",
                            "index": 31,
                            "bitSize": 32,
                            "limitSize": 32,
                            "offset": 3784,
                            "type": 3,
                            "externalIndex": 0,
                            "rangeLimit": 2147483647,
                            "serverDelta": 2147483647,
                            "clientDelta": 2147483647,
                            "arraySize": 1,
                            "enumIndex": 0,
                            "permission": 3
                        },
                        {
                            "name": "reputation",
                            "index": 32,
                            "bitSize": 8,
                            "limitSize": 8,
                            "offset": 7088,
                            "type": 0,
                            "externalIndex": 0,
                            "rangeLimit": 255,
                            "serverDelta": 255,
                            "clientDelta": 255,
                            "arraySize": 1,
                            "enumIndex": 0,
                            "permission": 3
                        },
                        {
                            "name": "hasEverVisitedDepot",
                            "index": 33,
                            "bitSize": 1,
                            "limitSize": 1,
                            "offset": 16136,
                            "type": 2,
                            "externalIndex": 0,
                            "rangeLimit": 1,
                            "serverDelta": 1,
                            "clientDelta": 1,
                            "arraySize": 1,
                            "enumIndex": 0,
                            "permission": 3
                        },
                        {
                            "name": "depotData",
                            "index": 34,
                            "bitSize": 32,
                            "limitSize": 32,
                            "offset": 7824,
                            "type": 3,
                            "externalIndex": 0,
                            "rangeLimit": 2147483647,
                            "serverDelta": 2147483647,
                            "clientDelta": 2147483647,
                            "arraySize": 1,
                            "enumIndex": 0,
                            "permission": 3
                        },
                        {
                            "name": "reinforcement",
                            "index": 35,
                            "bitSize": 8,
                            "limitSize": 8,
                            "offset": 4128,
                            "type": 0,
                            "externalIndex": 0,
                            "rangeLimit": 255,
                            "serverDelta": 255,
                            "clientDelta": 255,
                            "arraySize": 1,
                            "enumIndex": 0,
                            "permission": 3
                        },
                        {
                            "name": "mounted_dlc_bits",
                            "index": 36,
                            "bitSize": 8,
                            "limitSize": 8,
                            "offset": 10600,
                            "type": 0,
                            "externalIndex": 0,
                            "rangeLimit": 255,
                            "serverDelta": 255,
                            "clientDelta": 255,
                            "arraySize": 1,
                            "enumIndex": 0,
                            "permission": 3
                        },
                        {
                            "name": "micro_dlc_bits_last_gen",
                            "index": 37,
                            "bitSize": 8,
                            "limitSize": 8,
                            "offset": 3856,
                            "type": 0,
                            "externalIndex": 0,
                            "rangeLimit": 255,
                            "serverDelta": 255,
                            "clientDelta": 255,
                            "arraySize": 1,
                            "enumIndex": 0,
                            "permission": 3
                        },
                        {
                            "name": "micro_dlc_bits_next_gen",
                            "index": 38,
                            "bitSize": 8,
                            "limitSize": 8,
                            "offset": 2968,
                            "type": 0,
                            "externalIndex": 0,
                            "rangeLimit": 255,
                            "serverDelta": 255,
                            "clientDelta": 255,
                            "arraySize": 1,
                            "enumIndex": 0,
                            "permission": 3
                        },
                        {
                            "name": "numProductsInCart",
                            "index": 39,
                            "bitSize": 32,
                            "limitSize": 32,
                            "offset": 4080,
                            "type": 3,
                            "externalIndex": 0,
                            "rangeLimit": 2147483647,
                            "serverDelta": 2147483647,
                            "clientDelta": 2147483647,
                            "arraySize": 1,
                            "enumIndex": 0,
                            "permission": 3
                        },
                        {
                            "name": "productID",
                            "index": 40,
                            "bitSize": 512,
                            "limitSize": 32,
                            "offset": 7296,
                            "type": 3,
                            "externalIndex": 0,
                            "rangeLimit": 2147483647,
                            "serverDelta": 2147483647,
                            "clientDelta": 2147483647,
                            "arraySize": 16,
                            "enumIndex": -1,
                            "permission": 3
                        },
                        {
                            "name": "productCount",
                            "index": 41,
                            "bitSize": 512,
                            "limitSize": 32,
                            "offset": 3264,
                            "type": 3,
                            "externalIndex": 0,
                            "rangeLimit": 2147483647,
                            "serverDelta": 2147483647,
                            "clientDelta": 2147483647,
                            "arraySize": 16,
                            "enumIndex": -1,
                            "permission": 3
                        },
                        {
                            "name": "seasonPassActivationDate",
                            "index": 42,
                            "bitSize": 32,
                            "limitSize": 32,
                            "offset": 2864,
                            "type": 3,
                            "externalIndex": 0,
                            "rangeLimit": 2147483647,
                            "serverDelta": 2147483647,
                            "clientDelta": 2147483647,
                            "arraySize": 1,
                            "enumIndex": 0,
                            "permission": 3
                        },
                        {
                            "name": "seasonPassFlag",
                            "index": 43,
                            "bitSize": 16,
                            "limitSize": 16,
                            "offset": 3816,
                            "type": 1,
                            "externalIndex": 0,
                            "rangeLimit": 65535,
                            "serverDelta": 65535,
                            "clientDelta": 65535,
                            "arraySize": 1,
                            "enumIndex": 0,
                            "permission": 3
                        },
                        {
                            "name": "DLCTimeStamp",
                            "index": 44,
                            "bitSize": 192,
                            "limitSize": 32,
                            "offset": 4144,
                            "type": 3,
                            "externalIndex": 0,
                            "rangeLimit": 2147483647,
                            "serverDelta": 2147483647,
                            "clientDelta": 2147483647,
                            "arraySize": 6,
                            "enumIndex": -1,
                            "permission": 3
                        },
                        {
                            "name": "DLCFreeTrial",
                            "index": 45,
                            "bitSize": 192,
                            "limitSize": 32,
                            "offset": 3880,
                            "type": 3,
                            "externalIndex": 0,
                            "rangeLimit": 2147483647,
                            "serverDelta": 2147483647,
                            "clientDelta": 2147483647,
                            "arraySize": 6,
                            "enumIndex": -1,
                            "permission": 3
                        },
                        {
                            "name": "cod_anywhere_signup_request",
                            "index": 46,
                            "bitSize": 32,
                            "limitSize": 32,
                            "offset": 7104,
                            "type": 3,
                            "externalIndex": 0,
                            "rangeLimit": 2147483647,
                            "serverDelta": 2147483647,
                            "clientDelta": 2147483647,
                            "arraySize": 1,
                            "enumIndex": 0,
                            "permission": 3
                        },
                        {
                            "name": "welcome_screen_count",
                            "index": 47,
                            "bitSize": 8,
                            "limitSize": 8,
                            "offset": 3832,
                            "type": 0,
                            "externalIndex": 0,
                            "rangeLimit": 255,
                            "serverDelta": 255,
                            "clientDelta": 255,
                            "arraySize": 1,
                            "enumIndex": 0,
                            "permission": 3
                        },
                        {
                            "name": "season_pass_upsell_count",
                            "index": 48,
                            "bitSize": 8,
                            "limitSize": 8,
                            "offset": 4136,
                            "type": 0,
                            "externalIndex": 0,
                            "rangeLimit": 255,
                            "serverDelta": 255,
                            "clientDelta": 255,
                            "arraySize": 1,
                            "enumIndex": 0,
                            "permission": 3
                        },
                        {
                            "name": "cod_anywhere_screen_count",
                            "index": 49,
                            "bitSize": 8,
                            "limitSize": 8,
                            "offset": 3776,
                            "type": 0,
                            "externalIndex": 0,
                            "rangeLimit": 255,
                            "serverDelta": 255,
                            "clientDelta": 255,
                            "arraySize": 1,
                            "enumIndex": 0,
                            "permission": 3
                        },
                        {
                            "name": "motd_today_day",
                            "index": 50,
                            "bitSize": 8,
                            "limitSize": 8,
                            "offset": 3848,
                            "type": 0,
                            "externalIndex": 0,
                            "rangeLimit": 255,
                            "serverDelta": 255,
                            "clientDelta": 255,
                            "arraySize": 1,
                            "enumIndex": 0,
                            "permission": 3
                        },
                        {
                            "name": "motd_today_month",
                            "index": 51,
                            "bitSize": 8,
                            "limitSize": 8,
                            "offset": 7096,
                            "type": 0,
                            "externalIndex": 0,
                            "rangeLimit": 255,
                            "serverDelta": 255,
                            "clientDelta": 255,
                            "arraySize": 1,
                            "enumIndex": 0,
                            "permission": 3
                        },
                        {
                            "name": "sp_upsell_view_time",
                            "index": 52,
                            "bitSize": 16,
                            "limitSize": 8,
                            "offset": 4112,
                            "type": 0,
                            "externalIndex": 0,
                            "rangeLimit": 255,
                            "serverDelta": 255,
                            "clientDelta": 255,
                            "arraySize": 2,
                            "enumIndex": -1,
                            "permission": 3
                        },
                        {
                            "name": "sp_upsell_action",
                            "index": 53,
                            "bitSize": 16,
                            "limitSize": 8,
                            "offset": 7808,
                            "type": 0,
                            "externalIndex": 0,
                            "rangeLimit": 255,
                            "serverDelta": 255,
                            "clientDelta": 255,
                            "arraySize": 2,
                            "enumIndex": -1,
                            "permission": 3
                        },
                        {
                            "name": "sp_upsell_open_timestamp",
                            "index": 54,
                            "bitSize": 64,
                            "limitSize": 32,
                            "offset": 2896,
                            "type": 3,
                            "externalIndex": 0,
                            "rangeLimit": 2147483647,
                            "serverDelta": 2147483647,
                            "clientDelta": 2147483647,
                            "arraySize": 2,
                            "enumIndex": -1,
                            "permission": 3
                        },
                        {
                            "name": "sp_upsell_recent_updated_record",
                            "index": 55,
                            "bitSize": 8,
                            "limitSize": 8,
                            "offset": 2960,
                            "type": 0,
                            "externalIndex": 0,
                            "rangeLimit": 255,
                            "serverDelta": 255,
                            "clientDelta": 255,
                            "arraySize": 1,
                            "enumIndex": 0,
                            "permission": 3
                        },
                        {
                            "name": "preorder_offer_count",
                            "index": 56,
                            "bitSize": 8,
                            "limitSize": 8,
                            "offset": 3840,
                            "type": 0,
                            "externalIndex": 0,
                            "rangeLimit": 255,
                            "serverDelta": 255,
                            "clientDelta": 255,
                            "arraySize": 1,
                            "enumIndex": 0,
                            "permission": 3
                        },
                        {
                            "name": "telemetryCohort",
                            "index": 57,
                            "bitSize": 32,
                            "limitSize": 0,
                            "offset": 3104,
                            "type": 7,
                            "externalIndex": 0,
                            "rangeLimit": 0,
                            "serverDelta": 0,
                            "clientDelta": 0,
                            "arraySize": 1,
                            "enumIndex": 0,
                            "permission": 3
                        },
                        {
                            "name": "extraBools",
                            "index": 58,
                            "bitSize": 16,
                            "limitSize": 1,
                            "offset": 11765,
                            "type": 2,
                            "externalIndex": 0,
                            "rangeLimit": 1,
                            "serverDelta": 1,
                            "clientDelta": 1,
                            "arraySize": 16,
                            "enumIndex": -1,
                            "permission": 3
                        },
                        {
                            "name": "extraBytes",
                            "index": 59,
                            "bitSize": 128,
                            "limitSize": 8,
                            "offset": 2976,
                            "type": 0,
                            "externalIndex": 0,
                            "rangeLimit": 255,
                            "serverDelta": 255,
                            "clientDelta": 255,
                            "arraySize": 16,
                            "enumIndex": -1,
                            "permission": 3
                        },
                        {
                            "name": "__pad",
                            "index": 60,
                            "bitSize": 2,
                            "limitSize": 2,
                            "offset": 16374,
                            "type": 10,
                            "externalIndex": 0,
                            "rangeLimit": 0,
                            "serverDelta": 0,
                            "clientDelta": 0,
                            "arraySize": 1,
                            "enumIndex": 0,
                            "permission": 3
                        }
                    ]
                }
            ],
            "enums": [
                {
                    "name": "Weapon",
                    "members": [
                        "none",
                        "h1_c4",
                        "h1_claymore",
                        "h1_rpg",
                        "h1_concussiongrenade",
                        "h1_flashgrenade",
                        "h1_fraggrenade",
                        "h1_fraggrenadeshort",
                        "h1_smokegrenade",
                        "iw5_combatknife",
                        "h1_meleeshovel",
                        "iw5_carrydrone",
                        "artillery",
                        "cobra_ffar",
                        "hind_ffar",
                        "cobra_20mm",
                        "radar",
                        "airstrike",
                        "helicopter",
                        "destructible",
                        "briefcase_bomb",
                        "briefcase_bomb_defuse",
                        "h1_meleeicepick",
                        "h1_meleesickle",
                        "h1_meleehatchet",
                        "h1_meleeapr3"
                    ]
                },
                {
                    "name": "Perk",
                    "members": [
                        "specialty_null",
                        "specialty_null_gl",
                        "specialty_null_grip",
                        "specialty_null_shotgun",
                        "specialty_null_attachment",
                        "c4_mp",
                        "claymore_mp",
                        "rpg_mp",
                        "specialty_fraggrenade",
                        "specialty_specialgrenade",
                        "specialty_extraammo",
                        "specialty_detectexplosive",
                        "specialty_bulletdamage",
                        "specialty_armorvest",
                        "specialty_fastreload",
                        "specialty_rof",
                        "specialty_twoprimaries",
                        "specialty_radarimmune",
                        "specialty_explosivedamage",
                        "specialty_longersprint",
                        "specialty_bulletaccuracy",
                        "specialty_pistoldeath",
                        "specialty_grenadepulldeath",
                        "specialty_bulletpenetration",
                        "specialty_holdbreath",
                        "specialty_quieter",
                        "specialty_parabolic",
                        "specialty_ballcarrier",
                        "h1_concussiongrenade_mp",
                        "h1_flashgrenade_mp",
                        "h1_fraggrenade_mp",
                        "h1_smokegrenade_mp",
                        "h1_claymore_mp",
                        "h1_c4_mp",
                        "h1_rpg_mp",
                        "iw9_throwknife_mp",
                        "specialty_tacticalinsertion",
                        "h2_semtex_mp",
                        "specialty_scavenger",
                        "specialty_bling",
                        "specialty_secondarybling",
                        "specialty_onemanarmy",
                        "specialty_lightweight",
                        "specialty_hardline",
                        "specialty_commando",
                        "specialty_scrambler",
                        "specialty_ninja",
                        "specialty_blastshield",
                        "specialty_extraammo",
                        "specialty_omaquickchange",
                        "specialty_rollover",
                        "specialty_class_coldblooded",
                        "specialty_explosivedamage",
                        "specialty_dangerclose",
                        "specialty_falldamage",
                        "specialty_delaymine",
                        "specialty_laststandoffhand",
                        "specialty_fastmantle",
                        "specialty_quickdraw",
                        "specialty_armorpiercing",
                        "specialty_fastsprintrecovery",
                        "specialty_spygame",
                        "specialty_extendedmelee",
                        "specialty_localjammer",
                        "specialty_heartbreaker",
                        "specialty_selectivehearing"
                    ]
                },
                {
                    "name": "Awards",
                    "members": [
                        "none",
                        "headshots",
                        "multikill",
                        "avengekills",
                        "comebacks",
                        "rescues",
                        "longshots",
                        "revengekills",
                        "bulletpenkills",
                        "throwback_kill",
                        "kills",
                        "airstrike_mp_kill",
                        "helicopter_mp_kill",
                        "longestkillstreak",
                        "knifekills",
                        "kdratio",
                        "deaths",
                        "flagscaptured",
                        "flagsreturned",
                        "flagcarrierkills",
                        "flagscarried",
                        "killsasflagcarrier",
                        "pointscaptured",
                        "hp_secure",
                        "targetsdestroyed",
                        "bombsplanted",
                        "bombsdefused",
                        "killsconfirmed",
                        "killsdenied",
                        "firstblood",
                        "posthumous",
                        "assistedsuicide",
                        "buzzkill",
                        "oneshotkill",
                        "doublekill",
                        "triplekill",
                        "fourkill",
                        "fivekill",
                        "sixkill",
                        "sevenkill",
                        "eightkill",
                        "backstab",
                        "killstreak5",
                        "killstreak10",
                        "killstreak15",
                        "killstreak20",
                        "killstreak25",
                        "killstreak30",
                        "killstreak30plus",
                        "pointblank",
                        "firstplacekill",
                        "assault",
                        "defends",
                        "assists",
                        "kill_denied_retrieved",
                        "tag_collector",
                        "humiliation",
                        "regicide",
                        "gunslinger",
                        "dejavu",
                        "levelup",
                        "kill_while_capture",
                        "opening_move",
                        "ninja_defuse",
                        "last_man_defuse",
                        "elimination",
                        "last_man_standing",
                        "near_death_kill",
                        "flash_kill",
                        "multiKillOneBullet",
                        "think_fast",
                        "take_and_kill",
                        "helicopter_destroyed",
                        "assist_killstreak_destroyed",
                        "radar_mp_earned",
                        "airstrike_mp_earned",
                        "helicopter_mp_earned",
                        "totalGameScore",
                        "scorePerMinute",
                        "mostScorePerLife",
                        "killStreaksUsed",
                        "numMatchesRecorded",
                        "hqsdestroyed",
                        "hqscaptured",
                        "banked",
                        "muggings",
                        "counter_radar_mp_earned",
                        "nuke_mp_earned",
                        "emp_mp_earned",
                        "pavelow_mp_earned",
                        "chopper_gunner_mp_earned",
                        "ac130_mp_earned",
                        "predator_mp_earned",
                        "sentry_mp_earned",
                        "airdrop_mega_marker_mp_earned",
                        "harrier_airstrike_mp_earned",
                        "airdrop_marker_mp_earned",
                        "stealth_airstrike_mp_earned",
                        "nuke_mp_kill",
                        "emp_mp_kill",
                        "pavelow_mp_kill",
                        "chopper_gunner_mp_kill",
                        "ac130_mp_kill",
                        "predator_mp_kill",
                        "sentry_mp_kill",
                        "airdrop_mega_marker_mp_kill",
                        "harrier_airstrike_mp_kill",
                        "airdrop_marker_mp_kill",
                        "stealth_airstrike_mp_kill",
                        "fake1",
                        "fake2",
                        "fake3",
                        "fake4"
                    ]
                },
                {
                    "name": "CardNameplates",
                    "members": [
                        "cardnameplate_default",
                        "cardnameplate_test"
                    ]
                },
                {
                    "name": "EntitlementType",
                    "members": [
                        "xp_multiplier",
                        "challenge_xp_multiplier"
                    ]
                }
            ],
            "headerBitSize": 16,
            "headerByteSize": 2,
            "reserveSize": 0,
            "userFlagsSize": 0,
            "paddingUsed": true
        }
    ]
}