{
    "name": "mp/resetdata.ddl",
    "defs": [
        {
            "name": "mp/resetdata.ddl",
            "version": 28,
            "checksum": 2056495991,
            "flags": 0,
            "bitSize": 840,
            "byteSize": 105,
            "structs": [
                {
                    "name": "root",
                    "bitSize": 824,
                    "members": [
                        {
                            "name": "persistentWeaponsUnlocked",
                            "index": 0,
                            "bitSize": 101,
                            "limitSize": 1,
                            "offset": 672,
                            "type": 2,
                            "externalIndex": 0,
                            "rangeLimit": 1,
                            "serverDelta": 1,
                            "clientDelta": 1,
                            "arraySize": 101,
                            "enumIndex": 0,
                            "permission": 3
                        },
                        {
                            "name": "persistentPerksUnlocked",
                            "index": 1,
                            "bitSize": 35,
                            "limitSize": 1,
                            "offset": 783,
                            "type": 2,
                            "externalIndex": 0,
                            "rangeLimit": 1,
                            "serverDelta": 1,
                            "clientDelta": 1,
                            "arraySize": 35,
                            "enumIndex": 1,
                            "permission": 3
                        },
                        {
                            "name": "prestigeShopTokensEntitlement",
                            "index": 2,
                            "bitSize": 32,
                            "limitSize": 32,
                            "offset": 640,
                            "type": 3,
                            "externalIndex": 0,
                            "rangeLimit": 2147483647,
                            "serverDelta": 2147483647,
                            "clientDelta": 2147483647,
                            "arraySize": 1,
                            "enumIndex": 0,
                            "permission": 3
                        },
                        {
                            "name": "extraCustomClassesEntitlement",
                            "index": 3,
                            "bitSize": 32,
                            "limitSize": 32,
                            "offset": 0,
                            "type": 3,
                            "externalIndex": 0,
                            "rangeLimit": 2147483647,
                            "serverDelta": 2147483647,
                            "clientDelta": 2147483647,
                            "arraySize": 1,
                            "enumIndex": 0,
                            "permission": 3
                        },
                        {
                            "name": "unlockedCamo",
                            "index": 4,
                            "bitSize": 5,
                            "limitSize": 1,
                            "offset": 773,
                            "type": 2,
                            "externalIndex": 0,
                            "rangeLimit": 1,
                            "serverDelta": 1,
                            "clientDelta": 1,
                            "arraySize": 5,
                            "enumIndex": -1,
                            "permission": 3
                        },
                        {
                            "name": "unlockedReticles",
                            "index": 5,
                            "bitSize": 5,
                            "limitSize": 1,
                            "offset": 778,
                            "type": 2,
                            "externalIndex": 0,
                            "rangeLimit": 1,
                            "serverDelta": 1,
                            "clientDelta": 1,
                            "arraySize": 5,
                            "enumIndex": -1,
                            "permission": 3
                        },
                        {
                            "name": "lootOverflow",
                            "index": 6,
                            "bitSize": 64,
                            "limitSize": 32,
                            "offset": 32,
                            "type": 3,
                            "externalIndex": 0,
                            "rangeLimit": 2147483647,
                            "serverDelta": 2147483647,
                            "clientDelta": 2147483647,
                            "arraySize": 2,
                            "enumIndex": -1,
                            "permission": 3
                        },
                        {
                            "name": "xpMultiplier",
                            "index": 7,
                            "bitSize": 96,
                            "limitSize": 32,
                            "offset": 416,
                            "type": 3,
                            "externalIndex": 0,
                            "rangeLimit": 2147483647,
                            "serverDelta": 2147483647,
                            "clientDelta": 2147483647,
                            "arraySize": 3,
                            "enumIndex": -1,
                            "permission": 3
                        },
                        {
                            "name": "xpMaxMultiplierTimePlayed",
                            "index": 8,
                            "bitSize": 96,
                            "limitSize": 32,
                            "offset": 256,
                            "type": 3,
                            "externalIndex": 0,
                            "rangeLimit": 2147483647,
                            "serverDelta": 2147483647,
                            "clientDelta": 2147483647,
                            "arraySize": 3,
                            "enumIndex": -1,
                            "permission": 3
                        },
                        {
                            "name": "xpMultiplierTimePlayed",
                            "index": 9,
                            "bitSize": 96,
                            "limitSize": 32,
                            "offset": 512,
                            "type": 3,
                            "externalIndex": 0,
                            "rangeLimit": 2147483647,
                            "serverDelta": 2147483647,
                            "clientDelta": 2147483647,
                            "arraySize": 3,
                            "enumIndex": -1,
                            "permission": 3
                        },
                        {
                            "name": "challengeXPMultiplier",
                            "index": 10,
                            "bitSize": 32,
                            "limitSize": 32,
                            "offset": 224,
                            "type": 3,
                            "externalIndex": 0,
                            "rangeLimit": 2147483647,
                            "serverDelta": 2147483647,
                            "clientDelta": 2147483647,
                            "arraySize": 1,
                            "enumIndex": -1,
                            "permission": 3
                        },
                        {
                            "name": "challengeXPMaxMultiplierTimePlayed",
                            "index": 11,
                            "bitSize": 32,
                            "limitSize": 32,
                            "offset": 384,
                            "type": 3,
                            "externalIndex": 0,
                            "rangeLimit": 2147483647,
                            "serverDelta": 2147483647,
                            "clientDelta": 2147483647,
                            "arraySize": 1,
                            "enumIndex": -1,
                            "permission": 3
                        },
                        {
                            "name": "challengeXPMultiplierTimePlayed",
                            "index": 12,
                            "bitSize": 32,
                            "limitSize": 32,
                            "offset": 160,
                            "type": 3,
                            "externalIndex": 0,
                            "rangeLimit": 2147483647,
                            "serverDelta": 2147483647,
                            "clientDelta": 2147483647,
                            "arraySize": 1,
                            "enumIndex": -1,
                            "permission": 3
                        },
                        {
                            "name": "weaponXPMultiplier",
                            "index": 13,
                            "bitSize": 32,
                            "limitSize": 32,
                            "offset": 192,
                            "type": 3,
                            "externalIndex": 0,
                            "rangeLimit": 2147483647,
                            "serverDelta": 2147483647,
                            "clientDelta": 2147483647,
                            "arraySize": 1,
                            "enumIndex": -1,
                            "permission": 3
                        },
                        {
                            "name": "weaponXPMaxMultiplierTimePlayed",
                            "index": 14,
                            "bitSize": 32,
                            "limitSize": 32,
                            "offset": 96,
                            "type": 3,
                            "externalIndex": 0,
                            "rangeLimit": 2147483647,
                            "serverDelta": 2147483647,
                            "clientDelta": 2147483647,
                            "arraySize": 1,
                            "enumIndex": -1,
                            "permission": 3
                        },
                        {
                            "name": "weaponXPMultiplierTimePlayed",
                            "index": 15,
                            "bitSize": 32,
                            "limitSize": 32,
                            "offset": 352,
                            "type": 3,
                            "externalIndex": 0,
                            "rangeLimit": 2147483647,
                            "serverDelta": 2147483647,
                            "clientDelta": 2147483647,
                            "arraySize": 1,
                            "enumIndex": -1,
                            "permission": 3
                        },
                        {
                            "name": "playerXuidLow",
                            "index": 16,
                            "bitSize": 32,
                            "limitSize": 32,
                            "offset": 128,
                            "type": 3,
                            "externalIndex": 0,
                            "rangeLimit": 2147483647,
                            "serverDelta": 2147483647,
                            "clientDelta": 2147483647,
                            "arraySize": 1,
                            "enumIndex": 0,
                            "permission": 3
                        },
                        {
                            "name": "playerXuidHigh",
                            "index": 17,
                            "bitSize": 32,
                            "limitSize": 32,
                            "offset": 608,
                            "type": 3,
                            "externalIndex": 0,
                            "rangeLimit": 2147483647,
                            "serverDelta": 2147483647,
                            "clientDelta": 2147483647,
                            "arraySize": 1,
                            "enumIndex": 0,
                            "permission": 3
                        },
                        {
                            "name": "__pad",
                            "index": 18,
                            "bitSize": 6,
                            "limitSize": 6,
                            "offset": 818,
                            "type": 10,
                            "externalIndex": 0,
                            "rangeLimit": 0,
                            "serverDelta": 0,
                            "clientDelta": 0,
                            "arraySize": 1,
                            "enumIndex": 0,
                            "permission": 3
                        }
                    ]
                }
            ],
            "enums": [
                {
                    "name": "Weapon",
                    "members": [
                        "none",
                        "h1_c4",
                        "h1_claymore",
                        "h1_rpg",
                        "h1_concussiongrenade",
                        "h1_flashgrenade",
                        "h1_fraggrenade",
                        "h1_fraggrenadeshort",
                        "h1_smokegrenade",
                        "iw5_combatknife",
                        "h1_meleeshovel",
                        "iw5_carrydrone",
                        "artillery",
                        "cobra_ffar",
                        "hind_ffar",
                        "cobra_20mm",
                        "radar",
                        "airstrike",
                        "helicopter",
                        "destructible",
                        "briefcase_bomb",
                        "briefcase_bomb_defuse",
                        "h1_meleeicepick",
                        "h1_meleesickle",
                        "h1_meleehatchet",
                        "h1_meleeapr3"
                    ]
                },
                {
                    "name": "Perk",
                    "members": [
                        "specialty_null",
                        "specialty_null_gl",
                        "specialty_null_grip",
                        "specialty_null_shotgun",
                        "specialty_null_attachment",
                        "c4_mp",
                        "claymore_mp",
                        "rpg_mp",
                        "specialty_fraggrenade",
                        "specialty_specialgrenade",
                        "specialty_extraammo",
                        "specialty_detectexplosive",
                        "specialty_bulletdamage",
                        "specialty_armorvest",
                        "specialty_fastreload",
                        "specialty_rof",
                        "specialty_twoprimaries",
                        "specialty_radarimmune",
                        "specialty_explosivedamage",
                        "specialty_longersprint",
                        "specialty_bulletaccuracy",
                        "specialty_pistoldeath",
                        "specialty_grenadepulldeath",
                        "specialty_bulletpenetration",
                        "specialty_holdbreath",
                        "specialty_quieter",
                        "specialty_parabolic",
                        "specialty_ballcarrier",
                        "h1_concussiongrenade_mp",
                        "h1_flashgrenade_mp",
                        "h1_fraggrenade_mp",
                        "h1_smokegrenade_mp",
                        "h1_claymore_mp",
                        "h1_c4_mp",
                        "h1_rpg_mp",
                        "iw9_throwknife_mp",
                        "specialty_tacticalinsertion",
                        "h2_semtex_mp",
                        "specialty_scavenger",
                        "specialty_bling",
                        "specialty_secondarybling",
                        "specialty_onemanarmy",
                        "specialty_lightweight",
                        "specialty_hardline",
                        "specialty_commando",
                        "specialty_scrambler",
                        "specialty_ninja",
                        "specialty_blastshield",
                        "specialty_extraammo",
                        "specialty_omaquickchange",
                        "specialty_rollover",
                        "specialty_class_coldblooded",
                        "specialty_explosivedamage",
                        "specialty_dangerclose",
                        "specialty_falldamage",
                        "specialty_delaymine",
                        "specialty_laststandoffhand",
                        "specialty_fastmantle",
                        "specialty_quickdraw",
                        "specialty_armorpiercing",
                        "specialty_fastsprintrecovery",
                        "specialty_spygame",
                        "specialty_extendedmelee",
                        "specialty_localjammer",
                        "specialty_heartbreaker",
                        "specialty_selectivehearing"
                    ]
                }
            ],
            "headerBitSize": 16,
            "headerByteSize": 2,
            "reserveSize": 0,
            "userFlagsSize": 0,
            "paddingUsed": true
        }
    ]
}