{
    "name": "mp/videostreaming.ddl",
    "defs": [
        {
            "name": "mp/videostreaming.ddl",
            "version": 3,
            "checksum": 342869306,
            "flags": 0,
            "bitSize": 1312,
            "byteSize": 164,
            "structs": [
                {
                    "name": "root",
                    "bitSize": 1296,
                    "members": [
                        {
                            "name": "xuid",
                            "index": 0,
                            "bitSize": 168,
                            "limitSize": 0,
                            "offset": 0,
                            "type": 7,
                            "externalIndex": 0,
                            "rangeLimit": 0,
                            "serverDelta": 0,
                            "clientDelta": 0,
                            "arraySize": 1,
                            "enumIndex": 0,
                            "permission": 3
                        },
                        {
                            "name": "videoURL",
                            "index": 1,
                            "bitSize": 1024,
                            "limitSize": 0,
                            "offset": 168,
                            "type": 7,
                            "externalIndex": 0,
                            "rangeLimit": 0,
                            "serverDelta": 0,
                            "clientDelta": 0,
                            "arraySize": 1,
                            "enumIndex": 0,
                            "permission": 3
                        },
                        {
                            "name": "stopEvent",
                            "index": 0,
                            "bitSize": 8,
                            "limitSize": 0,
                            "offset": 1192,
                            "type": 9,
                            "externalIndex": 0,
                            "rangeLimit": 0,
                            "serverDelta": 0,
                            "clientDelta": 0,
                            "arraySize": 1,
                            "enumIndex": 0,
                            "permission": 3
                        },
                        {
                            "name": "stopTimeSeconds",
                            "index": 3,
                            "bitSize": 32,
                            "limitSize": 32,
                            "offset": 1200,
                            "type": 5,
                            "externalIndex": 0,
                            "rangeLimit": 0,
                            "serverDelta": 0,
                            "clientDelta": 0,
                            "arraySize": 1,
                            "enumIndex": 0,
                            "permission": 3
                        },
                        {
                            "name": "bufferingDurationSeconds",
                            "index": 4,
                            "bitSize": 32,
                            "limitSize": 32,
                            "offset": 1232,
                            "type": 5,
                            "externalIndex": 0,
                            "rangeLimit": 0,
                            "serverDelta": 0,
                            "clientDelta": 0,
                            "arraySize": 1,
                            "enumIndex": 0,
                            "permission": 3
                        },
                        {
                            "name": "downloadSpeedBitsPerSec",
                            "index": 5,
                            "bitSize": 32,
                            "limitSize": 32,
                            "offset": 1264,
                            "type": 3,
                            "externalIndex": 0,
                            "rangeLimit": 2147483647,
                            "serverDelta": 2147483647,
                            "clientDelta": 2147483647,
                            "arraySize": 1,
                            "enumIndex": 0,
                            "permission": 3
                        }
                    ]
                }
            ],
            "enums": [
                {
                    "name": "StopEventReason",
                    "members": [
                        "VIDEO_STREAMING_STOP_COMPLETED",
                        "VIDEO_STREAMING_STOP_MANUAL",
                        "VIDEO_STREAMING_STOP_LEVEL_LOAD",
                        "VIDEO_STREAMING_STOP_INIT_ERROR"
                    ]
                }
            ],
            "headerBitSize": 16,
            "headerByteSize": 2,
            "reserveSize": 0,
            "userFlagsSize": 0,
            "paddingUsed": true
        }
    ]
}